t,x,y,psi,u,v,r,tau_u_N,tau_r_Nm,F_port_kgf,F_stbd_kgf
0.000000000000000000e+00,0.000000000000000000e+00,0.000000000000000000e+00,0.000000000000000000e+00,0.000000000000000000e+00,0.000000000000000000e+00,0.000000000000000000e+00,3.569620599999999655e+01,0.000000000000000000e+00,1.820000000000000062e+00,1.820000000000000062e+00
2.000000000000000042e-02,3.537098350461782663e-04,0.000000000000000000e+00,0.000000000000000000e+00,3.521534731672588958e-02,0.000000000000000000e+00,0.000000000000000000e+00,3.569620599999999655e+01,0.000000000000000000e+00,1.820000000000000062e+00,1.820000000000000062e+00
4.000000000000000083e-02,1.402919614503492013e-03,0.000000000000000000e+00,0.000000000000000000e+00,6.957544635070499195e-02,0.000000000000000000e+00,0.000000000000000000e+00,3.569620599999999655e+01,0.000000000000000000e+00,1.820000000000000062e+00,1.820000000000000062e+00
5.999999999999999778e-02,3.131963978120399540e-03,0.000000000000000000e+00,0.000000000000000000e+00,1.032200658943769611e-01,0.000000000000000000e+00,0.000000000000000000e+00,3.569620599999999655e+01,0.000000000000000000e+00,1.820000000000000062e+00,1.820000000000000062e+00
8.000000000000000167e-02,5.527735766874174173e-03,0.000000000000000000e+00,0.000000000000000000e+00,1.362659272136043376e-01,0.000000000000000000e+00,0.000000000000000000e+00,3.569620599999999655e+01,0.000000000000000000e+00,1.820000000000000062e+00,1.820000000000000062e+00
1.000000000000000056e-01,8.579261715984502074e-03,0.000000000000000000e+00,0.000000000000000000e+00,1.688102030824664146e-01,0.000000000000000000e+00,0.000000000000000000e+00,3.569620599999999655e+01,0.000000000000000000e+00,1.820000000000000062e+00,1.820000000000000062e+00
1.199999999999999956e-01,1.227733911463982190e-02,0.000000000000000000e+00,0.000000000000000000e+00,2.009331571713854347e-01,0.000000000000000000e+00,0.000000000000000000e+00,3.569620599999999655e+01,0.000000000000000000e+00,1.820000000000000062e+00,1.820000000000000062e+00
1.400000000000000133e-01,1.661421849832030173e-02,0.000000000000000000e+00,0.000000000000000000e+00,2.327001385082035634e-01,0.000000000000000000e+00,0.000000000000000000e+00,3.569620599999999655e+01,0.000000000000000000e+00,1.820000000000000062e+00,1.820000000000000062e+00
1.600000000000000033e-01,2.158332114361447007e-02,0.000000000000000000e+00,0.000000000000000000e+00,2.641630902695666916e-01,0.000000000000000000e+00,0.000000000000000000e+00,3.569620599999999655e+01,0.000000000000000000e+00,1.820000000000000062e+00,1.820000000000000062e+00
1.799999999999999933e-01,2.717898291830230656e-02,0.000000000000000000e+00,0.000000000000000000e+00,2.953616943272303619e-01,0.000000000000000000e+00,0.000000000000000000e+00,3.569620599999999655e+01,0.000000000000000000e+00,1.820000000000000062e+00,1.820000000000000062e+00
2.000000000000000111e-01,3.339621819216906373e-02,0.000000000000000000e+00,0.000000000000000000e+00,3.263242470139461338e-01,0.000000000000000000e+00,0.000000000000000000e+00,3.569620599999999655e+01,0.000000000000000000e+00,1.820000000000000062e+00,1.820000000000000062e+00
2.200000000000000011e-01,4.023049923318779142e-02,0.000000000000000000e+00,0.000000000000000000e+00,3.570683436580635584e-01,0.000000000000000000e+00,0.000000000000000000e+00,3.569620599999999655e+01,0.000000000000000000e+00,1.820000000000000062e+00,1.820000000000000062e+00
2.399999999999999911e-01,4.767754793234937200e-02,0.000000000000000000e+00,0.000000000000000000e+00,3.876014369305882390e-01,0.000000000000000000e+00,0.000000000000000000e+00,3.569620599999999655e+01,0.000000000000000000e+00,1.820000000000000062e+00,1.820000000000000062e+00
2.600000000000000089e-01,5.573313790688161351e-02,0.000000000000000000e+00,0.000000000000000000e+00,4.179213250668918356e-01,0.000000000000000000e+00,0.000000000000000000e+00,3.569620599999999655e+01,0.000000000000000000e+00,1.820000000000000062e+00,1.820000000000000062e+00
2.800000000000000266e-01,6.439290608163091012e-02,0.000000000000000000e+00,0.000000000000000000e+00,4.480166191584348812e-01,0.000000000000000000e+00,0.000000000000000000e+00,3.569620599999999655e+01,0.000000000000000000e+00,1.820000000000000062e+00,1.820000000000000062e+00
2.999999999999999889e-01,7.365217377291513601e-02,0.000000000000000000e+00,0.000000000000000000e+00,4.778672328657973534e-01,0.000000000000000000e+00,0.000000000000000000e+00,3.569620599999999655e+01,0.000000000000000000e+00,1.820000000000000062e+00,1.820000000000000062e+00
3.200000000000000067e-01,8.350577810969524173e-02,0.000000000000000000e+00,0.000000000000000000e+00,5.074449322218833602e-01,0.000000000000000000e+00,0.000000000000000000e+00,3.569620599999999655e+01,0.000000000000000000e+00,1.820000000000000062e+00,1.820000000000000062e+00
3.400000000000000244e-01,9.394791531970936305e-02,0.000000000000000000e+00,0.000000000000000000e+00,5.367139770070398219e-01,0.000000000000000000e+00,0.000000000000000000e+00,3.569620599999999655e+01,0.000000000000000000e+00,1.820000000000000062e+00,1.820000000000000062e+00
3.599999999999999867e-01,1.049719979681052878e-01,0.000000000000000000e+00,0.000000000000000000e+00,5.656318780126652346e-01,0.000000000000000000e+00,0.000000000000000000e+00,3.569620599999999655e+01,0.000000000000000000e+00,1.820000000000000062e+00,1.820000000000000062e+00
3.800000000000000044e-01,1.165705286405454427e-01,0.000000000000000000e+00,0.000000000000000000e+00,5.941502861051234374e-01,0.000000000000000000e+00,0.000000000000000000e+00,3.569620599999999655e+01,0.000000000000000000e+00,1.820000000000000062e+00,1.820000000000000062e+00
4.000000000000000222e-01,1.287349927862961596e-01,0.000000000000000000e+00,0.000000000000000000e+00,6.222160193337336054e-01,0.000000000000000000e+00,0.000000000000000000e+00,3.569620599999999655e+01,0.000000000000000000e+00,1.820000000000000062e+00,1.820000000000000062e+00
4.199999999999999845e-01,1.414557734560883406e-01,0.000000000000000000e+00,0.000000000000000000e+00,6.497722236291245679e-01,0.000000000000000000e+00,0.000000000000000000e+00,3.569620599999999655e+01,0.000000000000000000e+00,1.820000000000000062e+00,1.820000000000000062e+00
4.400000000000000022e-01,1.547220904684598053e-01,0.000000000000000000e+00,0.000000000000000000e+00,6.767596514026126275e-01,0.000000000000000000e+00,0.000000000000000000e+00,3.569620599999999655e+01,0.000000000000000000e+00,1.820000000000000062e+00,1.820000000000000062e+00
4.600000000000000200e-01,1.685219661129458424e-01,0.000000000000000000e+00,0.000000000000000000e+00,7.031180313013715155e-01,0.000000000000000000e+00,0.000000000000000000e+00,3.569620599999999655e+01,0.000000000000000000e+00,1.820000000000000062e+00,1.820000000000000062e+00
4.799999999999999822e-01,1.828422188610492050e-01,0.000000000000000000e+00,0.000000000000000000e+00,7.287874923748316469e-01,0.000000000000000000e+00,0.000000000000000000e+00,3.569620599999999655e+01,0.000000000000000000e+00,1.820000000000000062e+00,1.820000000000000062e+00
5.000000000000000000e-01,1.976684857368614934e-01,0.000000000000000000e+00,0.000000000000000000e+00,7.537099978978255566e-01,0.000000000000000000e+00,0.000000000000000000e+00,3.569620599999999655e+01,0.000000000000000000e+00,1.820000000000000062e+00,1.820000000000000062e+00
5.200000000000000178e-01,2.129852730471566424e-01,0.000000000000000000e+00,0.000000000000000000e+00,7.778307389365674007e-01,0.000000000000000000e+00,0.000000000000000000e+00,3.569620599999999655e+01,0.000000000000000000e+00,1.820000000000000062e+00,1.820000000000000062e+00
5.400000000000000355e-01,2.287760341497447891e-01,0.000000000000000000e+00,0.000000000000000000e+00,8.010994360899370559e-01,0.000000000000000000e+00,0.000000000000000000e+00,3.569620599999999655e+01,0.000000000000000000e+00,1.820000000000000062e+00,1.820000000000000062e+00
5.600000000000000533e-01,2.450232719229214484e-01,0.000000000000000000e+00,0.000000000000000000e+00,8.234715000239080096e-01,0.000000000000000000e+00,0.000000000000000000e+00,3.569620599999999655e+01,0.000000000000000000e+00,1.820000000000000062e+00,1.820000000000000062e+00
5.799999999999999600e-01,2.617086626648055248e-01,0.000000000000000000e+00,0.000000000000000000e+00,8.449090073772715925e-01,0.000000000000000000e+00,0.000000000000000000e+00,3.569620599999999655e+01,0.000000000000000000e+00,1.820000000000000062e+00,1.820000000000000062e+00
5.999999999999999778e-01,2.788131973706196587e-01,0.000000000000000000e+00,0.000000000000000000e+00,8.653814578748092456e-01,0.000000000000000000e+00,0.000000000000000000e+00,3.569620599999999655e+01,0.000000000000000000e+00,1.820000000000000062e+00,1.820000000000000062e+00
6.199999999999999956e-01,2.963173357666027408e-01,0.000000000000000000e+00,0.000000000000000000e+00,8.848662901987649487e-01,0.000000000000000000e+00,0.000000000000000000e+00,3.569620599999999655e+01,0.000000000000000000e+00,1.820000000000000062e+00,1.820000000000000062e+00
6.400000000000000133e-01,3.142011681597345341e-01,0.000000000000000000e+00,0.000000000000000000e+00,9.033491472441692594e-01,0.000000000000000000e+00,0.000000000000000000e+00,3.569620599999999655e+01,0.000000000000000000e+00,1.820000000000000062e+00,1.820000000000000062e+00
6.600000000000000311e-01,3.324445801079896623e-01,0.000000000000000000e+00,0.000000000000000000e+00,9.208238946127734748e-01,0.000000000000000000e+00,0.000000000000000000e+00,3.569620599999999655e+01,0.000000000000000000e+00,1.820000000000000062e+00,1.820000000000000062e+00
6.800000000000000488e-01,3.510274151177478763e-01,0.000000000000000000e+00,0.000000000000000000e+00,9.372924084283464907e-01,0.000000000000000000e+00,0.000000000000000000e+00,3.569620599999999655e+01,0.000000000000000000e+00,1.820000000000000062e+00,1.820000000000000062e+00
7.000000000000000666e-01,3.699296310031864321e-01,0.000000000000000000e+00,0.000000000000000000e+00,9.527641588185077337e-01,0.000000000000000000e+00,0.000000000000000000e+00,3.569620599999999655e+01,0.000000000000000000e+00,1.820000000000000062e+00,1.820000000000000062e+00
7.199999999999999734e-01,3.891314461503964650e-01,0.000000000000000000e+00,0.000000000000000000e+00,9.672556230335258576e-01,0.000000000000000000e+00,0.000000000000000000e+00,3.569620599999999655e+01,0.000000000000000000e+00,1.820000000000000062e+00,1.820000000000000062e+00
7.399999999999999911e-01,4.086134726599753852e-01,0.000000000000000000e+00,0.000000000000000000e+00,9.807895668300530279e-01,0.000000000000000000e+00,0.000000000000000000e+00,3.569620599999999655e+01,0.000000000000000000e+00,1.820000000000000062e+00,1.820000000000000062e+00
7.600000000000000089e-01,4.283568341361143061e-01,0.000000000000000000e+00,0.000000000000000000e+00,9.933942344419903758e-01,0.000000000000000000e+00,0.000000000000000000e+00,3.569620599999999655e+01,0.000000000000000000e+00,1.820000000000000062e+00,1.820000000000000062e+00
7.800000000000000266e-01,4.483432666909263897e-01,0.000000000000000000e+00,0.000000000000000000e+00,1.005102486479634960e+00,0.000000000000000000e+00,0.000000000000000000e+00,3.569620599999999655e+01,0.000000000000000000e+00,1.820000000000000062e+00,1.820000000000000062e+00
8.000000000000000444e-01,4.685552024910917268e-01,0.000000000000000000e+00,0.000000000000000000e+00,1.015950921933135742e+00,0.000000000000000000e+00,0.000000000000000000e+00,3.569620599999999655e+01,0.000000000000000000e+00,1.820000000000000062e+00,1.820000000000000062e+00
8.200000000000000622e-01,4.889758358520622794e-01,0.000000000000000000e+00,0.000000000000000000e+00,1.025979015709549413e+00,0.000000000000000000e+00,0.000000000000000000e+00,3.569620599999999655e+01,0.000000000000000000e+00,1.820000000000000062e+00,1.820000000000000062e+00
8.399999999999999689e-01,5.095891724577307214e-01,0.000000000000000000e+00,0.000000000000000000e+00,1.035228297431272093e+00,0.000000000000000000e+00,0.000000000000000000e+00,3.569620599999999655e+01,0.000000000000000000e+00,1.820000000000000062e+00,1.820000000000000062e+00
8.599999999999999867e-01,5.303800627374594123e-01,0.000000000000000000e+00,0.000000000000000000e+00,1.043741591147915315e+00,0.000000000000000000e+00,0.000000000000000000e+00,3.569620599999999655e+01,0.000000000000000000e+00,1.820000000000000062e+00,1.820000000000000062e+00
8.800000000000000044e-01,5.513342207652454086e-01,0.000000000000000000e+00,0.000000000000000000e+00,1.051562329649923688e+00,0.000000000000000000e+00,0.000000000000000000e+00,3.569620599999999655e+01,0.000000000000000000e+00,1.820000000000000062e+00,1.820000000000000062e+00
9.000000000000000222e-01,5.724382302636827902e-01,0.000000000000000000e+00,0.000000000000000000e+00,1.058733951586983135e+00,0.000000000000000000e+00,0.000000000000000000e+00,3.569620599999999655e+01,0.000000000000000000e+00,1.820000000000000062e+00,1.820000000000000062e+00
9.200000000000000400e-01,5.936795394104614765e-01,0.000000000000000000e+00,0.000000000000000000e+00,1.065299384829620832e+00,0.000000000000000000e+00,0.000000000000000000e+00,3.569620599999999655e+01,0.000000000000000000e+00,1.820000000000000062e+00,1.820000000000000062e+00
9.400000000000000577e-01,6.150464461732866317e-01,0.000000000000000000e+00,0.000000000000000000e+00,1.071300615596062267e+00,0.000000000000000000e+00,0.000000000000000000e+00,3.569620599999999655e+01,0.000000000000000000e+00,1.820000000000000062e+00,1.820000000000000062e+00
9.599999999999999645e-01,6.365280758577358533e-01,0.000000000000000000e+00,0.000000000000000000e+00,1.076778339831105047e+00,0.000000000000000000e+00,0.000000000000000000e+00,3.569620599999999655e+01,0.000000000000000000e+00,1.820000000000000062e+00,1.820000000000000062e+00
9.799999999999999822e-01,6.581143524590369331e-01,0.000000000000000000e+00,0.000000000000000000e+00,1.081771691130757995e+00,0.000000000000000000e+00,0.000000000000000000e+00,3.569620599999999655e+01,0.000000000000000000e+00,1.820000000000000062e+00,1.820000000000000062e+00
1.000000000000000000e+00,6.797959652790788176e-01,0.000000000000000000e+00,0.000000000000000000e+00,1.086318038069045144e+00,0.000000000000000000e+00,0.000000000000000000e+00,3.569620599999999655e+01,0.000000000000000000e+00,1.820000000000000062e+00,1.820000000000000062e+00
1.020000000000000018e+00,7.015643321181748160e-01,0.000000000000000000e+00,0.000000000000000000e+00,1.090452842988128834e+00,0.000000000000000000e+00,0.000000000000000000e+00,3.569620599999999655e+01,0.000000000000000000e+00,1.820000000000000062e+00,1.820000000000000062e+00
1.040000000000000036e+00,7.234115601887918245e-01,0.000000000000000000e+00,0.000000000000000000e+00,1.094209574036118182e+00,0.000000000000000000e+00,0.000000000000000000e+00,3.569620599999999655e+01,0.000000000000000000e+00,1.820000000000000062e+00,1.820000000000000062e+00
1.060000000000000053e+00,7.453304057347810430e-01,0.000000000000000000e+00,0.000000000000000000e+00,1.097619662357323111e+00,0.000000000000000000e+00,0.000000000000000000e+00,3.569620599999999655e+01,0.000000000000000000e+00,1.820000000000000062e+00,1.820000000000000062e+00
1.080000000000000071e+00,7.673142331814173378e-01,0.000000000000000000e+00,0.000000000000000000e+00,1.100712496746497182e+00,0.000000000000000000e+00,0.000000000000000000e+00,3.569620599999999655e+01,0.000000000000000000e+00,1.820000000000000062e+00,1.820000000000000062e+00
1.100000000000000089e+00,7.893569744935097221e-01,0.000000000000000000e+00,0.000000000000000000e+00,1.103515448676155586e+00,0.000000000000000000e+00,0.000000000000000000e+00,3.569620599999999655e+01,0.000000000000000000e+00,1.820000000000000062e+00,1.820000000000000062e+00
1.120000000000000107e+00,8.114530892839935117e-01,0.000000000000000000e+00,0.000000000000000000e+00,1.106053921315664379e+00,0.000000000000000000e+00,0.000000000000000000e+00,3.569620599999999655e+01,0.000000000000000000e+00,1.820000000000000062e+00,1.820000000000000062e+00
1.140000000000000124e+00,8.335975260953450983e-01,0.000000000000000000e+00,0.000000000000000000e+00,1.108351416920677623e+00,0.000000000000000000e+00,0.000000000000000000e+00,3.569620599999999655e+01,0.000000000000000000e+00,1.820000000000000062e+00,1.820000000000000062e+00
1.159999999999999920e+00,8.557856851713931956e-01,0.000000000000000000e+00,0.000000000000000000e+00,1.110429617735319674e+00,0.000000000000000000e+00,0.000000000000000000e+00,3.569620599999999655e+01,0.000000000000000000e+00,1.820000000000000062e+00,1.820000000000000062e+00
1.179999999999999938e+00,8.780133829473675267e-01,0.000000000000000000e+00,0.000000000000000000e+00,1.112308476284443293e+00,0.000000000000000000e+00,0.000000000000000000e+00,3.569620599999999655e+01,0.000000000000000000e+00,1.820000000000000062e+00,1.820000000000000062e+00
1.199999999999999956e+00,9.002768184105117699e-01,0.000000000000000000e+00,0.000000000000000000e+00,1.114006311617613099e+00,0.000000000000000000e+00,0.000000000000000000e+00,3.569620599999999655e+01,0.000000000000000000e+00,1.820000000000000062e+00,1.820000000000000062e+00
1.219999999999999973e+00,9.225725414211418673e-01,0.000000000000000000e+00,0.000000000000000000e+00,1.115539908687333215e+00,0.000000000000000000e+00,0.000000000000000000e+00,3.569620599999999655e+01,0.000000000000000000e+00,1.820000000000000062e+00,1.820000000000000062e+00
1.239999999999999991e+00,9.448974230333132551e-01,0.000000000000000000e+00,0.000000000000000000e+00,1.116924618595358520e+00,0.000000000000000000e+00,0.000000000000000000e+00,3.569620599999999655e+01,0.000000000000000000e+00,1.820000000000000062e+00,1.820000000000000062e+00
1.260000000000000009e+00,9.672486278138576754e-01,0.000000000000000000e+00,0.000000000000000000e+00,1.118174457921517373e+00,0.000000000000000000e+00,0.000000000000000000e+00,3.569620599999999655e+01,0.000000000000000000e+00,1.820000000000000062e+00,1.820000000000000062e+00
1.280000000000000027e+00,9.896235881270742940e-01,0.000000000000000000e+00,0.000000000000000000e+00,1.119302205761600222e+00,0.000000000000000000e+00,0.000000000000000000e+00,3.569620599999999655e+01,0.000000000000000000e+00,1.820000000000000062e+00,1.820000000000000062e+00
1.300000000000000044e+00,1.012019980328470847e+00,0.000000000000000000e+00,0.000000000000000000e+00,1.120319497448976964e+00,0.000000000000000000e+00,0.000000000000000000e+00,3.569620599999999655e+01,0.000000000000000000e+00,1.820000000000000062e+00,1.820000000000000062e+00
1.320000000000000062e+00,1.034435702793437217e+00,0.000000000000000000e+00,0.000000000000000000e+00,1.121236914224478687e+00,0.000000000000000000e+00,0.000000000000000000e+00,3.569620599999999655e+01,0.000000000000000000e+00,1.820000000000000062e+00,1.820000000000000062e+00
1.340000000000000080e+00,1.056868855694483411e+00,0.000000000000000000e+00,0.000000000000000000e+00,1.122064068357065070e+00,0.000000000000000000e+00,0.000000000000000000e+00,3.569620599999999655e+01,0.000000000000000000e+00,1.820000000000000062e+00,1.820000000000000062e+00
1.360000000000000098e+00,1.079317722432722171e+00,0.000000000000000000e+00,0.000000000000000000e+00,1.122809683410413761e+00,0.000000000000000000e+00,0.000000000000000000e+00,3.569620599999999655e+01,0.000000000000000000e+00,1.820000000000000062e+00,1.820000000000000062e+00
1.380000000000000115e+00,1.101780752624774262e+00,0.000000000000000000e+00,0.000000000000000000e+00,1.123481669504073688e+00,0.000000000000000000e+00,0.000000000000000000e+00,3.569620599999999655e+01,0.000000000000000000e+00,1.820000000000000062e+00,1.820000000000000062e+00
1.400000000000000133e+00,1.124256546544500690e+00,0.000000000000000000e+00,0.000000000000000000e+00,1.124087193538122253e+00,0.000000000000000000e+00,0.000000000000000000e+00,3.569620599999999655e+01,0.000000000000000000e+00,1.820000000000000062e+00,1.820000000000000062e+00
1.419999999999999929e+00,1.146743840919310919e+00,0.000000000000000000e+00,0.000000000000000000e+00,1.124632744442671806e+00,0.000000000000000000e+00,0.000000000000000000e+00,3.569620599999999655e+01,0.000000000000000000e+00,1.820000000000000062e+00,1.820000000000000062e+00
1.439999999999999947e+00,1.169241495982753287e+00,0.000000000000000000e+00,0.000000000000000000e+00,1.125124193582858645e+00,0.000000000000000000e+00,0.000000000000000000e+00,3.569620599999999655e+01,0.000000000000000000e+00,1.820000000000000062e+00,1.820000000000000062e+00
1.459999999999999964e+00,1.191748483688234383e+00,0.000000000000000000e+00,0.000000000000000000e+00,1.125566850500267835e+00,0.000000000000000000e+00,0.000000000000000000e+00,3.569620599999999655e+01,0.000000000000000000e+00,1.820000000000000062e+00,1.820000000000000062e+00
1.479999999999999982e+00,1.214263876992708990e+00,0.000000000000000000e+00,0.000000000000000000e+00,1.125965514206697327e+00,0.000000000000000000e+00,0.000000000000000000e+00,3.569620599999999655e+01,0.000000000000000000e+00,1.820000000000000062e+00,1.820000000000000062e+00
1.500000000000000000e+00,1.236786840123744069e+00,0.000000000000000000e+00,0.000000000000000000e+00,1.126324520268798590e+00,0.000000000000000000e+00,0.000000000000000000e+00,3.569620599999999655e+01,0.000000000000000000e+00,1.820000000000000062e+00,1.820000000000000062e+00
1.520000000000000018e+00,1.259316619748272359e+00,0.000000000000000000e+00,0.000000000000000000e+00,1.126647783935025959e+00,0.000000000000000000e+00,0.000000000000000000e+00,3.569620599999999655e+01,0.000000000000000000e+00,1.820000000000000062e+00,1.820000000000000062e+00
1.540000000000000036e+00,1.281852536966446854e+00,0.000000000000000000e+00,0.000000000000000000e+00,1.126938839561632433e+00,0.000000000000000000e+00,0.000000000000000000e+00,3.569620599999999655e+01,0.000000000000000000e+00,1.820000000000000062e+00,1.820000000000000062e+00
1.560000000000000053e+00,1.304393980059144642e+00,0.000000000000000000e+00,0.000000000000000000e+00,1.127200876593939638e+00,0.000000000000000000e+00,0.000000000000000000e+00,3.569620599999999655e+01,0.000000000000000000e+00,1.820000000000000062e+00,1.820000000000000062e+00
1.580000000000000071e+00,1.326940397922747206e+00,0.000000000000000000e+00,0.000000000000000000e+00,1.127436772354228456e+00,0.000000000000000000e+00,0.000000000000000000e+00,3.569620599999999655e+01,0.000000000000000000e+00,1.820000000000000062e+00,1.820000000000000062e+00
1.600000000000000089e+00,1.349491294129781860e+00,0.000000000000000000e+00,0.000000000000000000e+00,1.127649121879534144e+00,0.000000000000000000e+00,0.000000000000000000e+00,3.569620599999999655e+01,0.000000000000000000e+00,1.820000000000000062e+00,1.820000000000000062e+00
1.620000000000000107e+00,1.372046221558768098e+00,0.000000000000000000e+00,0.000000000000000000e+00,1.127840265042315382e+00,0.000000000000000000e+00,0.000000000000000000e+00,3.569620599999999655e+01,0.000000000000000000e+00,1.820000000000000062e+00,1.820000000000000062e+00
1.640000000000000124e+00,1.394604777541159191e+00,0.000000000000000000e+00,0.000000000000000000e+00,1.128012311175164761e+00,0.000000000000000000e+00,0.000000000000000000e+00,3.569620599999999655e+01,0.000000000000000000e+00,1.820000000000000062e+00,1.820000000000000062e+00
1.660000000000000142e+00,1.417166599477565958e+00,0.000000000000000000e+00,0.000000000000000000e+00,1.128167161408013541e+00,0.000000000000000000e+00,0.000000000000000000e+00,3.569620599999999655e+01,0.000000000000000000e+00,1.820000000000000062e+00,1.820000000000000062e+00
1.679999999999999938e+00,1.439731360879489275e+00,0.000000000000000000e+00,0.000000000000000000e+00,1.128306528913133544e+00,0.000000000000000000e+00,0.000000000000000000e+00,3.569620599999999655e+01,0.000000000000000000e+00,1.820000000000000062e+00,1.820000000000000062e+00
1.699999999999999956e+00,1.462298767796555987e+00,0.000000000000000000e+00,0.000000000000000000e+00,1.128431957239983241e+00,0.000000000000000000e+00,0.000000000000000000e+00,3.569620599999999655e+01,0.000000000000000000e+00,1.820000000000000062e+00,1.820000000000000062e+00
1.719999999999999973e+00,1.484868555592771200e+00,0.000000000000000000e+00,0.000000000000000000e+00,1.128544836908864424e+00,0.000000000000000000e+00,0.000000000000000000e+00,3.569620599999999655e+01,0.000000000000000000e+00,1.820000000000000062e+00,1.820000000000000062e+00
1.739999999999999991e+00,1.507440486038542193e+00,0.000000000000000000e+00,0.000000000000000000e+00,1.128646420419624929e+00,0.000000000000000000e+00,0.000000000000000000e+00,3.569620599999999655e+01,0.000000000000000000e+00,1.820000000000000062e+00,1.820000000000000062e+00
1.760000000000000009e+00,1.530014344688237937e+00,0.000000000000000000e+00,0.000000000000000000e+00,1.128737835819421997e+00,0.000000000000000000e+00,0.000000000000000000e+00,3.569620599999999655e+01,0.000000000000000000e+00,1.820000000000000062e+00,1.820000000000000062e+00
1.780000000000000027e+00,1.552589938515805290e+00,0.000000000000000000e+00,0.000000000000000000e+00,1.128820098961911045e+00,0.000000000000000000e+00,0.000000000000000000e+00,3.569620599999999655e+01,0.000000000000000000e+00,1.820000000000000062e+00,1.820000000000000062e+00
1.800000000000000044e+00,1.575167093783504502e+00,0.000000000000000000e+00,0.000000000000000000e+00,1.128894124579238323e+00,0.000000000000000000e+00,0.000000000000000000e+00,3.569620599999999655e+01,0.000000000000000000e+00,1.820000000000000062e+00,1.820000000000000062e+00
1.820000000000000062e+00,1.597745654121145664e+00,0.000000000000000000e+00,0.000000000000000000e+00,1.128960736277893506e+00,0.000000000000000000e+00,0.000000000000000000e+00,3.569620599999999655e+01,0.000000000000000000e+00,1.820000000000000062e+00,1.820000000000000062e+00
1.840000000000000080e+00,1.620325478795333618e+00,0.000000000000000000e+00,0.000000000000000000e+00,1.129020675559850195e+00,0.000000000000000000e+00,0.000000000000000000e+00,3.569620599999999655e+01,0.000000000000000000e+00,1.820000000000000062e+00,1.820000000000000062e+00
1.860000000000000098e+00,1.642906441150165708e+00,0.000000000000000000e+00,0.000000000000000000e+00,1.129074609961479903e+00,0.000000000000000000e+00,0.000000000000000000e+00,3.569620599999999655e+01,0.000000000000000000e+00,1.820000000000000062e+00,1.820000000000000062e+00
1.880000000000000115e+00,1.665488427202594712e+00,0.000000000000000000e+00,0.000000000000000000e+00,1.129123140394439062e+00,0.000000000000000000e+00,0.000000000000000000e+00,3.569620599999999655e+01,0.000000000000000000e+00,1.820000000000000062e+00,1.820000000000000062e+00
1.900000000000000133e+00,1.688071334377272192e+00,0.000000000000000000e+00,0.000000000000000000e+00,1.129166807765099367e+00,0.000000000000000000e+00,0.000000000000000000e+00,3.569620599999999655e+01,0.000000000000000000e+00,1.820000000000000062e+00,1.820000000000000062e+00
1.919999999999999929e+00,1.710655070367151476e+00,0.000000000000000000e+00,0.000000000000000000e+00,1.129206098942065362e+00,0.000000000000000000e+00,0.000000000000000000e+00,3.569620599999999655e+01,0.000000000000000000e+00,1.820000000000000062e+00,1.820000000000000062e+00
1.939999999999999947e+00,1.733239552107452175e+00,0.000000000000000000e+00,0.000000000000000000e+00,1.129241452134882584e+00,0.000000000000000000e+00,0.000000000000000000e+00,3.569620599999999655e+01,0.000000000000000000e+00,1.820000000000000062e+00,1.820000000000000062e+00
1.959999999999999964e+00,1.755824704851792539e+00,0.000000000000000000e+00,0.000000000000000000e+00,1.129273261741142287e+00,0.000000000000000000e+00,0.000000000000000000e+00,3.569620599999999655e+01,0.000000000000000000e+00,1.820000000000000062e+00,1.820000000000000062e+00
1.979999999999999982e+00,1.778410461340383275e+00,0.000000000000000000e+00,0.000000000000000000e+00,1.129301882713804384e+00,0.000000000000000000e+00,0.000000000000000000e+00,3.569620599999999655e+01,0.000000000000000000e+00,1.820000000000000062e+00,1.820000000000000062e+00
2.000000000000000000e+00,1.800996761051165240e+00,0.000000000000000000e+00,0.000000000000000000e+00,1.129327634495643107e+00,0.000000000000000000e+00,0.000000000000000000e+00,3.569620599999999655e+01,0.000000000000000000e+00,1.820000000000000062e+00,1.820000000000000062e+00
2.020000000000000018e+00,1.823583549525664482e+00,0.000000000000000000e+00,0.000000000000000000e+00,1.129350804563250987e+00,0.000000000000000000e+00,0.000000000000000000e+00,3.569620599999999655e+01,0.000000000000000000e+00,1.820000000000000062e+00,1.820000000000000062e+00
2.040000000000000036e+00,1.846170777762144333e+00,0.000000000000000000e+00,0.000000000000000000e+00,1.129371651618962469e+00,0.000000000000000000e+00,0.000000000000000000e+00,3.569620599999999655e+01,0.000000000000000000e+00,1.820000000000000062e+00,1.820000000000000062e+00
2.060000000000000053e+00,1.868758401669369018e+00,0.000000000000000000e+00,0.000000000000000000e+00,1.129390408465367646e+00,0.000000000000000000e+00,0.000000000000000000e+00,3.569620599999999655e+01,0.000000000000000000e+00,1.820000000000000062e+00,1.820000000000000062e+00
2.080000000000000071e+00,1.891346381574945168e+00,0.000000000000000000e+00,0.000000000000000000e+00,1.129407284593727301e+00,0.000000000000000000e+00,0.000000000000000000e+00,3.569620599999999655e+01,0.000000000000000000e+00,1.820000000000000062e+00,1.820000000000000062e+00
2.100000000000000089e+00,1.913934681782809344e+00,0.000000000000000000e+00,0.000000000000000000e+00,1.129422468514563516e+00,0.000000000000000000e+00,0.000000000000000000e+00,3.569620599999999655e+01,0.000000000000000000e+00,1.820000000000000062e+00,1.820000000000000062e+00
2.120000000000000107e+00,1.936523270174963951e+00,0.000000000000000000e+00,0.000000000000000000e+00,1.129436129855940774e+00,0.000000000000000000e+00,0.000000000000000000e+00,3.569620599999999655e+01,0.000000000000000000e+00,1.820000000000000062e+00,1.820000000000000062e+00
2.140000000000000124e+00,1.959112117853049284e+00,0.000000000000000000e+00,0.000000000000000000e+00,1.129448421252463142e+00,0.000000000000000000e+00,0.000000000000000000e+00,3.569620599999999655e+01,0.000000000000000000e+00,1.820000000000000062e+00,1.820000000000000062e+00
2.160000000000000142e+00,1.981701198815777332e+00,0.000000000000000000e+00,0.000000000000000000e+00,1.129459480045752473e+00,0.000000000000000000e+00,0.000000000000000000e+00,3.569620599999999655e+01,0.000000000000000000e+00,1.820000000000000062e+00,1.820000000000000062e+00
2.180000000000000160e+00,2.004290489668647979e+00,0.000000000000000000e+00,0.000000000000000000e+00,1.129469429815134873e+00,0.000000000000000000e+00,0.000000000000000000e+00,3.569620599999999655e+01,0.000000000000000000e+00,1.820000000000000062e+00,1.820000000000000062e+00
2.200000000000000178e+00,2.026879969362722633e+00,0.000000000000000000e+00,0.000000000000000000e+00,1.129478381755418592e+00,0.000000000000000000e+00,0.000000000000000000e+00,3.569620599999999655e+01,0.000000000000000000e+00,1.820000000000000062e+00,1.820000000000000062e+00
2.220000000000000195e+00,2.049469618959552708e+00,0.000000000000000000e+00,0.000000000000000000e+00,1.129486435916982279e+00,0.000000000000000000e+00,0.000000000000000000e+00,3.569620599999999655e+01,0.000000000000000000e+00,1.820000000000000062e+00,1.820000000000000062e+00
2.240000000000000213e+00,2.072059421419647940e+00,0.000000000000000000e+00,0.000000000000000000e+00,1.129493682321885295e+00,0.000000000000000000e+00,0.000000000000000000e+00,3.569620599999999655e+01,0.000000000000000000e+00,1.820000000000000062e+00,1.820000000000000062e+00
2.260000000000000231e+00,2.094649361412132205e+00,0.000000000000000000e+00,0.000000000000000000e+00,1.129500201968359097e+00,0.000000000000000000e+00,0.000000000000000000e+00,3.569620599999999655e+01,0.000000000000000000e+00,1.820000000000000062e+00,1.820000000000000062e+00
2.280000000000000249e+00,2.117239425143465414e+00,0.000000000000000000e+00,0.000000000000000000e+00,1.129506067734812325e+00,0.000000000000000000e+00,0.000000000000000000e+00,3.569620599999999655e+01,0.000000000000000000e+00,1.820000000000000062e+00,1.820000000000000062e+00
2.300000000000000266e+00,2.139829600203325910e+00,0.000000000000000000e+00,0.000000000000000000e+00,1.129511345193375815e+00,0.000000000000000000e+00,0.000000000000000000e+00,3.569620599999999655e+01,0.000000000000000000e+00,1.820000000000000062e+00,1.820000000000000062e+00
2.319999999999999840e+00,2.162419875425935167e+00,0.000000000000000000e+00,0.000000000000000000e+00,1.129516093342021410e+00,0.000000000000000000e+00,0.000000000000000000e+00,3.569620599999999655e+01,0.000000000000000000e+00,1.820000000000000062e+00,1.820000000000000062e+00
2.339999999999999858e+00,2.185010240765278056e+00,0.000000000000000000e+00,0.000000000000000000e+00,1.129520365263387616e+00,0.000000000000000000e+00,0.000000000000000000e+00,3.569620599999999655e+01,0.000000000000000000e+00,1.820000000000000062e+00,1.820000000000000062e+00
2.359999999999999876e+00,2.207600687182829979e+00,0.000000000000000000e+00,0.000000000000000000e+00,1.129524208717635814e+00,0.000000000000000000e+00,0.000000000000000000e+00,3.569620599999999655e+01,0.000000000000000000e+00,1.820000000000000062e+00,1.820000000000000062e+00
2.379999999999999893e+00,2.230191206546535909e+00,0.000000000000000000e+00,0.000000000000000000e+00,1.129527666675934405e+00,0.000000000000000000e+00,0.000000000000000000e+00,3.569620599999999655e+01,0.000000000000000000e+00,1.820000000000000062e+00,1.820000000000000062e+00
2.399999999999999911e+00,2.252781791539914646e+00,0.000000000000000000e+00,0.000000000000000000e+00,1.129530777800504815e+00,0.000000000000000000e+00,0.000000000000000000e+00,3.569620599999999655e+01,0.000000000000000000e+00,1.820000000000000062e+00,1.820000000000000062e+00
2.419999999999999929e+00,2.275372435580277131e+00,0.000000000000000000e+00,0.000000000000000000e+00,1.129533576876578849e+00,0.000000000000000000e+00,0.000000000000000000e+00,3.569620599999999655e+01,0.000000000000000000e+00,1.820000000000000062e+00,1.820000000000000062e+00
2.439999999999999947e+00,2.297963132745139969e+00,0.000000000000000000e+00,0.000000000000000000e+00,1.129536095201076451e+00,0.000000000000000000e+00,0.000000000000000000e+00,3.569620599999999655e+01,0.000000000000000000e+00,1.820000000000000062e+00,1.820000000000000062e+00
2.459999999999999964e+00,2.320553877706020174e+00,0.000000000000000000e+00,0.000000000000000000e+00,1.129538360932337282e+00,0.000000000000000000e+00,0.000000000000000000e+00,3.569620599999999655e+01,0.000000000000000000e+00,1.820000000000000062e+00,1.820000000000000062e+00
2.479999999999999982e+00,2.343144665668864146e+00,0.000000000000000000e+00,0.000000000000000000e+00,1.129540399404804329e+00,0.000000000000000000e+00,0.000000000000000000e+00,3.569620599999999655e+01,0.000000000000000000e+00,1.820000000000000062e+00,1.820000000000000062e+00
2.500000000000000000e+00,2.365735492320451439e+00,0.000000000000000000e+00,0.000000000000000000e+00,1.129542233412168306e+00,0.000000000000000000e+00,0.000000000000000000e+00,3.569620599999999655e+01,0.000000000000000000e+00,1.820000000000000062e+00,1.820000000000000062e+00
2.520000000000000018e+00,2.388326353780173328e+00,0.000000000000000000e+00,0.000000000000000000e+00,1.129543883462133413e+00,0.000000000000000000e+00,0.000000000000000000e+00,3.569620599999999655e+01,0.000000000000000000e+00,1.820000000000000062e+00,1.820000000000000062e+00
2.540000000000000036e+00,2.410917246556644855e+00,0.000000000000000000e+00,0.000000000000000000e+00,1.129545368005643757e+00,0.000000000000000000e+00,0.000000000000000000e+00,3.569620599999999655e+01,0.000000000000000000e+00,1.820000000000000062e+00,1.820000000000000062e+00
2.560000000000000053e+00,2.433508167508668052e+00,0.000000000000000000e+00,0.000000000000000000e+00,1.129546703643132588e+00,0.000000000000000000e+00,0.000000000000000000e+00,3.569620599999999655e+01,0.000000000000000000e+00,1.820000000000000062e+00,1.820000000000000062e+00
2.580000000000000071e+00,2.456099113810111145e+00,0.000000000000000000e+00,0.000000000000000000e+00,1.129547905310093192e+00,0.000000000000000000e+00,0.000000000000000000e+00,3.569620599999999655e+01,0.000000000000000000e+00,1.820000000000000062e+00,1.820000000000000062e+00
2.600000000000000089e+00,2.478690082918308057e+00,0.000000000000000000e+00,0.000000000000000000e+00,1.129548986444045555e+00,0.000000000000000000e+00,0.000000000000000000e+00,3.569620599999999655e+01,0.000000000000000000e+00,1.820000000000000062e+00,1.820000000000000062e+00
2.620000000000000107e+00,2.501281072545628703e+00,0.000000000000000000e+00,0.000000000000000000e+00,1.129549959134762638e+00,0.000000000000000000e+00,0.000000000000000000e+00,3.569620599999999655e+01,0.000000000000000000e+00,1.820000000000000062e+00,1.820000000000000062e+00
2.640000000000000124e+00,2.523872080633897674e+00,0.000000000000000000e+00,0.000000000000000000e+00,1.129550834259433367e+00,0.000000000000000000e+00,0.000000000000000000e+00,3.569620599999999655e+01,0.000000000000000000e+00,1.820000000000000062e+00,1.820000000000000062e+00
2.660000000000000142e+00,2.546463105331382426e+00,0.000000000000000000e+00,0.000000000000000000e+00,1.129551621604273137e+00,0.000000000000000000e+00,0.000000000000000000e+00,3.569620599999999655e+01,0.000000000000000000e+00,1.820000000000000062e+00,1.820000000000000062e+00
2.680000000000000160e+00,2.569054144972084952e+00,0.000000000000000000e+00,0.000000000000000000e+00,1.129552329973939617e+00,0.000000000000000000e+00,0.000000000000000000e+00,3.569620599999999655e+01,0.000000000000000000e+00,1.820000000000000062e+00,1.820000000000000062e+00
2.700000000000000178e+00,2.591645198057114463e+00,0.000000000000000000e+00,0.000000000000000000e+00,1.129552967289976229e+00,0.000000000000000000e+00,0.000000000000000000e+00,3.569620599999999655e+01,0.000000000000000000e+00,1.820000000000000062e+00,1.820000000000000062e+00
2.720000000000000195e+00,2.614236263237925240e+00,0.000000000000000000e+00,0.000000000000000000e+00,1.129553540679384405e+00,0.000000000000000000e+00,0.000000000000000000e+00,3.569620599999999655e+01,0.000000000000000000e+00,1.820000000000000062e+00,1.820000000000000062e+00
2.740000000000000213e+00,2.636827339301236695e+00,0.000000000000000000e+00,0.000000000000000000e+00,1.129554056554312957e+00,0.000000000000000000e+00,0.000000000000000000e+00,3.569620599999999655e+01,0.000000000000000000e+00,1.820000000000000062e+00,1.820000000000000062e+00
2.760000000000000231e+00,2.659418425155466892e+00,0.000000000000000000e+00,0.000000000000000000e+00,1.129554520683756058e+00,0.000000000000000000e+00,0.000000000000000000e+00,3.569620599999999655e+01,0.000000000000000000e+00,1.820000000000000062e+00,1.820000000000000062e+00
2.780000000000000249e+00,2.682009519818524534e+00,0.000000000000000000e+00,0.000000000000000000e+00,1.129554938258059860e+00,0.000000000000000000e+00,0.000000000000000000e+00,3.569620599999999655e+01,0.000000000000000000e+00,1.820000000000000062e+00,1.820000000000000062e+00
2.800000000000000266e+00,2.704600622406827970e+00,0.000000000000000000e+00,0.000000000000000000e+00,1.129555313946960737e+00,0.000000000000000000e+00,0.000000000000000000e+00,3.569620599999999655e+01,0.000000000000000000e+00,1.820000000000000062e+00,1.820000000000000062e+00
2.819999999999999840e+00,2.727191732125422874e+00,0.000000000000000000e+00,0.000000000000000000e+00,1.129555651951803075e+00,0.000000000000000000e+00,0.000000000000000000e+00,3.569620599999999655e+01,0.000000000000000000e+00,1.820000000000000062e+00,1.820000000000000062e+00
2.839999999999999858e+00,2.749782848259094692e+00,0.000000000000000000e+00,0.000000000000000000e+00,1.129555956052518129e+00,0.000000000000000000e+00,0.000000000000000000e+00,3.569620599999999655e+01,0.000000000000000000e+00,1.820000000000000062e+00,1.820000000000000062e+00
2.859999999999999876e+00,2.772373970164367929e+00,0.000000000000000000e+00,0.000000000000000000e+00,1.129556229649893551e+00,0.000000000000000000e+00,0.000000000000000000e+00,3.569620599999999655e+01,0.000000000000000000e+00,1.820000000000000062e+00,1.820000000000000062e+00
2.879999999999999893e+00,2.794965097262312348e+00,0.000000000000000000e+00,0.000000000000000000e+00,1.129556475803601190e+00,0.000000000000000000e+00,0.000000000000000000e+00,3.569620599999999655e+01,0.000000000000000000e+00,1.820000000000000062e+00,1.820000000000000062e+00
2.899999999999999911e+00,2.817556229032067705e+00,0.000000000000000000e+00,0.000000000000000000e+00,1.129556697266412613e+00,0.000000000000000000e+00,0.000000000000000000e+00,3.569620599999999655e+01,0.000000000000000000e+00,1.820000000000000062e+00,1.820000000000000062e+00
2.919999999999999929e+00,2.840147365005019520e+00,0.000000000000000000e+00,0.000000000000000000e+00,1.129556896514981812e+00,0.000000000000000000e+00,0.000000000000000000e+00,3.569620599999999655e+01,0.000000000000000000e+00,1.820000000000000062e+00,1.820000000000000062e+00
2.939999999999999947e+00,2.862738504759557934e+00,0.000000000000000000e+00,0.000000000000000000e+00,1.129557075777540831e+00,0.000000000000000000e+00,0.000000000000000000e+00,3.569620599999999655e+01,0.000000000000000000e+00,1.820000000000000062e+00,1.820000000000000062e+00
2.959999999999999964e+00,2.885329647916363704e+00,0.000000000000000000e+00,0.000000000000000000e+00,1.129557237058817165e+00,0.000000000000000000e+00,0.000000000000000000e+00,3.569620599999999655e+01,0.000000000000000000e+00,1.820000000000000062e+00,1.820000000000000062e+00
2.979999999999999982e+00,2.907920794134165821e+00,0.000000000000000000e+00,0.000000000000000000e+00,1.129557382162452939e+00,0.000000000000000000e+00,0.000000000000000000e+00,3.569620599999999655e+01,0.000000000000000000e+00,1.820000000000000062e+00,1.820000000000000062e+00
3.000000000000000000e+00,2.930511943105924555e+00,0.000000000000000000e+00,0.000000000000000000e+00,1.129557512711173439e+00,0.000000000000000000e+00,0.000000000000000000e+00,3.569620599999999655e+01,0.000000000000000000e+00,1.820000000000000062e+00,1.820000000000000062e+00
3.020000000000000018e+00,2.953103094555398656e+00,0.000000000000000000e+00,0.000000000000000000e+00,1.129557630164935267e+00,0.000000000000000000e+00,0.000000000000000000e+00,3.569620599999999655e+01,0.000000000000000000e+00,1.820000000000000062e+00,1.820000000000000062e+00
3.040000000000000036e+00,2.975694248234056261e+00,0.000000000000000000e+00,0.000000000000000000e+00,1.129557735837252164e+00,0.000000000000000000e+00,0.000000000000000000e+00,3.569620599999999655e+01,0.000000000000000000e+00,1.820000000000000062e+00,1.820000000000000062e+00
3.060000000000000053e+00,2.998285403918294012e+00,0.000000000000000000e+00,0.000000000000000000e+00,1.129557830909883931e+00,0.000000000000000000e+00,0.000000000000000000e+00,3.569620599999999655e+01,0.000000000000000000e+00,1.820000000000000062e+00,1.820000000000000062e+00
3.080000000000000071e+00,3.020876561406937721e+00,0.000000000000000000e+00,0.000000000000000000e+00,1.129557916446052301e+00,0.000000000000000000e+00,0.000000000000000000e+00,3.569620599999999655e+01,0.000000000000000000e+00,1.820000000000000062e+00,1.820000000000000062e+00
3.100000000000000089e+00,3.043467720518993058e+00,0.000000000000000000e+00,0.000000000000000000e+00,1.129557993402330762e+00,0.000000000000000000e+00,0.000000000000000000e+00,3.569620599999999655e+01,0.000000000000000000e+00,1.820000000000000062e+00,1.820000000000000062e+00
3.120000000000000107e+00,3.066058881091620059e+00,0.000000000000000000e+00,0.000000000000000000e+00,1.129558062639342442e+00,0.000000000000000000e+00,0.000000000000000000e+00,3.569620599999999655e+01,0.000000000000000000e+00,1.820000000000000062e+00,1.820000000000000062e+00
3.140000000000000124e+00,3.088650042978312804e+00,0.000000000000000000e+00,0.000000000000000000e+00,1.129558124931384189e+00,0.000000000000000000e+00,0.000000000000000000e+00,3.569620599999999655e+01,0.000000000000000000e+00,1.820000000000000062e+00,1.820000000000000062e+00
3.160000000000000142e+00,3.111241206047260732e+00,0.000000000000000000e+00,0.000000000000000000e+00,1.129558180975085202e+00,0.000000000000000000e+00,0.000000000000000000e+00,3.569620599999999655e+01,0.000000000000000000e+00,1.820000000000000062e+00,1.820000000000000062e+00
3.180000000000000160e+00,3.133832370179875593e+00,0.000000000000000000e+00,0.000000000000000000e+00,1.129558231397198576e+00,0.000000000000000000e+00,0.000000000000000000e+00,3.569620599999999655e+01,0.000000000000000000e+00,1.820000000000000062e+00,1.820000000000000062e+00
3.200000000000000178e+00,3.156423535269463621e+00,0.000000000000000000e+00,0.000000000000000000e+00,1.129558276761609470e+00,0.000000000000000000e+00,0.000000000000000000e+00,3.569620599999999655e+01,0.000000000000000000e+00,1.820000000000000062e+00,1.820000000000000062e+00
3.220000000000000195e+00,3.179014701220033601e+00,0.000000000000000000e+00,0.000000000000000000e+00,1.129558317575641624e+00,0.000000000000000000e+00,0.000000000000000000e+00,3.569620599999999655e+01,0.000000000000000000e+00,1.820000000000000062e+00,1.820000000000000062e+00
3.240000000000000213e+00,3.201605867945223061e+00,0.000000000000000000e+00,0.000000000000000000e+00,1.129558354295730371e+00,0.000000000000000000e+00,0.000000000000000000e+00,3.569620599999999655e+01,0.000000000000000000e+00,1.820000000000000062e+00,1.820000000000000062e+00
3.260000000000000231e+00,3.224197035367331932e+00,0.000000000000000000e+00,0.000000000000000000e+00,1.129558387332527669e+00,0.000000000000000000e+00,0.000000000000000000e+00,3.569620599999999655e+01,0.000000000000000000e+00,1.820000000000000062e+00,1.820000000000000062e+00
3.280000000000000249e+00,3.246788203416453911e+00,0.000000000000000000e+00,0.000000000000000000e+00,1.129558417055494202e+00,0.000000000000000000e+00,0.000000000000000000e+00,3.569620599999999655e+01,0.000000000000000000e+00,1.820000000000000062e+00,1.820000000000000062e+00
3.300000000000000266e+00,3.269379372029695308e+00,0.000000000000000000e+00,0.000000000000000000e+00,1.129558443797031186e+00,0.000000000000000000e+00,0.000000000000000000e+00,3.569620599999999655e+01,0.000000000000000000e+00,1.820000000000000062e+00,1.820000000000000062e+00
3.320000000000000284e+00,3.291970541150470275e+00,0.000000000000000000e+00,0.000000000000000000e+00,1.129558467856197401e+00,0.000000000000000000e+00,0.000000000000000000e+00,3.569620599999999655e+01,0.000000000000000000e+00,1.820000000000000062e+00,1.820000000000000062e+00
3.339999999999999858e+00,3.314561710727870203e+00,0.000000000000000000e+00,0.000000000000000000e+00,1.129558489502053842e+00,0.000000000000000000e+00,0.000000000000000000e+00,3.569620599999999655e+01,0.000000000000000000e+00,1.820000000000000062e+00,1.820000000000000062e+00
3.359999999999999876e+00,3.337152880716091730e+00,0.000000000000000000e+00,0.000000000000000000e+00,1.129558508976673092e+00,0.000000000000000000e+00,0.000000000000000000e+00,3.569620599999999655e+01,0.000000000000000000e+00,1.820000000000000062e+00,1.820000000000000062e+00
3.379999999999999893e+00,3.359744051073926929e+00,0.000000000000000000e+00,0.000000000000000000e+00,1.129558526497846049e+00,0.000000000000000000e+00,0.000000000000000000e+00,3.569620599999999655e+01,0.000000000000000000e+00,1.820000000000000062e+00,1.820000000000000062e+00
3.399999999999999911e+00,3.382335221764300570e+00,0.000000000000000000e+00,0.000000000000000000e+00,1.129558542261517529e+00,0.000000000000000000e+00,0.000000000000000000e+00,3.569620599999999655e+01,0.000000000000000000e+00,1.820000000000000062e+00,1.820000000000000062e+00
3.419999999999999929e+00,3.404926392753856668e+00,0.000000000000000000e+00,0.000000000000000000e+00,1.129558556443977624e+00,0.000000000000000000e+00,0.000000000000000000e+00,3.569620599999999655e+01,0.000000000000000000e+00,1.820000000000000062e+00,1.820000000000000062e+00
3.439999999999999947e+00,3.427517564012585005e+00,0.000000000000000000e+00,0.000000000000000000e+00,1.129558569203833462e+00,0.000000000000000000e+00,0.000000000000000000e+00,3.569620599999999655e+01,0.000000000000000000e+00,1.820000000000000062e+00,1.820000000000000062e+00
3.459999999999999964e+00,3.450108735513485847e+00,0.000000000000000000e+00,0.000000000000000000e+00,1.129558580683782454e+00,0.000000000000000000e+00,0.000000000000000000e+00,3.569620599999999655e+01,0.000000000000000000e+00,1.820000000000000062e+00,1.820000000000000062e+00
3.479999999999999982e+00,3.472699907232267069e+00,0.000000000000000000e+00,0.000000000000000000e+00,1.129558591012208568e+00,0.000000000000000000e+00,0.000000000000000000e+00,3.569620599999999655e+01,0.000000000000000000e+00,1.820000000000000062e+00,1.820000000000000062e+00
3.500000000000000000e+00,3.495291079147074154e+00,0.000000000000000000e+00,0.000000000000000000e+00,1.129558600304618077e+00,0.000000000000000000e+00,0.000000000000000000e+00,3.569620599999999655e+01,0.000000000000000000e+00,1.820000000000000062e+00,1.820000000000000062e+00
3.520000000000000018e+00,3.517882251238244162e+00,0.000000000000000000e+00,0.000000000000000000e+00,1.129558608664930963e+00,0.000000000000000000e+00,0.000000000000000000e+00,3.569620599999999655e+01,0.000000000000000000e+00,1.820000000000000062e+00,1.820000000000000062e+00
3.540000000000000036e+00,3.540473423488086357e+00,0.000000000000000000e+00,0.000000000000000000e+00,1.129558616186643327e+00,0.000000000000000000e+00,0.000000000000000000e+00,3.569620599999999655e+01,0.000000000000000000e+00,1.820000000000000062e+00,1.820000000000000062e+00
3.560000000000000053e+00,3.563064595880685026e+00,0.000000000000000000e+00,0.000000000000000000e+00,1.129558622953872993e+00,0.000000000000000000e+00,0.000000000000000000e+00,3.569620599999999655e+01,0.000000000000000000e+00,1.820000000000000062e+00,1.820000000000000062e+00
3.580000000000000071e+00,3.585655768401720511e+00,0.000000000000000000e+00,0.000000000000000000e+00,1.129558629042299867e+00,0.000000000000000000e+00,0.000000000000000000e+00,3.569620599999999655e+01,0.000000000000000000e+00,1.820000000000000062e+00,1.820000000000000062e+00
3.600000000000000089e+00,3.608246941038309785e+00,0.000000000000000000e+00,0.000000000000000000e+00,1.129558634520013038e+00,0.000000000000000000e+00,0.000000000000000000e+00,3.569620599999999655e+01,0.000000000000000000e+00,1.820000000000000062e+00,1.820000000000000062e+00
3.620000000000000107e+00,3.630838113778861675e+00,0.000000000000000000e+00,0.000000000000000000e+00,1.129558639448271506e+00,0.000000000000000000e+00,0.000000000000000000e+00,3.569620599999999655e+01,0.000000000000000000e+00,1.820000000000000062e+00,1.820000000000000062e+00
3.640000000000000124e+00,3.653429286612948079e+00,0.000000000000000000e+00,0.000000000000000000e+00,1.129558643882189406e+00,0.000000000000000000e+00,0.000000000000000000e+00,3.569620599999999655e+01,0.000000000000000000e+00,1.820000000000000062e+00,1.820000000000000062e+00
3.660000000000000142e+00,3.676020459531187168e+00,0.000000000000000000e+00,0.000000000000000000e+00,1.129558647871352850e+00,0.000000000000000000e+00,0.000000000000000000e+00,3.569620599999999655e+01,0.000000000000000000e+00,1.820000000000000062e+00,1.820000000000000062e+00
3.680000000000000160e+00,3.698611632525137249e+00,0.000000000000000000e+00,0.000000000000000000e+00,1.129558651460373930e+00,0.000000000000000000e+00,0.000000000000000000e+00,3.569620599999999655e+01,0.000000000000000000e+00,1.820000000000000062e+00,1.820000000000000062e+00
3.700000000000000178e+00,3.721202805587204399e+00,0.000000000000000000e+00,0.000000000000000000e+00,1.129558654689390096e+00,0.000000000000000000e+00,0.000000000000000000e+00,3.569620599999999655e+01,0.000000000000000000e+00,1.820000000000000062e+00,1.820000000000000062e+00
3.720000000000000195e+00,3.743793978710555859e+00,0.000000000000000000e+00,0.000000000000000000e+00,1.129558657594512239e+00,0.000000000000000000e+00,0.000000000000000000e+00,3.569620599999999655e+01,0.000000000000000000e+00,1.820000000000000062e+00,1.820000000000000062e+00
3.740000000000000213e+00,3.766385151889044103e+00,0.000000000000000000e+00,0.000000000000000000e+00,1.129558660208229259e+00,0.000000000000000000e+00,0.000000000000000000e+00,3.569620599999999655e+01,0.000000000000000000e+00,1.820000000000000062e+00,1.820000000000000062e+00
3.760000000000000231e+00,3.788976325117138888e+00,0.000000000000000000e+00,0.000000000000000000e+00,1.129558662559771332e+00,0.000000000000000000e+00,0.000000000000000000e+00,3.569620599999999655e+01,0.000000000000000000e+00,1.820000000000000062e+00,1.820000000000000062e+00
3.780000000000000249e+00,3.811567498389864195e+00,0.000000000000000000e+00,0.000000000000000000e+00,1.129558664675436530e+00,0.000000000000000000e+00,0.000000000000000000e+00,3.569620599999999655e+01,0.000000000000000000e+00,1.820000000000000062e+00,1.820000000000000062e+00
3.800000000000000266e+00,3.834158671702743160e+00,0.000000000000000000e+00,0.000000000000000000e+00,1.129558666578885040e+00,0.000000000000000000e+00,0.000000000000000000e+00,3.569620599999999655e+01,0.000000000000000000e+00,1.820000000000000062e+00,1.820000000000000062e+00
3.820000000000000284e+00,3.856749845051747894e+00,0.000000000000000000e+00,0.000000000000000000e+00,1.129558668291403611e+00,0.000000000000000000e+00,0.000000000000000000e+00,3.569620599999999655e+01,0.000000000000000000e+00,1.820000000000000062e+00,1.820000000000000062e+00
3.839999999999999858e+00,3.879341018433255073e+00,0.000000000000000000e+00,0.000000000000000000e+00,1.129558669832144036e+00,0.000000000000000000e+00,0.000000000000000000e+00,3.569620599999999655e+01,0.000000000000000000e+00,1.820000000000000062e+00,1.820000000000000062e+00
3.859999999999999876e+00,3.901932191844004194e+00,0.000000000000000000e+00,0.000000000000000000e+00,1.129558671218336974e+00,0.000000000000000000e+00,0.000000000000000000e+00,3.569620599999999655e+01,0.000000000000000000e+00,1.820000000000000062e+00,1.820000000000000062e+00
3.879999999999999893e+00,3.924523365281062492e+00,0.000000000000000000e+00,0.000000000000000000e+00,1.129558672465484470e+00,0.000000000000000000e+00,0.000000000000000000e+00,3.569620599999999655e+01,0.000000000000000000e+00,1.820000000000000062e+00,1.820000000000000062e+00
3.899999999999999911e+00,3.947114538741790746e+00,0.000000000000000000e+00,0.000000000000000000e+00,1.129558673587534035e+00,0.000000000000000000e+00,0.000000000000000000e+00,3.569620599999999655e+01,0.000000000000000000e+00,1.820000000000000062e+00,1.820000000000000062e+00
3.919999999999999929e+00,3.969705712223814409e+00,0.000000000000000000e+00,0.000000000000000000e+00,1.129558674597033852e+00,0.000000000000000000e+00,0.000000000000000000e+00,3.569620599999999655e+01,0.000000000000000000e+00,1.820000000000000062e+00,1.820000000000000062e+00
3.939999999999999947e+00,3.992296885724997857e+00,0.000000000000000000e+00,0.000000000000000000e+00,1.129558675505273335e+00,0.000000000000000000e+00,0.000000000000000000e+00,3.569620599999999655e+01,0.000000000000000000e+00,1.820000000000000062e+00,1.820000000000000062e+00
3.959999999999999964e+00,4.014888059243419072e+00,0.000000000000000000e+00,0.000000000000000000e+00,1.129558676322409694e+00,0.000000000000000000e+00,0.000000000000000000e+00,3.569620599999999655e+01,0.000000000000000000e+00,1.820000000000000062e+00,1.820000000000000062e+00
3.979999999999999982e+00,4.037479232777348770e+00,0.000000000000000000e+00,0.000000000000000000e+00,1.129558677057581395e+00,0.000000000000000000e+00,0.000000000000000000e+00,3.569620599999999655e+01,0.000000000000000000e+00,1.820000000000000062e+00,1.820000000000000062e+00
4.000000000000000000e+00,4.060070406325231751e+00,0.000000000000000000e+00,0.000000000000000000e+00,1.129558677719009863e+00,0.000000000000000000e+00,0.000000000000000000e+00,3.569620599999999655e+01,0.000000000000000000e+00,1.820000000000000062e+00,1.820000000000000062e+00
4.020000000000000462e+00,4.082661579885667358e+00,0.000000000000000000e+00,0.000000000000000000e+00,1.129558678314092290e+00,0.000000000000000000e+00,0.000000000000000000e+00,3.569620599999999655e+01,0.000000000000000000e+00,1.820000000000000062e+00,1.820000000000000062e+00
4.040000000000000036e+00,4.105252753457397930e+00,0.000000000000000000e+00,0.000000000000000000e+00,1.129558678849483577e+00,0.000000000000000000e+00,0.000000000000000000e+00,3.569620599999999655e+01,0.000000000000000000e+00,1.820000000000000062e+00,1.820000000000000062e+00
4.060000000000000497e+00,4.127843927039289262e+00,0.000000000000000000e+00,0.000000000000000000e+00,1.129558679331171156e+00,0.000000000000000000e+00,0.000000000000000000e+00,3.569620599999999655e+01,0.000000000000000000e+00,1.820000000000000062e+00,1.820000000000000062e+00
4.080000000000000071e+00,4.150435100630322616e+00,0.000000000000000000e+00,0.000000000000000000e+00,1.129558679764542051e+00,0.000000000000000000e+00,0.000000000000000000e+00,3.569620599999999655e+01,0.000000000000000000e+00,1.820000000000000062e+00,1.820000000000000062e+00
4.099999999999999645e+00,4.173026274229581389e+00,0.000000000000000000e+00,0.000000000000000000e+00,1.129558680154442607e+00,0.000000000000000000e+00,0.000000000000000000e+00,3.569620599999999655e+01,0.000000000000000000e+00,1.820000000000000062e+00,1.820000000000000062e+00
4.120000000000000107e+00,4.195617447836239577e+00,0.000000000000000000e+00,0.000000000000000000e+00,1.129558680505233337e+00,0.000000000000000000e+00,0.000000000000000000e+00,3.569620599999999655e+01,0.000000000000000000e+00,1.820000000000000062e+00,1.820000000000000062e+00
4.139999999999999680e+00,4.218208621449555551e+00,0.000000000000000000e+00,0.000000000000000000e+00,1.129558680820837102e+00,0.000000000000000000e+00,0.000000000000000000e+00,3.569620599999999655e+01,0.000000000000000000e+00,1.820000000000000062e+00,1.820000000000000062e+00
4.160000000000000142e+00,4.240799795068861400e+00,0.000000000000000000e+00,0.000000000000000000e+00,1.129558681104783524e+00,0.000000000000000000e+00,0.000000000000000000e+00,3.569620599999999655e+01,0.000000000000000000e+00,1.820000000000000062e+00,1.820000000000000062e+00
4.179999999999999716e+00,4.263390968693556715e+00,0.000000000000000000e+00,0.000000000000000000e+00,1.129558681360248062e+00,0.000000000000000000e+00,0.000000000000000000e+00,3.569620599999999655e+01,0.000000000000000000e+00,1.820000000000000062e+00,1.820000000000000062e+00
4.200000000000000178e+00,4.285982142323100597e+00,0.000000000000000000e+00,0.000000000000000000e+00,1.129558681590087543e+00,0.000000000000000000e+00,0.000000000000000000e+00,3.569620599999999655e+01,0.000000000000000000e+00,1.820000000000000062e+00,1.820000000000000062e+00
4.219999999999999751e+00,4.308573315957006322e+00,0.000000000000000000e+00,0.000000000000000000e+00,1.129558681796872577e+00,0.000000000000000000e+00,0.000000000000000000e+00,3.569620599999999655e+01,0.000000000000000000e+00,1.820000000000000062e+00,1.820000000000000062e+00
4.240000000000000213e+00,4.331164489594836908e+00,0.000000000000000000e+00,0.000000000000000000e+00,1.129558681982915536e+00,0.000000000000000000e+00,0.000000000000000000e+00,3.569620599999999655e+01,0.000000000000000000e+00,1.820000000000000062e+00,1.820000000000000062e+00
4.259999999999999787e+00,4.353755663236198892e+00,0.000000000000000000e+00,0.000000000000000000e+00,1.129558682150296978e+00,0.000000000000000000e+00,0.000000000000000000e+00,3.569620599999999655e+01,0.000000000000000000e+00,1.820000000000000062e+00,1.820000000000000062e+00
4.280000000000000249e+00,4.376346836880737001e+00,0.000000000000000000e+00,0.000000000000000000e+00,1.129558682300888739e+00,0.000000000000000000e+00,0.000000000000000000e+00,3.569620599999999655e+01,0.000000000000000000e+00,1.820000000000000062e+00,1.820000000000000062e+00
4.299999999999999822e+00,4.398938010528133269e+00,0.000000000000000000e+00,0.000000000000000000e+00,1.129558682436375028e+00,0.000000000000000000e+00,0.000000000000000000e+00,3.569620599999999655e+01,0.000000000000000000e+00,1.820000000000000062e+00,1.820000000000000062e+00
4.320000000000000284e+00,4.421529184178100813e+00,0.000000000000000000e+00,0.000000000000000000e+00,1.129558682558271077e+00,0.000000000000000000e+00,0.000000000000000000e+00,3.569620599999999655e+01,0.000000000000000000e+00,1.820000000000000062e+00,1.820000000000000062e+00
4.339999999999999858e+00,4.444120357830382062e+00,0.000000000000000000e+00,0.000000000000000000e+00,1.129558682667940017e+00,0.000000000000000000e+00,0.000000000000000000e+00,3.569620599999999655e+01,0.000000000000000000e+00,1.820000000000000062e+00,1.820000000000000062e+00
4.360000000000000320e+00,4.466711531484745201e+00,0.000000000000000000e+00,0.000000000000000000e+00,1.129558682766608424e+00,0.000000000000000000e+00,0.000000000000000000e+00,3.569620599999999655e+01,0.000000000000000000e+00,1.820000000000000062e+00,1.820000000000000062e+00
4.379999999999999893e+00,4.489302705140980621e+00,0.000000000000000000e+00,0.000000000000000000e+00,1.129558682855379637e+00,0.000000000000000000e+00,0.000000000000000000e+00,3.569620599999999655e+01,0.000000000000000000e+00,1.820000000000000062e+00,1.820000000000000062e+00
4.400000000000000355e+00,4.511893878798900914e+00,0.000000000000000000e+00,0.000000000000000000e+00,1.129558682935246416e+00,0.000000000000000000e+00,0.000000000000000000e+00,3.569620599999999655e+01,0.000000000000000000e+00,1.820000000000000062e+00,1.820000000000000062e+00
4.419999999999999929e+00,4.534485052458337329e+00,0.000000000000000000e+00,0.000000000000000000e+00,1.129558683007102049e+00,0.000000000000000000e+00,0.000000000000000000e+00,3.569620599999999655e+01,0.000000000000000000e+00,1.820000000000000062e+00,1.820000000000000062e+00
4.440000000000000391e+00,4.557076226119137097e+00,0.000000000000000000e+00,0.000000000000000000e+00,1.129558683071750114e+00,0.000000000000000000e+00,0.000000000000000000e+00,3.569620599999999655e+01,0.000000000000000000e+00,1.820000000000000062e+00,1.820000000000000062e+00
4.459999999999999964e+00,4.579667399781164328e+00,0.000000000000000000e+00,0.000000000000000000e+00,1.129558683129913366e+00,0.000000000000000000e+00,0.000000000000000000e+00,3.569620599999999655e+01,0.000000000000000000e+00,1.820000000000000062e+00,1.820000000000000062e+00
4.480000000000000426e+00,4.602258573444295564e+00,0.000000000000000000e+00,0.000000000000000000e+00,1.129558683182242396e+00,0.000000000000000000e+00,0.000000000000000000e+00,3.569620599999999655e+01,0.000000000000000000e+00,1.820000000000000062e+00,1.820000000000000062e+00
4.500000000000000000e+00,4.624849747108419784e+00,0.000000000000000000e+00,0.000000000000000000e+00,1.129558683229322513e+00,0.000000000000000000e+00,0.000000000000000000e+00,3.569620599999999655e+01,0.000000000000000000e+00,1.820000000000000062e+00,1.820000000000000062e+00
4.520000000000000462e+00,4.647440920773437512e+00,0.000000000000000000e+00,0.000000000000000000e+00,1.129558683271680186e+00,0.000000000000000000e+00,0.000000000000000000e+00,3.569620599999999655e+01,0.000000000000000000e+00,1.820000000000000062e+00,1.820000000000000062e+00
4.540000000000000036e+00,4.670032094439259041e+00,0.000000000000000000e+00,0.000000000000000000e+00,1.129558683309789036e+00,0.000000000000000000e+00,0.000000000000000000e+00,3.569620599999999655e+01,0.000000000000000000e+00,1.820000000000000062e+00,1.820000000000000062e+00
4.560000000000000497e+00,4.692623268105803547e+00,0.000000000000000000e+00,0.000000000000000000e+00,1.129558683344075387e+00,0.000000000000000000e+00,0.000000000000000000e+00,3.569620599999999655e+01,0.000000000000000000e+00,1.820000000000000062e+00,1.820000000000000062e+00
4.580000000000000071e+00,4.715214441772999088e+00,0.000000000000000000e+00,0.000000000000000000e+00,1.129558683374922490e+00,0.000000000000000000e+00,0.000000000000000000e+00,3.569620599999999655e+01,0.000000000000000000e+00,1.820000000000000062e+00,1.820000000000000062e+00
4.600000000000000533e+00,4.737805615440779938e+00,0.000000000000000000e+00,0.000000000000000000e+00,1.129558683402675401e+00,0.000000000000000000e+00,0.000000000000000000e+00,3.569620599999999655e+01,0.000000000000000000e+00,1.820000000000000062e+00,1.820000000000000062e+00
4.620000000000000107e+00,4.760396789109087479e+00,0.000000000000000000e+00,0.000000000000000000e+00,1.129558683427644539e+00,0.000000000000000000e+00,0.000000000000000000e+00,3.569620599999999655e+01,0.000000000000000000e+00,1.820000000000000062e+00,1.820000000000000062e+00
4.639999999999999680e+00,4.782987962777869306e+00,0.000000000000000000e+00,0.000000000000000000e+00,1.129558683450109013e+00,0.000000000000000000e+00,0.000000000000000000e+00,3.569620599999999655e+01,0.000000000000000000e+00,1.820000000000000062e+00,1.820000000000000062e+00
4.660000000000000142e+00,4.805579136447077460e+00,0.000000000000000000e+00,0.000000000000000000e+00,1.129558683470320180e+00,0.000000000000000000e+00,0.000000000000000000e+00,3.569620599999999655e+01,0.000000000000000000e+00,1.820000000000000062e+00,1.820000000000000062e+00
4.679999999999999716e+00,4.828170310116669306e+00,0.000000000000000000e+00,0.000000000000000000e+00,1.129558683488504078e+00,0.000000000000000000e+00,0.000000000000000000e+00,3.569620599999999655e+01,0.000000000000000000e+00,1.820000000000000062e+00,1.820000000000000062e+00
4.700000000000000178e+00,4.850761483786605766e+00,0.000000000000000000e+00,0.000000000000000000e+00,1.129558683504863881e+00,0.000000000000000000e+00,0.000000000000000000e+00,3.569620599999999655e+01,0.000000000000000000e+00,1.820000000000000062e+00,1.820000000000000062e+00
4.719999999999999751e+00,4.873352657456853088e+00,0.000000000000000000e+00,0.000000000000000000e+00,1.129558683519582774e+00,0.000000000000000000e+00,0.000000000000000000e+00,3.569620599999999655e+01,0.000000000000000000e+00,1.820000000000000062e+00,1.820000000000000062e+00
4.740000000000000213e+00,4.895943831127379298e+00,0.000000000000000000e+00,0.000000000000000000e+00,1.129558683532825292e+00,0.000000000000000000e+00,0.000000000000000000e+00,3.569620599999999655e+01,0.000000000000000000e+00,1.820000000000000062e+00,1.820000000000000062e+00
4.759999999999999787e+00,4.918535004798156862e+00,0.000000000000000000e+00,0.000000000000000000e+00,1.129558683544739317e+00,0.000000000000000000e+00,0.000000000000000000e+00,3.569620599999999655e+01,0.000000000000000000e+00,1.820000000000000062e+00,1.820000000000000062e+00
4.780000000000000249e+00,4.941126178469160912e+00,0.000000000000000000e+00,0.000000000000000000e+00,1.129558683555458298e+00,0.000000000000000000e+00,0.000000000000000000e+00,3.569620599999999655e+01,0.000000000000000000e+00,1.820000000000000062e+00,1.820000000000000062e+00
4.799999999999999822e+00,4.963717352140368355e+00,0.000000000000000000e+00,0.000000000000000000e+00,1.129558683565102140e+00,0.000000000000000000e+00,0.000000000000000000e+00,3.569620599999999655e+01,0.000000000000000000e+00,1.820000000000000062e+00,1.820000000000000062e+00
4.820000000000000284e+00,4.986308525811758763e+00,0.000000000000000000e+00,0.000000000000000000e+00,1.129558683573778755e+00,0.000000000000000000e+00,0.000000000000000000e+00,3.569620599999999655e+01,0.000000000000000000e+00,1.820000000000000062e+00,1.820000000000000062e+00
4.839999999999999858e+00,5.008899699483313483e+00,0.000000000000000000e+00,0.000000000000000000e+00,1.129558683581584955e+00,0.000000000000000000e+00,0.000000000000000000e+00,3.569620599999999655e+01,0.000000000000000000e+00,1.820000000000000062e+00,1.820000000000000062e+00
4.860000000000000320e+00,5.031490873155016530e+00,0.000000000000000000e+00,0.000000000000000000e+00,1.129558683588608226e+00,0.000000000000000000e+00,0.000000000000000000e+00,3.569620599999999655e+01,0.000000000000000000e+00,1.820000000000000062e+00,1.820000000000000062e+00
4.879999999999999893e+00,5.054082046826852803e+00,0.000000000000000000e+00,0.000000000000000000e+00,1.129558683594926949e+00,0.000000000000000000e+00,0.000000000000000000e+00,3.569620599999999655e+01,0.000000000000000000e+00,1.820000000000000062e+00,1.820000000000000062e+00
4.900000000000000355e+00,5.076673220498808980e+00,0.000000000000000000e+00,0.000000000000000000e+00,1.129558683600611735e+00,0.000000000000000000e+00,0.000000000000000000e+00,3.569620599999999655e+01,0.000000000000000000e+00,1.820000000000000062e+00,1.820000000000000062e+00
4.919999999999999929e+00,5.099264394170873516e+00,0.000000000000000000e+00,0.000000000000000000e+00,1.129558683605726310e+00,0.000000000000000000e+00,0.000000000000000000e+00,3.569620599999999655e+01,0.000000000000000000e+00,1.820000000000000062e+00,1.820000000000000062e+00
4.940000000000000391e+00,5.121855567843034862e+00,0.000000000000000000e+00,0.000000000000000000e+00,1.129558683610327963e+00,0.000000000000000000e+00,0.000000000000000000e+00,3.569620599999999655e+01,0.000000000000000000e+00,1.820000000000000062e+00,1.820000000000000062e+00
4.959999999999999964e+00,5.144446741515283250e+00,0.000000000000000000e+00,0.000000000000000000e+00,1.129558683614467984e+00,0.000000000000000000e+00,0.000000000000000000e+00,3.569620599999999655e+01,0.000000000000000000e+00,1.820000000000000062e+00,1.820000000000000062e+00
4.980000000000000426e+00,5.167037915187610686e+00,0.000000000000000000e+00,0.000000000000000000e+00,1.129558683618192783e+00,0.000000000000000000e+00,0.000000000000000000e+00,3.569620599999999655e+01,0.000000000000000000e+00,1.820000000000000062e+00,1.820000000000000062e+00
5.000000000000000000e+00,5.189629088860008288e+00,0.000000000000000000e+00,0.000000000000000000e+00,1.129558683621543880e+00,0.000000000000000000e+00,0.000000000000000000e+00,3.569620599999999655e+01,0.000000000000000000e+00,1.820000000000000062e+00,1.820000000000000062e+00
5.020000000000000462e+00,5.212220262532469839e+00,0.000000000000000000e+00,0.000000000000000000e+00,1.129558683624558801e+00,0.000000000000000000e+00,0.000000000000000000e+00,3.569620599999999655e+01,0.000000000000000000e+00,1.820000000000000062e+00,1.820000000000000062e+00
5.040000000000000036e+00,5.234811436204988233e+00,0.000000000000000000e+00,0.000000000000000000e+00,1.129558683627271298e+00,0.000000000000000000e+00,0.000000000000000000e+00,3.569620599999999655e+01,0.000000000000000000e+00,1.820000000000000062e+00,1.820000000000000062e+00
5.060000000000000497e+00,5.257402609877558142e+00,0.000000000000000000e+00,0.000000000000000000e+00,1.129558683629711791e+00,0.000000000000000000e+00,0.000000000000000000e+00,3.569620599999999655e+01,0.000000000000000000e+00,1.820000000000000062e+00,1.820000000000000062e+00
5.080000000000000071e+00,5.279993783550175124e+00,0.000000000000000000e+00,0.000000000000000000e+00,1.129558683631907590e+00,0.000000000000000000e+00,0.000000000000000000e+00,3.569620599999999655e+01,0.000000000000000000e+00,1.820000000000000062e+00,1.820000000000000062e+00
5.100000000000000533e+00,5.302584957222832962e+00,0.000000000000000000e+00,0.000000000000000000e+00,1.129558683633882898e+00,0.000000000000000000e+00,0.000000000000000000e+00,3.569620599999999655e+01,0.000000000000000000e+00,1.820000000000000062e+00,1.820000000000000062e+00
5.120000000000000107e+00,5.325176130895528992e+00,0.000000000000000000e+00,0.000000000000000000e+00,1.129558683635660143e+00,0.000000000000000000e+00,0.000000000000000000e+00,3.569620599999999655e+01,0.000000000000000000e+00,1.820000000000000062e+00,1.820000000000000062e+00
5.139999999999999680e+00,5.347767304568258773e+00,0.000000000000000000e+00,0.000000000000000000e+00,1.129558683637259087e+00,0.000000000000000000e+00,0.000000000000000000e+00,3.569620599999999655e+01,0.000000000000000000e+00,1.820000000000000062e+00,1.820000000000000062e+00
5.160000000000000142e+00,5.370358478241018751e+00,0.000000000000000000e+00,0.000000000000000000e+00,1.129558683638697714e+00,0.000000000000000000e+00,0.000000000000000000e+00,3.569620599999999655e+01,0.000000000000000000e+00,1.820000000000000062e+00,1.820000000000000062e+00
5.179999999999999716e+00,5.392949651913806264e+00,0.000000000000000000e+00,0.000000000000000000e+00,1.129558683639992012e+00,0.000000000000000000e+00,0.000000000000000000e+00,3.569620599999999655e+01,0.000000000000000000e+00,1.820000000000000062e+00,1.820000000000000062e+00
5.200000000000000178e+00,5.415540825586617757e+00,0.000000000000000000e+00,0.000000000000000000e+00,1.129558683641156414e+00,0.000000000000000000e+00,0.000000000000000000e+00,3.569620599999999655e+01,0.000000000000000000e+00,1.820000000000000062e+00,1.820000000000000062e+00
5.219999999999999751e+00,5.438131999259451455e+00,0.000000000000000000e+00,0.000000000000000000e+00,1.129558683642204020e+00,0.000000000000000000e+00,0.000000000000000000e+00,3.569620599999999655e+01,0.000000000000000000e+00,1.820000000000000062e+00,1.820000000000000062e+00
5.240000000000000213e+00,5.460723172932304692e+00,0.000000000000000000e+00,0.000000000000000000e+00,1.129558683643146599e+00,0.000000000000000000e+00,0.000000000000000000e+00,3.569620599999999655e+01,0.000000000000000000e+00,1.820000000000000062e+00,1.820000000000000062e+00
5.259999999999999787e+00,5.483314346605176581e+00,0.000000000000000000e+00,0.000000000000000000e+00,1.129558683643994588e+00,0.000000000000000000e+00,0.000000000000000000e+00,3.569620599999999655e+01,0.000000000000000000e+00,1.820000000000000062e+00,1.820000000000000062e+00
5.280000000000000249e+00,5.505905520278064458e+00,0.000000000000000000e+00,0.000000000000000000e+00,1.129558683644757533e+00,0.000000000000000000e+00,0.000000000000000000e+00,3.569620599999999655e+01,0.000000000000000000e+00,1.820000000000000062e+00,1.820000000000000062e+00
5.299999999999999822e+00,5.528496693950966545e+00,0.000000000000000000e+00,0.000000000000000000e+00,1.129558683645444095e+00,0.000000000000000000e+00,0.000000000000000000e+00,3.569620599999999655e+01,0.000000000000000000e+00,1.820000000000000062e+00,1.820000000000000062e+00
5.320000000000000284e+00,5.551087867623881955e+00,0.000000000000000000e+00,0.000000000000000000e+00,1.129558683646061823e+00,0.000000000000000000e+00,0.000000000000000000e+00,3.569620599999999655e+01,0.000000000000000000e+00,1.820000000000000062e+00,1.820000000000000062e+00
5.339999999999999858e+00,5.573679041296808911e+00,0.000000000000000000e+00,0.000000000000000000e+00,1.129558683646617379e+00,0.000000000000000000e+00,0.000000000000000000e+00,3.569620599999999655e+01,0.000000000000000000e+00,1.820000000000000062e+00,1.820000000000000062e+00
5.360000000000000320e+00,5.596270214969746526e+00,0.000000000000000000e+00,0.000000000000000000e+00,1.129558683647117201e+00,0.000000000000000000e+00,0.000000000000000000e+00,3.569620599999999655e+01,0.000000000000000000e+00,1.820000000000000062e+00,1.820000000000000062e+00
5.379999999999999893e+00,5.618861388642693022e+00,0.000000000000000000e+00,0.000000000000000000e+00,1.129558683647567063e+00,0.000000000000000000e+00,0.000000000000000000e+00,3.569620599999999655e+01,0.000000000000000000e+00,1.820000000000000062e+00,1.820000000000000062e+00
5.400000000000000355e+00,5.641452562315648400e+00,0.000000000000000000e+00,0.000000000000000000e+00,1.129558683647971629e+00,0.000000000000000000e+00,0.000000000000000000e+00,3.569620599999999655e+01,0.000000000000000000e+00,1.820000000000000062e+00,1.820000000000000062e+00
5.419999999999999929e+00,5.664043735988611772e+00,0.000000000000000000e+00,0.000000000000000000e+00,1.129558683648335782e+00,0.000000000000000000e+00,0.000000000000000000e+00,3.569620599999999655e+01,0.000000000000000000e+00,1.820000000000000062e+00,1.820000000000000062e+00
5.440000000000000391e+00,5.686634909661582249e+00,0.000000000000000000e+00,0.000000000000000000e+00,1.129558683648663298e+00,0.000000000000000000e+00,0.000000000000000000e+00,3.569620599999999655e+01,0.000000000000000000e+00,1.820000000000000062e+00,1.820000000000000062e+00
5.459999999999999964e+00,5.709226083334558943e+00,0.000000000000000000e+00,0.000000000000000000e+00,1.129558683648957951e+00,0.000000000000000000e+00,0.000000000000000000e+00,3.569620599999999655e+01,0.000000000000000000e+00,1.820000000000000062e+00,1.820000000000000062e+00
5.480000000000000426e+00,5.731817257007540967e+00,0.000000000000000000e+00,0.000000000000000000e+00,1.129558683649223072e+00,0.000000000000000000e+00,0.000000000000000000e+00,3.569620599999999655e+01,0.000000000000000000e+00,1.820000000000000062e+00,1.820000000000000062e+00
5.500000000000000000e+00,5.754408430680527431e+00,0.000000000000000000e+00,0.000000000000000000e+00,1.129558683649461548e+00,0.000000000000000000e+00,0.000000000000000000e+00,3.569620599999999655e+01,0.000000000000000000e+00,1.820000000000000062e+00,1.820000000000000062e+00
5.520000000000000462e+00,5.776999604353519224e+00,0.000000000000000000e+00,0.000000000000000000e+00,1.129558683649676265e+00,0.000000000000000000e+00,0.000000000000000000e+00,3.569620599999999655e+01,0.000000000000000000e+00,1.820000000000000062e+00,1.820000000000000062e+00
5.540000000000000036e+00,5.799590778026514570e+00,0.000000000000000000e+00,0.000000000000000000e+00,1.129558683649869444e+00,0.000000000000000000e+00,0.000000000000000000e+00,3.569620599999999655e+01,0.000000000000000000e+00,1.820000000000000062e+00,1.820000000000000062e+00
5.560000000000000497e+00,5.822181951699513469e+00,0.000000000000000000e+00,0.000000000000000000e+00,1.129558683650043083e+00,0.000000000000000000e+00,0.000000000000000000e+00,3.569620599999999655e+01,0.000000000000000000e+00,1.820000000000000062e+00,1.820000000000000062e+00
5.580000000000000071e+00,5.844773125372515921e+00,0.000000000000000000e+00,0.000000000000000000e+00,1.129558683650199402e+00,0.000000000000000000e+00,0.000000000000000000e+00,3.569620599999999655e+01,0.000000000000000000e+00,1.820000000000000062e+00,1.820000000000000062e+00
5.600000000000000533e+00,5.867364299045521037e+00,0.000000000000000000e+00,0.000000000000000000e+00,1.129558683650339956e+00,0.000000000000000000e+00,0.000000000000000000e+00,3.569620599999999655e+01,0.000000000000000000e+00,1.820000000000000062e+00,1.820000000000000062e+00
5.620000000000000107e+00,5.889955472718528817e+00,0.000000000000000000e+00,0.000000000000000000e+00,1.129558683650466522e+00,0.000000000000000000e+00,0.000000000000000000e+00,3.569620599999999655e+01,0.000000000000000000e+00,1.820000000000000062e+00,1.820000000000000062e+00
5.639999999999999680e+00,5.912546646391539262e+00,0.000000000000000000e+00,0.000000000000000000e+00,1.129558683650580431e+00,0.000000000000000000e+00,0.000000000000000000e+00,3.569620599999999655e+01,0.000000000000000000e+00,1.820000000000000062e+00,1.820000000000000062e+00
5.660000000000000142e+00,5.935137820064551484e+00,0.000000000000000000e+00,0.000000000000000000e+00,1.129558683650682793e+00,0.000000000000000000e+00,0.000000000000000000e+00,3.569620599999999655e+01,0.000000000000000000e+00,1.820000000000000062e+00,1.820000000000000062e+00
5.679999999999999716e+00,5.957728993737566370e+00,0.000000000000000000e+00,0.000000000000000000e+00,1.129558683650774942e+00,0.000000000000000000e+00,0.000000000000000000e+00,3.569620599999999655e+01,0.000000000000000000e+00,1.820000000000000062e+00,1.820000000000000062e+00
5.700000000000000178e+00,5.980320167410583032e+00,0.000000000000000000e+00,0.000000000000000000e+00,1.129558683650857764e+00,0.000000000000000000e+00,0.000000000000000000e+00,3.569620599999999655e+01,0.000000000000000000e+00,1.820000000000000062e+00,1.820000000000000062e+00
5.719999999999999751e+00,6.002911341083600583e+00,0.000000000000000000e+00,0.000000000000000000e+00,1.129558683650932371e+00,0.000000000000000000e+00,0.000000000000000000e+00,3.569620599999999655e+01,0.000000000000000000e+00,1.820000000000000062e+00,1.820000000000000062e+00
5.740000000000000213e+00,6.025502514756619910e+00,0.000000000000000000e+00,0.000000000000000000e+00,1.129558683650999429e+00,0.000000000000000000e+00,0.000000000000000000e+00,3.569620599999999655e+01,0.000000000000000000e+00,1.820000000000000062e+00,1.820000000000000062e+00
5.759999999999999787e+00,6.048093688429640125e+00,0.000000000000000000e+00,0.000000000000000000e+00,1.129558683651059825e+00,0.000000000000000000e+00,0.000000000000000000e+00,3.569620599999999655e+01,0.000000000000000000e+00,1.820000000000000062e+00,1.820000000000000062e+00
5.780000000000000249e+00,6.070684862102662116e+00,0.000000000000000000e+00,0.000000000000000000e+00,1.129558683651114226e+00,0.000000000000000000e+00,0.000000000000000000e+00,3.569620599999999655e+01,0.000000000000000000e+00,1.820000000000000062e+00,1.820000000000000062e+00
5.799999999999999822e+00,6.093276035775684996e+00,0.000000000000000000e+00,0.000000000000000000e+00,1.129558683651163076e+00,0.000000000000000000e+00,0.000000000000000000e+00,3.569620599999999655e+01,0.000000000000000000e+00,1.820000000000000062e+00,1.820000000000000062e+00
5.820000000000000284e+00,6.115867209448708763e+00,0.000000000000000000e+00,0.000000000000000000e+00,1.129558683651207041e+00,0.000000000000000000e+00,0.000000000000000000e+00,3.569620599999999655e+01,0.000000000000000000e+00,1.820000000000000062e+00,1.820000000000000062e+00
5.839999999999999858e+00,6.138458383121733419e+00,0.000000000000000000e+00,0.000000000000000000e+00,1.129558683651246564e+00,0.000000000000000000e+00,0.000000000000000000e+00,3.569620599999999655e+01,0.000000000000000000e+00,1.820000000000000062e+00,1.820000000000000062e+00
5.860000000000000320e+00,6.161049556794758963e+00,0.000000000000000000e+00,0.000000000000000000e+00,1.129558683651282092e+00,0.000000000000000000e+00,0.000000000000000000e+00,3.569620599999999655e+01,0.000000000000000000e+00,1.820000000000000062e+00,1.820000000000000062e+00
5.879999999999999893e+00,6.183640730467784508e+00,0.000000000000000000e+00,0.000000000000000000e+00,1.129558683651314066e+00,0.000000000000000000e+00,0.000000000000000000e+00,3.569620599999999655e+01,0.000000000000000000e+00,1.820000000000000062e+00,1.820000000000000062e+00
5.900000000000000355e+00,6.206231904140810940e+00,0.000000000000000000e+00,0.000000000000000000e+00,1.129558683651342932e+00,0.000000000000000000e+00,0.000000000000000000e+00,3.569620599999999655e+01,0.000000000000000000e+00,1.820000000000000062e+00,1.820000000000000062e+00
5.919999999999999929e+00,6.228823077813838260e+00,0.000000000000000000e+00,0.000000000000000000e+00,1.129558683651368911e+00,0.000000000000000000e+00,0.000000000000000000e+00,3.569620599999999655e+01,0.000000000000000000e+00,1.820000000000000062e+00,1.820000000000000062e+00
5.940000000000000391e+00,6.251414251486865581e+00,0.000000000000000000e+00,0.000000000000000000e+00,1.129558683651392226e+00,0.000000000000000000e+00,0.000000000000000000e+00,3.569620599999999655e+01,0.000000000000000000e+00,1.820000000000000062e+00,1.820000000000000062e+00
5.959999999999999964e+00,6.274005425159893790e+00,0.000000000000000000e+00,0.000000000000000000e+00,1.129558683651413098e+00,0.000000000000000000e+00,0.000000000000000000e+00,3.569620599999999655e+01,0.000000000000000000e+00,1.820000000000000062e+00,1.820000000000000062e+00
5.980000000000000426e+00,6.296596598832921998e+00,0.000000000000000000e+00,0.000000000000000000e+00,1.129558683651431972e+00,0.000000000000000000e+00,0.000000000000000000e+00,3.569620599999999655e+01,0.000000000000000000e+00,1.820000000000000062e+00,1.820000000000000062e+00
6.000000000000000000e+00,6.319187772505951095e+00,0.000000000000000000e+00,0.000000000000000000e+00,1.129558683651449069e+00,0.000000000000000000e+00,0.000000000000000000e+00,3.569620599999999655e+01,0.000000000000000000e+00,1.820000000000000062e+00,1.820000000000000062e+00
6.020000000000000462e+00,6.341778946178980192e+00,0.000000000000000000e+00,0.000000000000000000e+00,1.129558683651464390e+00,0.000000000000000000e+00,0.000000000000000000e+00,3.569620599999999655e+01,0.000000000000000000e+00,1.820000000000000062e+00,1.820000000000000062e+00
6.040000000000000036e+00,6.364370119852009289e+00,0.000000000000000000e+00,0.000000000000000000e+00,1.129558683651478157e+00,0.000000000000000000e+00,0.000000000000000000e+00,3.569620599999999655e+01,0.000000000000000000e+00,1.820000000000000062e+00,1.820000000000000062e+00
6.060000000000000497e+00,6.386961293525039274e+00,0.000000000000000000e+00,0.000000000000000000e+00,1.129558683651490592e+00,0.000000000000000000e+00,0.000000000000000000e+00,3.569620599999999655e+01,0.000000000000000000e+00,1.820000000000000062e+00,1.820000000000000062e+00
6.080000000000000071e+00,6.409552467198069259e+00,0.000000000000000000e+00,0.000000000000000000e+00,1.129558683651501694e+00,0.000000000000000000e+00,0.000000000000000000e+00,3.569620599999999655e+01,0.000000000000000000e+00,1.820000000000000062e+00,1.820000000000000062e+00
6.100000000000000533e+00,6.432143640871099244e+00,0.000000000000000000e+00,0.000000000000000000e+00,1.129558683651511686e+00,0.000000000000000000e+00,0.000000000000000000e+00,3.569620599999999655e+01,0.000000000000000000e+00,1.820000000000000062e+00,1.820000000000000062e+00
6.120000000000000107e+00,6.454734814544129229e+00,0.000000000000000000e+00,0.000000000000000000e+00,1.129558683651520790e+00,0.000000000000000000e+00,0.000000000000000000e+00,3.569620599999999655e+01,0.000000000000000000e+00,1.820000000000000062e+00,1.820000000000000062e+00
6.140000000000000568e+00,6.477325988217160102e+00,0.000000000000000000e+00,0.000000000000000000e+00,1.129558683651528783e+00,0.000000000000000000e+00,0.000000000000000000e+00,3.569620599999999655e+01,0.000000000000000000e+00,1.820000000000000062e+00,1.820000000000000062e+00
6.160000000000000142e+00,6.499917161890190975e+00,0.000000000000000000e+00,0.000000000000000000e+00,1.129558683651536111e+00,0.000000000000000000e+00,0.000000000000000000e+00,3.569620599999999655e+01,0.000000000000000000e+00,1.820000000000000062e+00,1.820000000000000062e+00
6.179999999999999716e+00,6.522508335563221848e+00,0.000000000000000000e+00,0.000000000000000000e+00,1.129558683651542550e+00,0.000000000000000000e+00,0.000000000000000000e+00,3.569620599999999655e+01,0.000000000000000000e+00,1.820000000000000062e+00,1.820000000000000062e+00
6.200000000000000178e+00,6.545099509236252722e+00,0.000000000000000000e+00,0.000000000000000000e+00,1.129558683651548545e+00,0.000000000000000000e+00,0.000000000000000000e+00,3.569620599999999655e+01,0.000000000000000000e+00,1.820000000000000062e+00,1.820000000000000062e+00
6.219999999999999751e+00,6.567690682909283595e+00,0.000000000000000000e+00,0.000000000000000000e+00,1.129558683651553874e+00,0.000000000000000000e+00,0.000000000000000000e+00,3.569620599999999655e+01,0.000000000000000000e+00,1.820000000000000062e+00,1.820000000000000062e+00
6.240000000000000213e+00,6.590281856582314468e+00,0.000000000000000000e+00,0.000000000000000000e+00,1.129558683651558537e+00,0.000000000000000000e+00,0.000000000000000000e+00,3.569620599999999655e+01,0.000000000000000000e+00,1.820000000000000062e+00,1.820000000000000062e+00
6.259999999999999787e+00,6.612873030255345341e+00,0.000000000000000000e+00,0.000000000000000000e+00,1.129558683651562756e+00,0.000000000000000000e+00,0.000000000000000000e+00,3.569620599999999655e+01,0.000000000000000000e+00,1.820000000000000062e+00,1.820000000000000062e+00
6.280000000000000249e+00,6.635464203928376214e+00,0.000000000000000000e+00,0.000000000000000000e+00,1.129558683651566531e+00,0.000000000000000000e+00,0.000000000000000000e+00,3.569620599999999655e+01,0.000000000000000000e+00,1.820000000000000062e+00,1.820000000000000062e+00
6.299999999999999822e+00,6.658055377601407976e+00,0.000000000000000000e+00,0.000000000000000000e+00,1.129558683651570083e+00,0.000000000000000000e+00,0.000000000000000000e+00,3.569620599999999655e+01,0.000000000000000000e+00,1.820000000000000062e+00,1.820000000000000062e+00
6.320000000000000284e+00,6.680646551274439737e+00,0.000000000000000000e+00,0.000000000000000000e+00,1.129558683651573192e+00,0.000000000000000000e+00,0.000000000000000000e+00,3.569620599999999655e+01,0.000000000000000000e+00,1.820000000000000062e+00,1.820000000000000062e+00
6.339999999999999858e+00,6.703237724947471499e+00,0.000000000000000000e+00,0.000000000000000000e+00,1.129558683651576079e+00,0.000000000000000000e+00,0.000000000000000000e+00,3.569620599999999655e+01,0.000000000000000000e+00,1.820000000000000062e+00,1.820000000000000062e+00
6.360000000000000320e+00,6.725828898620503260e+00,0.000000000000000000e+00,0.000000000000000000e+00,1.129558683651578521e+00,0.000000000000000000e+00,0.000000000000000000e+00,3.569620599999999655e+01,0.000000000000000000e+00,1.820000000000000062e+00,1.820000000000000062e+00
6.379999999999999893e+00,6.748420072293535021e+00,0.000000000000000000e+00,0.000000000000000000e+00,1.129558683651580742e+00,0.000000000000000000e+00,0.000000000000000000e+00,3.569620599999999655e+01,0.000000000000000000e+00,1.820000000000000062e+00,1.820000000000000062e+00
6.400000000000000355e+00,6.771011245966566783e+00,0.000000000000000000e+00,0.000000000000000000e+00,1.129558683651582740e+00,0.000000000000000000e+00,0.000000000000000000e+00,3.569620599999999655e+01,0.000000000000000000e+00,1.820000000000000062e+00,1.820000000000000062e+00
6.419999999999999929e+00,6.793602419639598544e+00,0.000000000000000000e+00,0.000000000000000000e+00,1.129558683651584516e+00,0.000000000000000000e+00,0.000000000000000000e+00,3.569620599999999655e+01,0.000000000000000000e+00,1.820000000000000062e+00,1.820000000000000062e+00
6.440000000000000391e+00,6.816193593312630306e+00,0.000000000000000000e+00,0.000000000000000000e+00,1.129558683651586293e+00,0.000000000000000000e+00,0.000000000000000000e+00,3.569620599999999655e+01,0.000000000000000000e+00,1.820000000000000062e+00,1.820000000000000062e+00
6.459999999999999964e+00,6.838784766985662067e+00,0.000000000000000000e+00,0.000000000000000000e+00,1.129558683651587847e+00,0.000000000000000000e+00,0.000000000000000000e+00,3.569620599999999655e+01,0.000000000000000000e+00,1.820000000000000062e+00,1.820000000000000062e+00
6.480000000000000426e+00,6.861375940658693828e+00,0.000000000000000000e+00,0.000000000000000000e+00,1.129558683651589179e+00,0.000000000000000000e+00,0.000000000000000000e+00,3.569620599999999655e+01,0.000000000000000000e+00,1.820000000000000062e+00,1.820000000000000062e+00
6.500000000000000000e+00,6.883967114331725590e+00,0.000000000000000000e+00,0.000000000000000000e+00,1.129558683651590290e+00,0.000000000000000000e+00,0.000000000000000000e+00,3.569620599999999655e+01,0.000000000000000000e+00,1.820000000000000062e+00,1.820000000000000062e+00
6.520000000000000462e+00,6.906558288004757351e+00,0.000000000000000000e+00,0.000000000000000000e+00,1.129558683651591400e+00,0.000000000000000000e+00,0.000000000000000000e+00,3.569620599999999655e+01,0.000000000000000000e+00,1.820000000000000062e+00,1.820000000000000062e+00
6.540000000000000036e+00,6.929149461677789112e+00,0.000000000000000000e+00,0.000000000000000000e+00,1.129558683651592510e+00,0.000000000000000000e+00,0.000000000000000000e+00,3.569620599999999655e+01,0.000000000000000000e+00,1.820000000000000062e+00,1.820000000000000062e+00
6.560000000000000497e+00,6.951740635350820874e+00,0.000000000000000000e+00,0.000000000000000000e+00,1.129558683651593398e+00,0.000000000000000000e+00,0.000000000000000000e+00,3.569620599999999655e+01,0.000000000000000000e+00,1.820000000000000062e+00,1.820000000000000062e+00
6.580000000000000071e+00,6.974331809023852635e+00,0.000000000000000000e+00,0.000000000000000000e+00,1.129558683651594286e+00,0.000000000000000000e+00,0.000000000000000000e+00,3.569620599999999655e+01,0.000000000000000000e+00,1.820000000000000062e+00,1.820000000000000062e+00
6.600000000000000533e+00,6.996922982696884397e+00,0.000000000000000000e+00,0.000000000000000000e+00,1.129558683651594952e+00,0.000000000000000000e+00,0.000000000000000000e+00,3.569620599999999655e+01,0.000000000000000000e+00,1.820000000000000062e+00,1.820000000000000062e+00
6.620000000000000107e+00,7.019514156369916158e+00,0.000000000000000000e+00,0.000000000000000000e+00,1.129558683651595619e+00,0.000000000000000000e+00,0.000000000000000000e+00,3.569620599999999655e+01,0.000000000000000000e+00,1.820000000000000062e+00,1.820000000000000062e+00
6.640000000000000568e+00,7.042105330042947919e+00,0.000000000000000000e+00,0.000000000000000000e+00,1.129558683651596285e+00,0.000000000000000000e+00,0.000000000000000000e+00,3.569620599999999655e+01,0.000000000000000000e+00,1.820000000000000062e+00,1.820000000000000062e+00
6.660000000000000142e+00,7.064696503715979681e+00,0.000000000000000000e+00,0.000000000000000000e+00,1.129558683651596729e+00,0.000000000000000000e+00,0.000000000000000000e+00,3.569620599999999655e+01,0.000000000000000000e+00,1.820000000000000062e+00,1.820000000000000062e+00
6.679999999999999716e+00,7.087287677389011442e+00,0.000000000000000000e+00,0.000000000000000000e+00,1.129558683651597173e+00,0.000000000000000000e+00,0.000000000000000000e+00,3.569620599999999655e+01,0.000000000000000000e+00,1.820000000000000062e+00,1.820000000000000062e+00
6.700000000000000178e+00,7.109878851062043204e+00,0.000000000000000000e+00,0.000000000000000000e+00,1.129558683651597617e+00,0.000000000000000000e+00,0.000000000000000000e+00,3.569620599999999655e+01,0.000000000000000000e+00,1.820000000000000062e+00,1.820000000000000062e+00
6.719999999999999751e+00,7.132470024735074965e+00,0.000000000000000000e+00,0.000000000000000000e+00,1.129558683651598061e+00,0.000000000000000000e+00,0.000000000000000000e+00,3.569620599999999655e+01,0.000000000000000000e+00,1.820000000000000062e+00,1.820000000000000062e+00
6.740000000000000213e+00,7.155061198408106726e+00,0.000000000000000000e+00,0.000000000000000000e+00,1.129558683651598283e+00,0.000000000000000000e+00,0.000000000000000000e+00,3.569620599999999655e+01,0.000000000000000000e+00,1.820000000000000062e+00,1.820000000000000062e+00
6.759999999999999787e+00,7.177652372081138488e+00,0.000000000000000000e+00,0.000000000000000000e+00,1.129558683651598505e+00,0.000000000000000000e+00,0.000000000000000000e+00,3.569620599999999655e+01,0.000000000000000000e+00,1.820000000000000062e+00,1.820000000000000062e+00
6.780000000000000249e+00,7.200243545754170249e+00,0.000000000000000000e+00,0.000000000000000000e+00,1.129558683651598727e+00,0.000000000000000000e+00,0.000000000000000000e+00,3.569620599999999655e+01,0.000000000000000000e+00,1.820000000000000062e+00,1.820000000000000062e+00
6.799999999999999822e+00,7.222834719427202010e+00,0.000000000000000000e+00,0.000000000000000000e+00,1.129558683651598949e+00,0.000000000000000000e+00,0.000000000000000000e+00,3.569620599999999655e+01,0.000000000000000000e+00,1.820000000000000062e+00,1.820000000000000062e+00
6.820000000000000284e+00,7.245425893100233772e+00,0.000000000000000000e+00,0.000000000000000000e+00,1.129558683651599171e+00,0.000000000000000000e+00,0.000000000000000000e+00,3.569620599999999655e+01,0.000000000000000000e+00,1.820000000000000062e+00,1.820000000000000062e+00
6.839999999999999858e+00,7.268017066773265533e+00,0.000000000000000000e+00,0.000000000000000000e+00,1.129558683651599393e+00,0.000000000000000000e+00,0.000000000000000000e+00,3.569620599999999655e+01,0.000000000000000000e+00,1.820000000000000062e+00,1.820000000000000062e+00
6.860000000000000320e+00,7.290608240446297295e+00,0.000000000000000000e+00,0.000000000000000000e+00,1.129558683651599615e+00,0.000000000000000000e+00,0.000000000000000000e+00,3.569620599999999655e+01,0.000000000000000000e+00,1.820000000000000062e+00,1.820000000000000062e+00
6.879999999999999893e+00,7.313199414119329056e+00,0.000000000000000000e+00,0.000000000000000000e+00,1.129558683651599837e+00,0.000000000000000000e+00,0.000000000000000000e+00,3.569620599999999655e+01,0.000000000000000000e+00,1.820000000000000062e+00,1.820000000000000062e+00
6.900000000000000355e+00,7.335790587792360817e+00,0.000000000000000000e+00,0.000000000000000000e+00,1.129558683651600060e+00,0.000000000000000000e+00,0.000000000000000000e+00,3.569620599999999655e+01,0.000000000000000000e+00,1.820000000000000062e+00,1.820000000000000062e+00
6.919999999999999929e+00,7.358381761465392579e+00,0.000000000000000000e+00,0.000000000000000000e+00,1.129558683651600282e+00,0.000000000000000000e+00,0.000000000000000000e+00,3.569620599999999655e+01,0.000000000000000000e+00,1.820000000000000062e+00,1.820000000000000062e+00
6.940000000000000391e+00,7.380972935138424340e+00,0.000000000000000000e+00,0.000000000000000000e+00,1.129558683651600504e+00,0.000000000000000000e+00,0.000000000000000000e+00,3.569620599999999655e+01,0.000000000000000000e+00,1.820000000000000062e+00,1.820000000000000062e+00
6.959999999999999964e+00,7.403564108811456101e+00,0.000000000000000000e+00,0.000000000000000000e+00,1.129558683651600504e+00,0.000000000000000000e+00,0.000000000000000000e+00,3.569620599999999655e+01,0.000000000000000000e+00,1.820000000000000062e+00,1.820000000000000062e+00
6.980000000000000426e+00,7.426155282484487863e+00,0.000000000000000000e+00,0.000000000000000000e+00,1.129558683651600504e+00,0.000000000000000000e+00,0.000000000000000000e+00,3.569620599999999655e+01,0.000000000000000000e+00,1.820000000000000062e+00,1.820000000000000062e+00
7.000000000000000000e+00,7.448746456157519624e+00,0.000000000000000000e+00,0.000000000000000000e+00,1.129558683651600504e+00,0.000000000000000000e+00,0.000000000000000000e+00,3.569620599999999655e+01,0.000000000000000000e+00,1.820000000000000062e+00,1.820000000000000062e+00
7.020000000000000462e+00,7.471337629830551386e+00,0.000000000000000000e+00,0.000000000000000000e+00,1.129558683651600504e+00,0.000000000000000000e+00,0.000000000000000000e+00,3.569620599999999655e+01,0.000000000000000000e+00,1.820000000000000062e+00,1.820000000000000062e+00
7.040000000000000036e+00,7.493928803503583147e+00,0.000000000000000000e+00,0.000000000000000000e+00,1.129558683651600504e+00,0.000000000000000000e+00,0.000000000000000000e+00,3.569620599999999655e+01,0.000000000000000000e+00,1.820000000000000062e+00,1.820000000000000062e+00
7.060000000000000497e+00,7.516519977176614908e+00,0.000000000000000000e+00,0.000000000000000000e+00,1.129558683651600504e+00,0.000000000000000000e+00,0.000000000000000000e+00,3.569620599999999655e+01,0.000000000000000000e+00,1.820000000000000062e+00,1.820000000000000062e+00
7.080000000000000071e+00,7.539111150849646670e+00,0.000000000000000000e+00,0.000000000000000000e+00,1.129558683651600504e+00,0.000000000000000000e+00,0.000000000000000000e+00,3.569620599999999655e+01,0.000000000000000000e+00,1.820000000000000062e+00,1.820000000000000062e+00
7.100000000000000533e+00,7.561702324522678431e+00,0.000000000000000000e+00,0.000000000000000000e+00,1.129558683651600504e+00,0.000000000000000000e+00,0.000000000000000000e+00,3.569620599999999655e+01,0.000000000000000000e+00,1.820000000000000062e+00,1.820000000000000062e+00
7.120000000000000107e+00,7.584293498195710193e+00,0.000000000000000000e+00,0.000000000000000000e+00,1.129558683651600504e+00,0.000000000000000000e+00,0.000000000000000000e+00,3.569620599999999655e+01,0.000000000000000000e+00,1.820000000000000062e+00,1.820000000000000062e+00
7.140000000000000568e+00,7.606884671868741954e+00,0.000000000000000000e+00,0.000000000000000000e+00,1.129558683651600504e+00,0.000000000000000000e+00,0.000000000000000000e+00,3.569620599999999655e+01,0.000000000000000000e+00,1.820000000000000062e+00,1.820000000000000062e+00
7.160000000000000142e+00,7.629475845541773715e+00,0.000000000000000000e+00,0.000000000000000000e+00,1.129558683651600504e+00,0.000000000000000000e+00,0.000000000000000000e+00,3.569620599999999655e+01,0.000000000000000000e+00,1.820000000000000062e+00,1.820000000000000062e+00
7.179999999999999716e+00,7.652067019214805477e+00,0.000000000000000000e+00,0.000000000000000000e+00,1.129558683651600504e+00,0.000000000000000000e+00,0.000000000000000000e+00,3.569620599999999655e+01,0.000000000000000000e+00,1.820000000000000062e+00,1.820000000000000062e+00
7.200000000000000178e+00,7.674658192887837238e+00,0.000000000000000000e+00,0.000000000000000000e+00,1.129558683651600504e+00,0.000000000000000000e+00,0.000000000000000000e+00,3.569620599999999655e+01,0.000000000000000000e+00,1.820000000000000062e+00,1.820000000000000062e+00
7.219999999999999751e+00,7.697249366560868999e+00,0.000000000000000000e+00,0.000000000000000000e+00,1.129558683651600504e+00,0.000000000000000000e+00,0.000000000000000000e+00,3.569620599999999655e+01,0.000000000000000000e+00,1.820000000000000062e+00,1.820000000000000062e+00
7.240000000000000213e+00,7.719840540233900761e+00,0.000000000000000000e+00,0.000000000000000000e+00,1.129558683651600504e+00,0.000000000000000000e+00,0.000000000000000000e+00,3.569620599999999655e+01,0.000000000000000000e+00,1.820000000000000062e+00,1.820000000000000062e+00
7.259999999999999787e+00,7.742431713906932522e+00,0.000000000000000000e+00,0.000000000000000000e+00,1.129558683651600504e+00,0.000000000000000000e+00,0.000000000000000000e+00,3.569620599999999655e+01,0.000000000000000000e+00,1.820000000000000062e+00,1.820000000000000062e+00
7.280000000000000249e+00,7.765022887579964284e+00,0.000000000000000000e+00,0.000000000000000000e+00,1.129558683651600504e+00,0.000000000000000000e+00,0.000000000000000000e+00,3.569620599999999655e+01,0.000000000000000000e+00,1.820000000000000062e+00,1.820000000000000062e+00
7.299999999999999822e+00,7.787614061252996045e+00,0.000000000000000000e+00,0.000000000000000000e+00,1.129558683651600504e+00,0.000000000000000000e+00,0.000000000000000000e+00,3.569620599999999655e+01,0.000000000000000000e+00,1.820000000000000062e+00,1.820000000000000062e+00
7.320000000000000284e+00,7.810205234926027806e+00,0.000000000000000000e+00,0.000000000000000000e+00,1.129558683651600504e+00,0.000000000000000000e+00,0.000000000000000000e+00,3.569620599999999655e+01,0.000000000000000000e+00,1.820000000000000062e+00,1.820000000000000062e+00
7.339999999999999858e+00,7.832796408599059568e+00,0.000000000000000000e+00,0.000000000000000000e+00,1.129558683651600504e+00,0.000000000000000000e+00,0.000000000000000000e+00,3.569620599999999655e+01,0.000000000000000000e+00,1.820000000000000062e+00,1.820000000000000062e+00
7.360000000000000320e+00,7.855387582272091329e+00,0.000000000000000000e+00,0.000000000000000000e+00,1.129558683651600504e+00,0.000000000000000000e+00,0.000000000000000000e+00,3.569620599999999655e+01,0.000000000000000000e+00,1.820000000000000062e+00,1.820000000000000062e+00
7.379999999999999893e+00,7.877978755945123090e+00,0.000000000000000000e+00,0.000000000000000000e+00,1.129558683651600504e+00,0.000000000000000000e+00,0.000000000000000000e+00,3.569620599999999655e+01,0.000000000000000000e+00,1.820000000000000062e+00,1.820000000000000062e+00
7.400000000000000355e+00,7.900569929618154852e+00,0.000000000000000000e+00,0.000000000000000000e+00,1.129558683651600504e+00,0.000000000000000000e+00,0.000000000000000000e+00,3.569620599999999655e+01,0.000000000000000000e+00,1.820000000000000062e+00,1.820000000000000062e+00
7.419999999999999929e+00,7.923161103291186613e+00,0.000000000000000000e+00,0.000000000000000000e+00,1.129558683651600504e+00,0.000000000000000000e+00,0.000000000000000000e+00,3.569620599999999655e+01,0.000000000000000000e+00,1.820000000000000062e+00,1.820000000000000062e+00
7.440000000000000391e+00,7.945752276964218375e+00,0.000000000000000000e+00,0.000000000000000000e+00,1.129558683651600504e+00,0.000000000000000000e+00,0.000000000000000000e+00,3.569620599999999655e+01,0.000000000000000000e+00,1.820000000000000062e+00,1.820000000000000062e+00
7.459999999999999964e+00,7.968343450637250136e+00,0.000000000000000000e+00,0.000000000000000000e+00,1.129558683651600504e+00,0.000000000000000000e+00,0.000000000000000000e+00,3.569620599999999655e+01,0.000000000000000000e+00,1.820000000000000062e+00,1.820000000000000062e+00
7.480000000000000426e+00,7.990934624310281897e+00,0.000000000000000000e+00,0.000000000000000000e+00,1.129558683651600504e+00,0.000000000000000000e+00,0.000000000000000000e+00,3.569620599999999655e+01,0.000000000000000000e+00,1.820000000000000062e+00,1.820000000000000062e+00
7.500000000000000000e+00,8.013525797983314547e+00,0.000000000000000000e+00,0.000000000000000000e+00,1.129558683651600504e+00,0.000000000000000000e+00,0.000000000000000000e+00,3.569620599999999655e+01,0.000000000000000000e+00,1.820000000000000062e+00,1.820000000000000062e+00
7.520000000000000462e+00,8.036116971656346308e+00,0.000000000000000000e+00,0.000000000000000000e+00,1.129558683651600504e+00,0.000000000000000000e+00,0.000000000000000000e+00,3.569620599999999655e+01,0.000000000000000000e+00,1.820000000000000062e+00,1.820000000000000062e+00
7.540000000000000036e+00,8.058708145329378070e+00,0.000000000000000000e+00,0.000000000000000000e+00,1.129558683651600504e+00,0.000000000000000000e+00,0.000000000000000000e+00,3.569620599999999655e+01,0.000000000000000000e+00,1.820000000000000062e+00,1.820000000000000062e+00
7.560000000000000497e+00,8.081299319002409831e+00,0.000000000000000000e+00,0.000000000000000000e+00,1.129558683651600504e+00,0.000000000000000000e+00,0.000000000000000000e+00,3.569620599999999655e+01,0.000000000000000000e+00,1.820000000000000062e+00,1.820000000000000062e+00
7.580000000000000071e+00,8.103890492675441592e+00,0.000000000000000000e+00,0.000000000000000000e+00,1.129558683651600504e+00,0.000000000000000000e+00,0.000000000000000000e+00,3.569620599999999655e+01,0.000000000000000000e+00,1.820000000000000062e+00,1.820000000000000062e+00
7.600000000000000533e+00,8.126481666348473354e+00,0.000000000000000000e+00,0.000000000000000000e+00,1.129558683651600504e+00,0.000000000000000000e+00,0.000000000000000000e+00,3.569620599999999655e+01,0.000000000000000000e+00,1.820000000000000062e+00,1.820000000000000062e+00
7.620000000000000107e+00,8.149072840021505115e+00,0.000000000000000000e+00,0.000000000000000000e+00,1.129558683651600504e+00,0.000000000000000000e+00,0.000000000000000000e+00,3.569620599999999655e+01,0.000000000000000000e+00,1.820000000000000062e+00,1.820000000000000062e+00
7.640000000000000568e+00,8.171664013694536877e+00,0.000000000000000000e+00,0.000000000000000000e+00,1.129558683651600504e+00,0.000000000000000000e+00,0.000000000000000000e+00,3.569620599999999655e+01,0.000000000000000000e+00,1.820000000000000062e+00,1.820000000000000062e+00
7.660000000000000142e+00,8.194255187367568638e+00,0.000000000000000000e+00,0.000000000000000000e+00,1.129558683651600504e+00,0.000000000000000000e+00,0.000000000000000000e+00,3.569620599999999655e+01,0.000000000000000000e+00,1.820000000000000062e+00,1.820000000000000062e+00
7.679999999999999716e+00,8.216846361040600399e+00,0.000000000000000000e+00,0.000000000000000000e+00,1.129558683651600504e+00,0.000000000000000000e+00,0.000000000000000000e+00,3.569620599999999655e+01,0.000000000000000000e+00,1.820000000000000062e+00,1.820000000000000062e+00
7.700000000000000178e+00,8.239437534713632161e+00,0.000000000000000000e+00,0.000000000000000000e+00,1.129558683651600504e+00,0.000000000000000000e+00,0.000000000000000000e+00,3.569620599999999655e+01,0.000000000000000000e+00,1.820000000000000062e+00,1.820000000000000062e+00
7.719999999999999751e+00,8.262028708386663922e+00,0.000000000000000000e+00,0.000000000000000000e+00,1.129558683651600504e+00,0.000000000000000000e+00,0.000000000000000000e+00,3.569620599999999655e+01,0.000000000000000000e+00,1.820000000000000062e+00,1.820000000000000062e+00
7.740000000000000213e+00,8.284619882059695684e+00,0.000000000000000000e+00,0.000000000000000000e+00,1.129558683651600504e+00,0.000000000000000000e+00,0.000000000000000000e+00,3.569620599999999655e+01,0.000000000000000000e+00,1.820000000000000062e+00,1.820000000000000062e+00
7.759999999999999787e+00,8.307211055732727445e+00,0.000000000000000000e+00,0.000000000000000000e+00,1.129558683651600504e+00,0.000000000000000000e+00,0.000000000000000000e+00,3.569620599999999655e+01,0.000000000000000000e+00,1.820000000000000062e+00,1.820000000000000062e+00
7.780000000000000249e+00,8.329802229405759206e+00,0.000000000000000000e+00,0.000000000000000000e+00,1.129558683651600504e+00,0.000000000000000000e+00,0.000000000000000000e+00,3.569620599999999655e+01,0.000000000000000000e+00,1.820000000000000062e+00,1.820000000000000062e+00
7.799999999999999822e+00,8.352393403078790968e+00,0.000000000000000000e+00,0.000000000000000000e+00,1.129558683651600504e+00,0.000000000000000000e+00,0.000000000000000000e+00,3.569620599999999655e+01,0.000000000000000000e+00,1.820000000000000062e+00,1.820000000000000062e+00
7.820000000000000284e+00,8.374984576751822729e+00,0.000000000000000000e+00,0.000000000000000000e+00,1.129558683651600504e+00,0.000000000000000000e+00,0.000000000000000000e+00,3.569620599999999655e+01,0.000000000000000000e+00,1.820000000000000062e+00,1.820000000000000062e+00
7.839999999999999858e+00,8.397575750424854490e+00,0.000000000000000000e+00,0.000000000000000000e+00,1.129558683651600504e+00,0.000000000000000000e+00,0.000000000000000000e+00,3.569620599999999655e+01,0.000000000000000000e+00,1.820000000000000062e+00,1.820000000000000062e+00
7.860000000000000320e+00,8.420166924097886252e+00,0.000000000000000000e+00,0.000000000000000000e+00,1.129558683651600504e+00,0.000000000000000000e+00,0.000000000000000000e+00,3.569620599999999655e+01,0.000000000000000000e+00,1.820000000000000062e+00,1.820000000000000062e+00
7.879999999999999893e+00,8.442758097770918013e+00,0.000000000000000000e+00,0.000000000000000000e+00,1.129558683651600504e+00,0.000000000000000000e+00,0.000000000000000000e+00,3.569620599999999655e+01,0.000000000000000000e+00,1.820000000000000062e+00,1.820000000000000062e+00
7.900000000000000355e+00,8.465349271443949775e+00,0.000000000000000000e+00,0.000000000000000000e+00,1.129558683651600504e+00,0.000000000000000000e+00,0.000000000000000000e+00,3.569620599999999655e+01,0.000000000000000000e+00,1.820000000000000062e+00,1.820000000000000062e+00
7.919999999999999929e+00,8.487940445116981536e+00,0.000000000000000000e+00,0.000000000000000000e+00,1.129558683651600504e+00,0.000000000000000000e+00,0.000000000000000000e+00,3.569620599999999655e+01,0.000000000000000000e+00,1.820000000000000062e+00,1.820000000000000062e+00
7.940000000000000391e+00,8.510531618790013297e+00,0.000000000000000000e+00,0.000000000000000000e+00,1.129558683651600504e+00,0.000000000000000000e+00,0.000000000000000000e+00,3.569620599999999655e+01,0.000000000000000000e+00,1.820000000000000062e+00,1.820000000000000062e+00
7.959999999999999964e+00,8.533122792463045059e+00,0.000000000000000000e+00,0.000000000000000000e+00,1.129558683651600504e+00,0.000000000000000000e+00,0.000000000000000000e+00,3.569620599999999655e+01,0.000000000000000000e+00,1.820000000000000062e+00,1.820000000000000062e+00
7.980000000000000426e+00,8.555713966136076820e+00,0.000000000000000000e+00,0.000000000000000000e+00,1.129558683651600504e+00,0.000000000000000000e+00,0.000000000000000000e+00,3.569620599999999655e+01,0.000000000000000000e+00,1.820000000000000062e+00,1.820000000000000062e+00
8.000000000000000000e+00,8.578305139809108582e+00,0.000000000000000000e+00,0.000000000000000000e+00,1.129558683651600504e+00,0.000000000000000000e+00,0.000000000000000000e+00,3.569620599999999655e+01,0.000000000000000000e+00,1.820000000000000062e+00,1.820000000000000062e+00
8.019999999999999574e+00,8.600896313482140343e+00,0.000000000000000000e+00,0.000000000000000000e+00,1.129558683651600504e+00,0.000000000000000000e+00,0.000000000000000000e+00,3.569620599999999655e+01,0.000000000000000000e+00,1.820000000000000062e+00,1.820000000000000062e+00
8.040000000000000924e+00,8.623487487155172104e+00,0.000000000000000000e+00,0.000000000000000000e+00,1.129558683651600504e+00,0.000000000000000000e+00,0.000000000000000000e+00,3.569620599999999655e+01,0.000000000000000000e+00,1.820000000000000062e+00,1.820000000000000062e+00
8.060000000000000497e+00,8.646078660828203866e+00,0.000000000000000000e+00,0.000000000000000000e+00,1.129558683651600504e+00,0.000000000000000000e+00,0.000000000000000000e+00,3.569620599999999655e+01,0.000000000000000000e+00,1.820000000000000062e+00,1.820000000000000062e+00
8.080000000000000071e+00,8.668669834501235627e+00,0.000000000000000000e+00,0.000000000000000000e+00,1.129558683651600504e+00,0.000000000000000000e+00,0.000000000000000000e+00,3.569620599999999655e+01,0.000000000000000000e+00,1.820000000000000062e+00,1.820000000000000062e+00
8.099999999999999645e+00,8.691261008174267388e+00,0.000000000000000000e+00,0.000000000000000000e+00,1.129558683651600504e+00,0.000000000000000000e+00,0.000000000000000000e+00,3.569620599999999655e+01,0.000000000000000000e+00,1.820000000000000062e+00,1.820000000000000062e+00
8.120000000000000995e+00,8.713852181847299150e+00,0.000000000000000000e+00,0.000000000000000000e+00,1.129558683651600504e+00,0.000000000000000000e+00,0.000000000000000000e+00,3.569620599999999655e+01,0.000000000000000000e+00,1.820000000000000062e+00,1.820000000000000062e+00
8.140000000000000568e+00,8.736443355520330911e+00,0.000000000000000000e+00,0.000000000000000000e+00,1.129558683651600504e+00,0.000000000000000000e+00,0.000000000000000000e+00,3.569620599999999655e+01,0.000000000000000000e+00,1.820000000000000062e+00,1.820000000000000062e+00
8.160000000000000142e+00,8.759034529193362673e+00,0.000000000000000000e+00,0.000000000000000000e+00,1.129558683651600504e+00,0.000000000000000000e+00,0.000000000000000000e+00,3.569620599999999655e+01,0.000000000000000000e+00,1.820000000000000062e+00,1.820000000000000062e+00
8.179999999999999716e+00,8.781625702866394434e+00,0.000000000000000000e+00,0.000000000000000000e+00,1.129558683651600504e+00,0.000000000000000000e+00,0.000000000000000000e+00,3.569620599999999655e+01,0.000000000000000000e+00,1.820000000000000062e+00,1.820000000000000062e+00
8.199999999999999289e+00,8.804216876539426195e+00,0.000000000000000000e+00,0.000000000000000000e+00,1.129558683651600504e+00,0.000000000000000000e+00,0.000000000000000000e+00,3.569620599999999655e+01,0.000000000000000000e+00,1.820000000000000062e+00,1.820000000000000062e+00
8.220000000000000639e+00,8.826808050212457957e+00,0.000000000000000000e+00,0.000000000000000000e+00,1.129558683651600504e+00,0.000000000000000000e+00,0.000000000000000000e+00,3.569620599999999655e+01,0.000000000000000000e+00,1.820000000000000062e+00,1.820000000000000062e+00
8.240000000000000213e+00,8.849399223885489718e+00,0.000000000000000000e+00,0.000000000000000000e+00,1.129558683651600504e+00,0.000000000000000000e+00,0.000000000000000000e+00,3.569620599999999655e+01,0.000000000000000000e+00,1.820000000000000062e+00,1.820000000000000062e+00
8.259999999999999787e+00,8.871990397558521479e+00,0.000000000000000000e+00,0.000000000000000000e+00,1.129558683651600504e+00,0.000000000000000000e+00,0.000000000000000000e+00,3.569620599999999655e+01,0.000000000000000000e+00,1.820000000000000062e+00,1.820000000000000062e+00
8.279999999999999361e+00,8.894581571231553241e+00,0.000000000000000000e+00,0.000000000000000000e+00,1.129558683651600504e+00,0.000000000000000000e+00,0.000000000000000000e+00,3.569620599999999655e+01,0.000000000000000000e+00,1.820000000000000062e+00,1.820000000000000062e+00
8.300000000000000711e+00,8.917172744904585002e+00,0.000000000000000000e+00,0.000000000000000000e+00,1.129558683651600504e+00,0.000000000000000000e+00,0.000000000000000000e+00,3.569620599999999655e+01,0.000000000000000000e+00,1.820000000000000062e+00,1.820000000000000062e+00
8.320000000000000284e+00,8.939763918577616764e+00,0.000000000000000000e+00,0.000000000000000000e+00,1.129558683651600504e+00,0.000000000000000000e+00,0.000000000000000000e+00,3.569620599999999655e+01,0.000000000000000000e+00,1.820000000000000062e+00,1.820000000000000062e+00
8.339999999999999858e+00,8.962355092250648525e+00,0.000000000000000000e+00,0.000000000000000000e+00,1.129558683651600504e+00,0.000000000000000000e+00,0.000000000000000000e+00,3.569620599999999655e+01,0.000000000000000000e+00,1.820000000000000062e+00,1.820000000000000062e+00
8.359999999999999432e+00,8.984946265923680286e+00,0.000000000000000000e+00,0.000000000000000000e+00,1.129558683651600504e+00,0.000000000000000000e+00,0.000000000000000000e+00,3.569620599999999655e+01,0.000000000000000000e+00,1.820000000000000062e+00,1.820000000000000062e+00
8.380000000000000782e+00,9.007537439596712048e+00,0.000000000000000000e+00,0.000000000000000000e+00,1.129558683651600504e+00,0.000000000000000000e+00,0.000000000000000000e+00,3.569620599999999655e+01,0.000000000000000000e+00,1.820000000000000062e+00,1.820000000000000062e+00
8.400000000000000355e+00,9.030128613269743809e+00,0.000000000000000000e+00,0.000000000000000000e+00,1.129558683651600504e+00,0.000000000000000000e+00,0.000000000000000000e+00,3.569620599999999655e+01,0.000000000000000000e+00,1.820000000000000062e+00,1.820000000000000062e+00
8.419999999999999929e+00,9.052719786942775571e+00,0.000000000000000000e+00,0.000000000000000000e+00,1.129558683651600504e+00,0.000000000000000000e+00,0.000000000000000000e+00,3.569620599999999655e+01,0.000000000000000000e+00,1.820000000000000062e+00,1.820000000000000062e+00
8.439999999999999503e+00,9.075310960615807332e+00,0.000000000000000000e+00,0.000000000000000000e+00,1.129558683651600504e+00,0.000000000000000000e+00,0.000000000000000000e+00,3.569620599999999655e+01,0.000000000000000000e+00,1.820000000000000062e+00,1.820000000000000062e+00
8.460000000000000853e+00,9.097902134288839093e+00,0.000000000000000000e+00,0.000000000000000000e+00,1.129558683651600504e+00,0.000000000000000000e+00,0.000000000000000000e+00,3.569620599999999655e+01,0.000000000000000000e+00,1.820000000000000062e+00,1.820000000000000062e+00
8.480000000000000426e+00,9.120493307961870855e+00,0.000000000000000000e+00,0.000000000000000000e+00,1.129558683651600504e+00,0.000000000000000000e+00,0.000000000000000000e+00,3.569620599999999655e+01,0.000000000000000000e+00,1.820000000000000062e+00,1.820000000000000062e+00
8.500000000000000000e+00,9.143084481634902616e+00,0.000000000000000000e+00,0.000000000000000000e+00,1.129558683651600504e+00,0.000000000000000000e+00,0.000000000000000000e+00,3.569620599999999655e+01,0.000000000000000000e+00,1.820000000000000062e+00,1.820000000000000062e+00
8.519999999999999574e+00,9.165675655307934377e+00,0.000000000000000000e+00,0.000000000000000000e+00,1.129558683651600504e+00,0.000000000000000000e+00,0.000000000000000000e+00,3.569620599999999655e+01,0.000000000000000000e+00,1.820000000000000062e+00,1.820000000000000062e+00
8.540000000000000924e+00,9.188266828980966139e+00,0.000000000000000000e+00,0.000000000000000000e+00,1.129558683651600504e+00,0.000000000000000000e+00,0.000000000000000000e+00,3.569620599999999655e+01,0.000000000000000000e+00,1.820000000000000062e+00,1.820000000000000062e+00
8.560000000000000497e+00,9.210858002653997900e+00,0.000000000000000000e+00,0.000000000000000000e+00,1.129558683651600504e+00,0.000000000000000000e+00,0.000000000000000000e+00,3.569620599999999655e+01,0.000000000000000000e+00,1.820000000000000062e+00,1.820000000000000062e+00
8.580000000000000071e+00,9.233449176327029662e+00,0.000000000000000000e+00,0.000000000000000000e+00,1.129558683651600504e+00,0.000000000000000000e+00,0.000000000000000000e+00,3.569620599999999655e+01,0.000000000000000000e+00,1.820000000000000062e+00,1.820000000000000062e+00
8.599999999999999645e+00,9.256040350000061423e+00,0.000000000000000000e+00,0.000000000000000000e+00,1.129558683651600504e+00,0.000000000000000000e+00,0.000000000000000000e+00,3.569620599999999655e+01,0.000000000000000000e+00,1.820000000000000062e+00,1.820000000000000062e+00
8.620000000000000995e+00,9.278631523673093184e+00,0.000000000000000000e+00,0.000000000000000000e+00,1.129558683651600504e+00,0.000000000000000000e+00,0.000000000000000000e+00,3.569620599999999655e+01,0.000000000000000000e+00,1.820000000000000062e+00,1.820000000000000062e+00
8.640000000000000568e+00,9.301222697346124946e+00,0.000000000000000000e+00,0.000000000000000000e+00,1.129558683651600504e+00,0.000000000000000000e+00,0.000000000000000000e+00,3.569620599999999655e+01,0.000000000000000000e+00,1.820000000000000062e+00,1.820000000000000062e+00
8.660000000000000142e+00,9.323813871019156707e+00,0.000000000000000000e+00,0.000000000000000000e+00,1.129558683651600504e+00,0.000000000000000000e+00,0.000000000000000000e+00,3.569620599999999655e+01,0.000000000000000000e+00,1.820000000000000062e+00,1.820000000000000062e+00
8.679999999999999716e+00,9.346405044692188469e+00,0.000000000000000000e+00,0.000000000000000000e+00,1.129558683651600504e+00,0.000000000000000000e+00,0.000000000000000000e+00,3.569620599999999655e+01,0.000000000000000000e+00,1.820000000000000062e+00,1.820000000000000062e+00
8.700000000000001066e+00,9.368996218365220230e+00,0.000000000000000000e+00,0.000000000000000000e+00,1.129558683651600504e+00,0.000000000000000000e+00,0.000000000000000000e+00,3.569620599999999655e+01,0.000000000000000000e+00,1.820000000000000062e+00,1.820000000000000062e+00
8.720000000000000639e+00,9.391587392038251991e+00,0.000000000000000000e+00,0.000000000000000000e+00,1.129558683651600504e+00,0.000000000000000000e+00,0.000000000000000000e+00,3.569620599999999655e+01,0.000000000000000000e+00,1.820000000000000062e+00,1.820000000000000062e+00
8.740000000000000213e+00,9.414178565711283753e+00,0.000000000000000000e+00,0.000000000000000000e+00,1.129558683651600504e+00,0.000000000000000000e+00,0.000000000000000000e+00,3.569620599999999655e+01,0.000000000000000000e+00,1.820000000000000062e+00,1.820000000000000062e+00
8.759999999999999787e+00,9.436769739384315514e+00,0.000000000000000000e+00,0.000000000000000000e+00,1.129558683651600504e+00,0.000000000000000000e+00,0.000000000000000000e+00,3.569620599999999655e+01,0.000000000000000000e+00,1.820000000000000062e+00,1.820000000000000062e+00
8.779999999999999361e+00,9.459360913057347275e+00,0.000000000000000000e+00,0.000000000000000000e+00,1.129558683651600504e+00,0.000000000000000000e+00,0.000000000000000000e+00,3.569620599999999655e+01,0.000000000000000000e+00,1.820000000000000062e+00,1.820000000000000062e+00
8.800000000000000711e+00,9.481952086730379037e+00,0.000000000000000000e+00,0.000000000000000000e+00,1.129558683651600504e+00,0.000000000000000000e+00,0.000000000000000000e+00,3.569620599999999655e+01,0.000000000000000000e+00,1.820000000000000062e+00,1.820000000000000062e+00
8.820000000000000284e+00,9.504543260403410798e+00,0.000000000000000000e+00,0.000000000000000000e+00,1.129558683651600504e+00,0.000000000000000000e+00,0.000000000000000000e+00,3.569620599999999655e+01,0.000000000000000000e+00,1.820000000000000062e+00,1.820000000000000062e+00
8.839999999999999858e+00,9.527134434076442560e+00,0.000000000000000000e+00,0.000000000000000000e+00,1.129558683651600504e+00,0.000000000000000000e+00,0.000000000000000000e+00,3.569620599999999655e+01,0.000000000000000000e+00,1.820000000000000062e+00,1.820000000000000062e+00
8.859999999999999432e+00,9.549725607749474321e+00,0.000000000000000000e+00,0.000000000000000000e+00,1.129558683651600504e+00,0.000000000000000000e+00,0.000000000000000000e+00,3.569620599999999655e+01,0.000000000000000000e+00,1.820000000000000062e+00,1.820000000000000062e+00
8.880000000000000782e+00,9.572316781422506082e+00,0.000000000000000000e+00,0.000000000000000000e+00,1.129558683651600504e+00,0.000000000000000000e+00,0.000000000000000000e+00,3.569620599999999655e+01,0.000000000000000000e+00,1.820000000000000062e+00,1.820000000000000062e+00
8.900000000000000355e+00,9.594907955095537844e+00,0.000000000000000000e+00,0.000000000000000000e+00,1.129558683651600504e+00,0.000000000000000000e+00,0.000000000000000000e+00,3.569620599999999655e+01,0.000000000000000000e+00,1.820000000000000062e+00,1.820000000000000062e+00
8.919999999999999929e+00,9.617499128768569605e+00,0.000000000000000000e+00,0.000000000000000000e+00,1.129558683651600504e+00,0.000000000000000000e+00,0.000000000000000000e+00,3.569620599999999655e+01,0.000000000000000000e+00,1.820000000000000062e+00,1.820000000000000062e+00
8.939999999999999503e+00,9.640090302441601366e+00,0.000000000000000000e+00,0.000000000000000000e+00,1.129558683651600504e+00,0.000000000000000000e+00,0.000000000000000000e+00,3.569620599999999655e+01,0.000000000000000000e+00,1.820000000000000062e+00,1.820000000000000062e+00
8.960000000000000853e+00,9.662681476114633128e+00,0.000000000000000000e+00,0.000000000000000000e+00,1.129558683651600504e+00,0.000000000000000000e+00,0.000000000000000000e+00,3.569620599999999655e+01,0.000000000000000000e+00,1.820000000000000062e+00,1.820000000000000062e+00
8.980000000000000426e+00,9.685272649787664889e+00,0.000000000000000000e+00,0.000000000000000000e+00,1.129558683651600504e+00,0.000000000000000000e+00,0.000000000000000000e+00,3.569620599999999655e+01,0.000000000000000000e+00,1.820000000000000062e+00,1.820000000000000062e+00
9.000000000000000000e+00,9.707863823460696651e+00,0.000000000000000000e+00,0.000000000000000000e+00,1.129558683651600504e+00,0.000000000000000000e+00,0.000000000000000000e+00,3.569620599999999655e+01,0.000000000000000000e+00,1.820000000000000062e+00,1.820000000000000062e+00
9.019999999999999574e+00,9.730454997133728412e+00,0.000000000000000000e+00,0.000000000000000000e+00,1.129558683651600504e+00,0.000000000000000000e+00,0.000000000000000000e+00,3.569620599999999655e+01,0.000000000000000000e+00,1.820000000000000062e+00,1.820000000000000062e+00
9.040000000000000924e+00,9.753046170806760173e+00,0.000000000000000000e+00,0.000000000000000000e+00,1.129558683651600504e+00,0.000000000000000000e+00,0.000000000000000000e+00,3.569620599999999655e+01,0.000000000000000000e+00,1.820000000000000062e+00,1.820000000000000062e+00
9.060000000000000497e+00,9.775637344479791935e+00,0.000000000000000000e+00,0.000000000000000000e+00,1.129558683651600504e+00,0.000000000000000000e+00,0.000000000000000000e+00,3.569620599999999655e+01,0.000000000000000000e+00,1.820000000000000062e+00,1.820000000000000062e+00
9.080000000000000071e+00,9.798228518152823696e+00,0.000000000000000000e+00,0.000000000000000000e+00,1.129558683651600504e+00,0.000000000000000000e+00,0.000000000000000000e+00,3.569620599999999655e+01,0.000000000000000000e+00,1.820000000000000062e+00,1.820000000000000062e+00
9.099999999999999645e+00,9.820819691825855458e+00,0.000000000000000000e+00,0.000000000000000000e+00,1.129558683651600504e+00,0.000000000000000000e+00,0.000000000000000000e+00,3.569620599999999655e+01,0.000000000000000000e+00,1.820000000000000062e+00,1.820000000000000062e+00
9.120000000000000995e+00,9.843410865498887219e+00,0.000000000000000000e+00,0.000000000000000000e+00,1.129558683651600504e+00,0.000000000000000000e+00,0.000000000000000000e+00,3.569620599999999655e+01,0.000000000000000000e+00,1.820000000000000062e+00,1.820000000000000062e+00
9.140000000000000568e+00,9.866002039171918980e+00,0.000000000000000000e+00,0.000000000000000000e+00,1.129558683651600504e+00,0.000000000000000000e+00,0.000000000000000000e+00,3.569620599999999655e+01,0.000000000000000000e+00,1.820000000000000062e+00,1.820000000000000062e+00
9.160000000000000142e+00,9.888593212844950742e+00,0.000000000000000000e+00,0.000000000000000000e+00,1.129558683651600504e+00,0.000000000000000000e+00,0.000000000000000000e+00,3.569620599999999655e+01,0.000000000000000000e+00,1.820000000000000062e+00,1.820000000000000062e+00
9.179999999999999716e+00,9.911184386517982503e+00,0.000000000000000000e+00,0.000000000000000000e+00,1.129558683651600504e+00,0.000000000000000000e+00,0.000000000000000000e+00,3.569620599999999655e+01,0.000000000000000000e+00,1.820000000000000062e+00,1.820000000000000062e+00
9.200000000000001066e+00,9.933775560191014264e+00,0.000000000000000000e+00,0.000000000000000000e+00,1.129558683651600504e+00,0.000000000000000000e+00,0.000000000000000000e+00,3.569620599999999655e+01,0.000000000000000000e+00,1.820000000000000062e+00,1.820000000000000062e+00
9.220000000000000639e+00,9.956366733864046026e+00,0.000000000000000000e+00,0.000000000000000000e+00,1.129558683651600504e+00,0.000000000000000000e+00,0.000000000000000000e+00,3.569620599999999655e+01,0.000000000000000000e+00,1.820000000000000062e+00,1.820000000000000062e+00
9.240000000000000213e+00,9.978957907537077787e+00,0.000000000000000000e+00,0.000000000000000000e+00,1.129558683651600504e+00,0.000000000000000000e+00,0.000000000000000000e+00,3.569620599999999655e+01,0.000000000000000000e+00,1.820000000000000062e+00,1.820000000000000062e+00
9.259999999999999787e+00,1.000154908121010955e+01,0.000000000000000000e+00,0.000000000000000000e+00,1.129558683651600504e+00,0.000000000000000000e+00,0.000000000000000000e+00,3.569620599999999655e+01,0.000000000000000000e+00,1.820000000000000062e+00,1.820000000000000062e+00
9.279999999999999361e+00,1.002414025488314131e+01,0.000000000000000000e+00,0.000000000000000000e+00,1.129558683651600504e+00,0.000000000000000000e+00,0.000000000000000000e+00,3.569620599999999655e+01,0.000000000000000000e+00,1.820000000000000062e+00,1.820000000000000062e+00
9.300000000000000711e+00,1.004673142855617307e+01,0.000000000000000000e+00,0.000000000000000000e+00,1.129558683651600504e+00,0.000000000000000000e+00,0.000000000000000000e+00,3.569620599999999655e+01,0.000000000000000000e+00,1.820000000000000062e+00,1.820000000000000062e+00
9.320000000000000284e+00,1.006932260222920483e+01,0.000000000000000000e+00,0.000000000000000000e+00,1.129558683651600504e+00,0.000000000000000000e+00,0.000000000000000000e+00,3.569620599999999655e+01,0.000000000000000000e+00,1.820000000000000062e+00,1.820000000000000062e+00
9.339999999999999858e+00,1.009191377590223659e+01,0.000000000000000000e+00,0.000000000000000000e+00,1.129558683651600504e+00,0.000000000000000000e+00,0.000000000000000000e+00,3.569620599999999655e+01,0.000000000000000000e+00,1.820000000000000062e+00,1.820000000000000062e+00
9.359999999999999432e+00,1.011450494957526836e+01,0.000000000000000000e+00,0.000000000000000000e+00,1.129558683651600504e+00,0.000000000000000000e+00,0.000000000000000000e+00,3.569620599999999655e+01,0.000000000000000000e+00,1.820000000000000062e+00,1.820000000000000062e+00
9.380000000000000782e+00,1.013709612324830012e+01,0.000000000000000000e+00,0.000000000000000000e+00,1.129558683651600504e+00,0.000000000000000000e+00,0.000000000000000000e+00,3.569620599999999655e+01,0.000000000000000000e+00,1.820000000000000062e+00,1.820000000000000062e+00
9.400000000000000355e+00,1.015968729692133188e+01,0.000000000000000000e+00,0.000000000000000000e+00,1.129558683651600504e+00,0.000000000000000000e+00,0.000000000000000000e+00,3.569620599999999655e+01,0.000000000000000000e+00,1.820000000000000062e+00,1.820000000000000062e+00
9.419999999999999929e+00,1.018227847059436364e+01,0.000000000000000000e+00,0.000000000000000000e+00,1.129558683651600504e+00,0.000000000000000000e+00,0.000000000000000000e+00,3.569620599999999655e+01,0.000000000000000000e+00,1.820000000000000062e+00,1.820000000000000062e+00
9.439999999999999503e+00,1.020486964426739540e+01,0.000000000000000000e+00,0.000000000000000000e+00,1.129558683651600504e+00,0.000000000000000000e+00,0.000000000000000000e+00,3.569620599999999655e+01,0.000000000000000000e+00,1.820000000000000062e+00,1.820000000000000062e+00
9.460000000000000853e+00,1.022746081794042716e+01,0.000000000000000000e+00,0.000000000000000000e+00,1.129558683651600504e+00,0.000000000000000000e+00,0.000000000000000000e+00,3.569620599999999655e+01,0.000000000000000000e+00,1.820000000000000062e+00,1.820000000000000062e+00
9.480000000000000426e+00,1.025005199161345892e+01,0.000000000000000000e+00,0.000000000000000000e+00,1.129558683651600504e+00,0.000000000000000000e+00,0.000000000000000000e+00,3.569620599999999655e+01,0.000000000000000000e+00,1.820000000000000062e+00,1.820000000000000062e+00
9.500000000000000000e+00,1.027264316528649069e+01,0.000000000000000000e+00,0.000000000000000000e+00,1.129558683651600504e+00,0.000000000000000000e+00,0.000000000000000000e+00,3.569620599999999655e+01,0.000000000000000000e+00,1.820000000000000062e+00,1.820000000000000062e+00
9.519999999999999574e+00,1.029523433895952245e+01,0.000000000000000000e+00,0.000000000000000000e+00,1.129558683651600504e+00,0.000000000000000000e+00,0.000000000000000000e+00,3.569620599999999655e+01,0.000000000000000000e+00,1.820000000000000062e+00,1.820000000000000062e+00
9.540000000000000924e+00,1.031782551263255421e+01,0.000000000000000000e+00,0.000000000000000000e+00,1.129558683651600504e+00,0.000000000000000000e+00,0.000000000000000000e+00,3.569620599999999655e+01,0.000000000000000000e+00,1.820000000000000062e+00,1.820000000000000062e+00
9.560000000000000497e+00,1.034041668630558597e+01,0.000000000000000000e+00,0.000000000000000000e+00,1.129558683651600504e+00,0.000000000000000000e+00,0.000000000000000000e+00,3.569620599999999655e+01,0.000000000000000000e+00,1.820000000000000062e+00,1.820000000000000062e+00
9.580000000000000071e+00,1.036300785997861773e+01,0.000000000000000000e+00,0.000000000000000000e+00,1.129558683651600504e+00,0.000000000000000000e+00,0.000000000000000000e+00,3.569620599999999655e+01,0.000000000000000000e+00,1.820000000000000062e+00,1.820000000000000062e+00
9.599999999999999645e+00,1.038559903365164949e+01,0.000000000000000000e+00,0.000000000000000000e+00,1.129558683651600504e+00,0.000000000000000000e+00,0.000000000000000000e+00,3.569620599999999655e+01,0.000000000000000000e+00,1.820000000000000062e+00,1.820000000000000062e+00
9.620000000000000995e+00,1.040819020732468125e+01,0.000000000000000000e+00,0.000000000000000000e+00,1.129558683651600504e+00,0.000000000000000000e+00,0.000000000000000000e+00,3.569620599999999655e+01,0.000000000000000000e+00,1.820000000000000062e+00,1.820000000000000062e+00
9.640000000000000568e+00,1.043078138099771301e+01,0.000000000000000000e+00,0.000000000000000000e+00,1.129558683651600504e+00,0.000000000000000000e+00,0.000000000000000000e+00,3.569620599999999655e+01,0.000000000000000000e+00,1.820000000000000062e+00,1.820000000000000062e+00
9.660000000000000142e+00,1.045337255467074478e+01,0.000000000000000000e+00,0.000000000000000000e+00,1.129558683651600504e+00,0.000000000000000000e+00,0.000000000000000000e+00,3.569620599999999655e+01,0.000000000000000000e+00,1.820000000000000062e+00,1.820000000000000062e+00
9.679999999999999716e+00,1.047596372834377654e+01,0.000000000000000000e+00,0.000000000000000000e+00,1.129558683651600504e+00,0.000000000000000000e+00,0.000000000000000000e+00,3.569620599999999655e+01,0.000000000000000000e+00,1.820000000000000062e+00,1.820000000000000062e+00
9.700000000000001066e+00,1.049855490201680830e+01,0.000000000000000000e+00,0.000000000000000000e+00,1.129558683651600504e+00,0.000000000000000000e+00,0.000000000000000000e+00,3.569620599999999655e+01,0.000000000000000000e+00,1.820000000000000062e+00,1.820000000000000062e+00
9.720000000000000639e+00,1.052114607568984006e+01,0.000000000000000000e+00,0.000000000000000000e+00,1.129558683651600504e+00,0.000000000000000000e+00,0.000000000000000000e+00,3.569620599999999655e+01,0.000000000000000000e+00,1.820000000000000062e+00,1.820000000000000062e+00
9.740000000000000213e+00,1.054373724936287182e+01,0.000000000000000000e+00,0.000000000000000000e+00,1.129558683651600504e+00,0.000000000000000000e+00,0.000000000000000000e+00,3.569620599999999655e+01,0.000000000000000000e+00,1.820000000000000062e+00,1.820000000000000062e+00
9.759999999999999787e+00,1.056632842303590358e+01,0.000000000000000000e+00,0.000000000000000000e+00,1.129558683651600504e+00,0.000000000000000000e+00,0.000000000000000000e+00,3.569620599999999655e+01,0.000000000000000000e+00,1.820000000000000062e+00,1.820000000000000062e+00
9.779999999999999361e+00,1.058891959670893534e+01,0.000000000000000000e+00,0.000000000000000000e+00,1.129558683651600504e+00,0.000000000000000000e+00,0.000000000000000000e+00,3.569620599999999655e+01,0.000000000000000000e+00,1.820000000000000062e+00,1.820000000000000062e+00
9.800000000000000711e+00,1.061151077038196711e+01,0.000000000000000000e+00,0.000000000000000000e+00,1.129558683651600504e+00,0.000000000000000000e+00,0.000000000000000000e+00,3.569620599999999655e+01,0.000000000000000000e+00,1.820000000000000062e+00,1.820000000000000062e+00
9.820000000000000284e+00,1.063410194405499887e+01,0.000000000000000000e+00,0.000000000000000000e+00,1.129558683651600504e+00,0.000000000000000000e+00,0.000000000000000000e+00,3.569620599999999655e+01,0.000000000000000000e+00,1.820000000000000062e+00,1.820000000000000062e+00
9.839999999999999858e+00,1.065669311772803063e+01,0.000000000000000000e+00,0.000000000000000000e+00,1.129558683651600504e+00,0.000000000000000000e+00,0.000000000000000000e+00,3.569620599999999655e+01,0.000000000000000000e+00,1.820000000000000062e+00,1.820000000000000062e+00
9.859999999999999432e+00,1.067928429140106239e+01,0.000000000000000000e+00,0.000000000000000000e+00,1.129558683651600504e+00,0.000000000000000000e+00,0.000000000000000000e+00,3.569620599999999655e+01,0.000000000000000000e+00,1.820000000000000062e+00,1.820000000000000062e+00
9.880000000000000782e+00,1.070187546507409415e+01,0.000000000000000000e+00,0.000000000000000000e+00,1.129558683651600504e+00,0.000000000000000000e+00,0.000000000000000000e+00,3.569620599999999655e+01,0.000000000000000000e+00,1.820000000000000062e+00,1.820000000000000062e+00
9.900000000000000355e+00,1.072446663874712591e+01,0.000000000000000000e+00,0.000000000000000000e+00,1.129558683651600504e+00,0.000000000000000000e+00,0.000000000000000000e+00,3.569620599999999655e+01,0.000000000000000000e+00,1.820000000000000062e+00,1.820000000000000062e+00
9.919999999999999929e+00,1.074705781242015767e+01,0.000000000000000000e+00,0.000000000000000000e+00,1.129558683651600504e+00,0.000000000000000000e+00,0.000000000000000000e+00,3.569620599999999655e+01,0.000000000000000000e+00,1.820000000000000062e+00,1.820000000000000062e+00
9.939999999999999503e+00,1.076964898609318944e+01,0.000000000000000000e+00,0.000000000000000000e+00,1.129558683651600504e+00,0.000000000000000000e+00,0.000000000000000000e+00,3.569620599999999655e+01,0.000000000000000000e+00,1.820000000000000062e+00,1.820000000000000062e+00
9.960000000000000853e+00,1.079224015976622120e+01,0.000000000000000000e+00,0.000000000000000000e+00,1.129558683651600504e+00,0.000000000000000000e+00,0.000000000000000000e+00,3.569620599999999655e+01,0.000000000000000000e+00,1.820000000000000062e+00,1.820000000000000062e+00
9.980000000000000426e+00,1.081483133343925296e+01,0.000000000000000000e+00,0.000000000000000000e+00,1.129558683651600504e+00,0.000000000000000000e+00,0.000000000000000000e+00,3.569620599999999655e+01,0.000000000000000000e+00,1.820000000000000062e+00,1.820000000000000062e+00
1.000000000000000000e+01,1.083742250711228472e+01,0.000000000000000000e+00,0.000000000000000000e+00,1.129558683651600504e+00,0.000000000000000000e+00,0.000000000000000000e+00,2.373209299999999899e+01,-2.392822599999999689e+00,1.820000000000000062e+00,5.999999999999999778e-01
1.001999999999999957e+01,1.085989816384073059e+01,-2.831597447601510575e-06,-3.160659953040758957e-04,1.118209353811999263e+00,-6.941855978371974938e-05,-3.146836881359382776e-02,2.373209299999999899e+01,-2.392822599999999689e+00,1.820000000000000062e+00,5.999999999999999778e-01
1.004000000000000092e+01,1.088215862665015088e+01,-2.237295138423539190e-05,-1.253979146567707524e-03,1.108024543643717719e+00,-2.752550544500232321e-04,-6.222046087924916480e-02,2.373209299999999899e+01,-2.392822599999999689e+00,1.820000000000000062e+00,5.999999999999999778e-01
1.006000000000000050e+01,1.090422625057934347e+01,-7.465375698258261980e-05,-2.801323050729941609e-03,1.098917500937251379e+00,-6.133593702277648479e-04,-9.243593139798764180e-02,2.373209299999999899e+01,-2.392822599999999689e+00,1.820000000000000062e+00,5.999999999999999778e-01
1.008000000000000007e+01,1.092612172048398911e+01,-1.750966856626688596e-04,-4.948637930542610502e-03,1.090814475865094391e+00,-1.078780591024720154e-03,-1.222325606571774137e-01,2.373209299999999899e+01,-2.392822599999999689e+00,1.820000000000000062e+00,5.999999999999999778e-01
1.009999999999999964e+01,1.094786426316576744e+01,-3.386262414939503998e-04,-7.688276360031495033e-03,1.083652926185880938e+00,-1.665633715105717177e-03,-1.516749922225144043e-01,2.373209299999999899e+01,-2.392822599999999689e+00,1.820000000000000062e+00,5.999999999999999778e-01
1.012000000000000099e+01,1.096947182554836253e+01,-5.797416333568291592e-04,-1.101340426034813809e-02,1.077379707881410908e+00,-2.366981168918269769e-03,-1.807807784159155273e-01,2.373209299999999899e+01,-2.392822599999999689e+00,1.820000000000000062e+00,5.999999999999999778e-01
1.014000000000000057e+01,1.099096121881597199e+01,-9.125597615354369939e-04,-1.491710722934946193e-02,1.071949274328137136e+00,-3.174750936306100849e-03,-2.095250590949698788e-01,2.373209299999999899e+01,-2.392822599999999689e+00,1.820000000000000062e+00,5.999999999999999778e-01
1.016000000000000014e+01,1.101234822900604904e+01,-1.350833220217321010e-03,-1.939158538008702720e-02,1.067321891761820574e+00,-4.079711679675532623e-03,-2.378448808761988720e-01,2.373209299999999899e+01,-2.392822599999999689e+00,1.820000000000000062e+00,5.999999999999999778e-01
1.017999999999999972e+01,1.103364769493233233e+01,-1.907947584972591749e-03,-2.442743758090122966e-02,1.063461881958200905e+00,-5.071522703815412383e-03,-2.656439284657327038e-01,2.373209299999999899e+01,-2.392822599999999689e+00,1.820000000000000062e+00,5.999999999999999778e-01
1.020000000000000107e+01,1.105487355479239042e+01,-2.596902002425533190e-03,-3.001304921351624980e-02,1.060335916881488094e+00,-6.138871597907002292e-03,-2.927982168152233333e-01,2.373209299999999899e+01,-2.392822599999999689e+00,1.820000000000000062e+00,5.999999999999999778e-01
1.022000000000000064e+01,1.107603886353170708e+01,-3.430277065182694117e-03,-3.613410610303862541e-02,1.057911408631113881e+00,-7.269704216093355112e-03,-3.191630430185116718e-01,2.373209299999999899e+01,-2.392822599999999689e+00,1.820000000000000062e+00,5.999999999999999778e-01
1.024000000000000021e+01,1.109715578402876268e+01,-4.420193988906783930e-03,-4.277326043809547007e-02,1.056155055832872725e+00,-8.451540596984314854e-03,-3.445812101375131942e-01,2.373209299999999899e+01,-2.392822599999999689e+00,1.820000000000000062e+00,5.999999999999999778e-01
1.025999999999999979e+01,1.111823555636650340e+01,-5.578269078944917726e-03,-4.990997169648126591e-02,1.055031619283661959e+00,-9.671857844748405625e-03,-3.688922306205212331e-01,2.373209299999999899e+01,-2.392822599999999689e+00,1.820000000000000062e+00,5.999999999999999778e-01
1.027999999999999936e+01,1.113928845071020213e+01,-6.915567282647814076e-03,-5.752053687150444905e-02,1.054503000531680224e+00,-1.091850922607950566e-02,-3.919419385739528749e-01,2.373209299999999899e+01,-2.392822599999999689e+00,1.820000000000000062e+00,5.999999999999999778e-01
1.030000000000000071e+01,1.116032371040271798e+01,-8.442558220684221945e-03,-6.557831073774011976e-02,1.054527684411245003e+00,-1.218014054103098813e-02,-4.135917443514144920e-01,2.373209299999999899e+01,-2.392822599999999689e+00,1.820000000000000062e+00,5.999999999999999778e-01
1.032000000000000028e+01,1.118134949258129041e+01,-1.016907748407416823e-02,-7.405410068196426054e-02,1.055060580590529540e+00,-1.344656255804712978e-02,-4.337267016617205040e-01,2.373209299999999899e+01,-2.392822599999999689e+00,1.820000000000000062e+00,5.999999999999999778e-01
1.033999999999999986e+01,1.120237281372164873e+01,-1.210429523401276679e-02,-8.291670469758655182e-02,1.056053263570959855e+00,-1.470904304209558200e-02,-4.522616500240014270e-01,2.373209299999999899e+01,-2.392822599999999689e+00,1.820000000000000062e+00,5.999999999999999778e-01
1.035999999999999943e+01,1.122339950692650490e+01,-1.425669334311640939e-02,-9.213354852856531219e-02,1.057454571690367606e+00,-1.596049293250323409e-02,-4.691449283566812012e-01,2.373209299999999899e+01,-2.392822599999999689e+00,1.820000000000000062e+00,5.999999999999999778e-01
1.038000000000000078e+01,1.124443419652545550e+01,-1.663405156932684301e-02,-1.016713709835196933e-01,1.059211491016182061e+00,-1.719553615357437629e-02,-4.843594761584327224e-01,2.373209299999999899e+01,-2.392822599999999689e+00,1.820000000000000062e+00,5.999999999999999778e-01
1.040000000000000036e+01,1.126548029379660321e+01,-1.924344263586064141e-02,-1.114969061572598924e-01,1.061270226054550569e+00,-1.841046805144748097e-02,-4.979214735695827732e-01,2.373209299999999899e+01,-2.392822599999999689e+00,1.820000000000000062e+00,5.999999999999999778e-01
1.041999999999999993e+01,1.128654001560091658e+01,-2.209123564303050805e-02,-1.215775172448869956e-01,1.063577349686787077e+00,-1.960312036321537610e-02,-5.098769495737143220e-01,2.373209299999999899e+01,-2.392822599999999689e+00,1.820000000000000062e+00,5.999999999999999778e-01
1.043999999999999950e+01,1.130761442571338726e+01,-2.518310696154315437e-02,-1.318817471468154701e-01,1.066080929924895671e+00,-2.077265880378468405e-02,-5.202969608226191145e-01,2.373209299999999899e+01,-2.392822599999999689e+00,1.820000000000000062e+00,5.999999999999999778e-01
1.046000000000000085e+01,1.132870349688550426e+01,-2.852405762358923777e-02,-1.423797638418091427e-01,1.068731548120624986e+00,-2.191934214100366846e-02,-5.292719971316949268e-01,2.373209299999999899e+01,-2.392822599999999689e+00,1.820000000000000062e+00,5.999999999999999778e-01
1.048000000000000043e+01,1.134980619035184013e+01,-3.211843619562603641e-02,-1.530436912670539162e-01,1.071483147493022869e+00,-2.304426970229436072e-02,-5.369062189152917774e-01,2.373209299999999899e+01,-2.392822599999999689e+00,1.820000000000000062e+00,5.999999999999999778e-01
1.050000000000000000e+01,1.137092054867696689e+01,-3.596996614400305159e-02,-1.638478274238175936e-01,1.074293677225637067e+00,-2.414913912997467688e-02,-5.433120108001360249e-01,2.373209299999999899e+01,-2.392822599999999689e+00,1.820000000000000062e+00,5.999999999999999778e-01
1.051999999999999957e+01,1.139204379751740426e+01,-4.008177676010334783e-02,-1.747687596118048248e-01,1.077125521735434743e+00,-2.523602961217802365e-02,-5.486051834301366448e-01,2.373209299999999899e+01,-2.392822599999999689e+00,1.820000000000000062e+00,5.999999999999999778e-01
1.054000000000000092e+01,1.141317245197275909e+01,-4.445643677659742721e-02,-1.857853918087944145e-01,1.079945724318732925e+00,-2.630721923978632942e-02,-5.529010052593323898e-01,2.373209299999999899e+01,-2.392822599999999689e+00,1.820000000000000062e+00,5.999999999999999778e-01
1.056000000000000050e+01,1.143430242361193017e+01,-4.909598987253363522e-02,-1.968789015336596115e-01,1.082726028078828895e+00,-2.736503955662814014e-02,-5.563111197726754442e-01,2.373209299999999899e+01,-2.392822599999999689e+00,1.820000000000000062e+00,5.999999999999999778e-01
1.058000000000000007e+01,1.145542912486744136e+01,-5.400199133092715986e-02,-2.080326436554438829e-01,1.085442764933301163e+00,-2.841176623679686833e-02,-5.589413110378003147e-01,2.373209299999999899e+01,-2.392822599999999689e+00,1.820000000000000062e+00,5.999999999999999778e-01
1.059999999999999964e+01,1.147654756818848654e+01,-5.917554517983717594e-02,-2.192320172340674056e-01,1.088076626478002851e+00,-2.944954218355987433e-02,-5.608900223989636835e-01,2.373209299999999899e+01,-2.392822599999999689e+00,1.820000000000000062e+00,5.999999999999999778e-01
1.062000000000000099e+01,1.149765245804782587e+01,-6.461734121847713397e-02,-2.304643092441374108e-01,1.090612349793713243e+00,-3.048032798942540422e-02,-5.622475043965258212e-01,2.373209299999999899e+01,-2.392822599999999689e+00,1.820000000000000062e+00,5.999999999999999778e-01
1.064000000000000057e+01,1.151873827455139399e+01,-7.032769140441698374e-02,-2.417185264564791214e-01,1.093038348186289088e+00,-3.150587430756268681e-02,-5.630954611473847349e-01,2.373209299999999899e+01,-2.392822599999999689e+00,1.820000000000000062e+00,5.999999999999999778e-01
1.066000000000000014e+01,1.153979934796769058e+01,-7.630656515571972165e-02,-2.529852241931676571e-01,1.095346312443565839e+00,-3.252771093462381718e-02,-5.635070718881989293e-01,2.373209299999999899e+01,-2.392822599999999689e+00,1.820000000000000062e+00,5.999999999999999778e-01
1.067999999999999972e+01,1.156082992396116715e+01,-8.255362320110770646e-02,-2.642563383510678765e-01,1.097530803306979053e+00,-3.354714801704276883e-02,-5.635472797935712208e-01,2.373209299999999899e+01,-2.392822599999999689e+00,1.820000000000000062e+00,5.999999999999999778e-01
1.070000000000000107e+01,1.158182421967798881e+01,-8.906824968960040667e-02,-2.755250251150873075e-01,1.099588851065504080e+00,-3.456528556032828492e-02,-5.632732588200145551e-01,2.373209299999999899e+01,-2.392822599999999689e+00,1.820000000000000062e+00,5.999999999999999778e-01
1.072000000000000064e+01,1.160277647110073573e+01,-9.584958234606739957e-02,-2.867855111865206252e-01,1.101519573831420740e+00,-3.558302820600262734e-02,-5.627349880844075836e-01,2.373209299999999899e+01,-2.392822599999999689e+00,1.820000000000000062e+00,5.999999999999999778e-01
1.074000000000000021e+01,1.162368097227278874e+01,-1.028965405286760004e-01,-2.980329561165446228e-01,1.103323822326268688e+00,-3.660110296285057352e-02,-5.619758803669370195e-01,2.373209299999999899e+01,-2.392822599999999689e+00,1.820000000000000062e+00,5.999999999999999778e-01
1.075999999999999979e+01,1.164453210710724917e+01,-1.102078511066852534e-01,-3.092633274168506419e-01,1.105003855945449587e+00,-3.762007819885182514e-02,-5.610334258905487204e-01,2.373209299999999899e+01,-2.392822599999999689e+00,1.820000000000000062e+00,5.999999999999999778e-01
1.077999999999999936e+01,1.166532437455340698e+01,-1.177820721314460223e-01,-3.204732884651926295e-01,1.106563052459309748e+00,-3.864038270590758328e-02,-5.599398243527207164e-01,2.373209299999999899e+01,-2.392822599999999689e+00,1.820000000000000062e+00,5.999999999999999778e-01
1.080000000000000071e+01,1.168605240790901867e+01,-1.256176143193737660e-01,-3.316600987795417788e-01,1.108005651882464582e+00,-3.966232404588405230e-02,-5.587225874165376860e-01,2.373209299999999899e+01,-2.392822599999999689e+00,1.820000000000000062e+00,5.999999999999999778e-01
1.082000000000000028e+01,1.170671098905038754e+01,-1.337127604031102257e-01,-3.428215259517937152e-01,1.109336533717504514e+00,-4.068610568655781079e-02,-5.574051008335664248e-01,2.373209299999999899e+01,-2.392822599999999689e+00,1.820000000000000062e+00,5.999999999999999778e-01
1.083999999999999986e+01,1.172729505831400587e+01,-1.420656824364921467e-01,-3.539557683691297862e-01,1.110561025865657747e+00,-4.171184265586372342e-02,-5.560071404611099943e-01,2.373209299999999899e+01,-2.392822599999999689e+00,1.820000000000000062e+00,5.999999999999999778e-01
1.085999999999999943e+01,1.174779972071095813e+01,-1.506744571609668071e-01,-3.650613877745647606e-01,1.111684742911720924e+00,-4.273957559856784993e-02,-5.545453400354695139e-01,2.373209299999999899e+01,-2.392822599999999689e+00,1.820000000000000062e+00,5.999999999999999778e-01
1.088000000000000078e+01,1.176822024909453468e+01,-1.595370795565551891e-01,-3.761372507016210176e-01,1.112713451159080158e+00,-4.376928322570514118e-02,-5.530336110142586303e-01,2.373209299999999899e+01,-2.392822599999999689e+00,1.820000000000000062e+00,5.999999999999999778e-01
1.090000000000000036e+01,1.178855208483697226e+01,-1.686514747102581535e-01,-3.871824778414805768e-01,1.113652957649481134e+00,-4.480089321619153825e-02,-5.514835163931384177e-01,2.373209299999999899e+01,-2.392822599999999689e+00,1.820000000000000062e+00,5.999999999999999778e-01
1.091999999999999993e+01,1.180879083650642691e+01,-1.780155081398287487e-01,-3.981964004496112430e-01,1.114509020399096162e+00,-4.583429167195050141e-02,-5.499046013678147160e-01,2.373209299999999899e+01,-2.392822599999999689e+00,1.820000000000000062e+00,5.999999999999999778e-01
1.093999999999999950e+01,1.182893227697242011e+01,-1.876269947119603987e-01,-4.091785229620961695e-01,1.115287277175513125e+00,-4.686933125052211713e-02,-5.483046842317449432e-01,2.373209299999999899e+01,-2.392822599999999689e+00,1.820000000000000062e+00,5.999999999999999778e-01
1.096000000000000085e+01,1.184897233930870009e+01,-1.974837062919617692e-01,-4.201284910622379298e-01,1.115993190296761250e+00,-4.790583810841830131e-02,-5.466901111110809008e-01,2.373209299999999899e+01,-2.392822599999999689e+00,1.820000000000000062e+00,5.999999999999999778e-01
1.098000000000000043e+01,1.186890711180774183e+01,-2.075833782576191333e-01,-4.310460645103599275e-01,1.116632005128386229e+00,-4.894361778889255721e-02,-5.450659781428478512e-01,2.373209299999999899e+01,-2.392822599999999689e+00,1.820000000000000062e+00,5.999999999999999778e-01
1.100000000000000000e+01,1.188873283237136746e+01,-2.179237150038070281e-01,-4.419310941207405530e-01,1.117208720169205804e+00,-4.998246018253982986e-02,-5.434363245742996895e-01,2.373209299999999899e+01,-2.392822599999999689e+00,1.820000000000000062e+00,5.999999999999999778e-01
1.101999999999999957e+01,1.190844588249749059e+01,-2.285023945570272830e-01,-4.527835023371949430e-01,1.117728066837171186e+00,-5.102214368053382965e-02,-5.418043000535794906e-01,2.373209299999999899e+01,-2.392822599999999689e+00,1.820000000000000062e+00,5.999999999999999778e-01
1.104000000000000092e+01,1.192804278104367910e+01,-2.393170724108762415e-01,-4.636032669217619584e-01,1.118194497284210609e+00,-5.206243862994759664e-02,-5.401723091310359770e-01,2.373209299999999899e+01,-2.392822599999999689e+00,1.820000000000000062e+00,5.999999999999999778e-01
1.106000000000000050e+01,1.194752017791385512e+01,-2.503653846848195585e-01,-4.743904073286689393e-01,1.118612178776614119e+00,-5.310311018957247775e-02,-5.385421357218707072e-01,2.373209299999999899e+01,-2.392822599999999689e+00,1.820000000000000062e+00,5.999999999999999778e-01
1.108000000000000007e+01,1.196687484778467514e+01,-2.616449506998803631e-01,-4.851449733880522364e-01,1.118984993371414216e+00,-5.414392067366050748e-02,-5.369150500107416901e-01,2.373209299999999899e+01,-2.392822599999999689e+00,1.820000000000000062e+00,5.999999999999999778e-01
1.109999999999999964e+01,1.198610368396270154e+01,-2.731533750561421225e-01,-4.958670359708927111e-01,1.119316541797027886e+00,-5.518463146050761603e-02,-5.352919000180323961e-01,2.373209299999999899e+01,-2.392822599999999689e+00,1.820000000000000062e+00,5.999999999999999778e-01
1.112000000000000099e+01,1.200520369244174468e+01,-2.848882492885025930e-01,-5.065566793485363206e-01,1.119610150607167398e+00,-5.622500453302563955e-02,-5.336731898019526632e-01,2.373209299999999899e+01,-2.392822599999999689e+00,1.820000000000000062e+00,5.999999999999999778e-01
1.114000000000000057e+01,1.202417198621161987e+01,-2.968471531690107801e-01,-5.172139949973508788e-01,1.119868881820593520e+00,-5.726480370954709076e-02,-5.320591460438102160e-01,2.373209299999999899e+01,-2.392822599999999689e+00,1.820000000000000062e+00,5.999999999999999778e-01
1.116000000000000014e+01,1.204300577985429754e+01,-3.090276557164618465e-01,-5.278390766319169813e-01,1.120095544386217501e+00,-5.830379561511130071e-02,-5.304497745570612155e-01,2.373209299999999899e+01,-2.392822599999999689e+00,1.820000000000000062e+00,5.999999999999999778e-01
1.117999999999999972e+01,1.206170238445094967e+01,-3.214273159667688784e-01,-5.384320162790637854e-01,1.120292706924270965e+00,-5.934175043638159619e-02,-5.288449080742112507e-01,2.373209299999999899e+01,-2.392822599999999689e+00,1.820000000000000062e+00,5.999999999999999778e-01
1.120000000000000107e+01,1.208025920281313681e+01,-3.340436835510071645e-01,-5.489929012304397560e-01,1.120462711290934443e+00,-6.037844249709533456e-02,-5.272442464986121236e-01,2.373209299999999899e+01,-2.392822599999999689e+00,1.820000000000000062e+00,5.999999999999999778e-01
1.122000000000000064e+01,1.209867372504313465e+01,-3.468742991219461724e-01,-5.595218117335337693e-01,1.120607686597226316e+00,-6.141365068548849948e-02,-5.256473906594999468e-01,2.373209299999999899e+01,-2.392822599999999689e+00,1.820000000000000062e+00,5.999999999999999778e-01
1.124000000000000021e+01,1.211694352442184197e+01,-3.599166946643437281e-01,-5.700188193004833703e-01,1.120729563384434302e+00,-6.244715876039101665e-02,-5.240538704768479272e-01,2.373209299999999899e+01,-2.392822599999999689e+00,1.820000000000000062e+00,5.999999999999999778e-01
1.125999999999999979e+01,1.213506625361759994e+01,-3.731683937192639688e-01,-5.804839855309511520e-01,1.120830087719226098e+00,-6.347875555858381591e-02,-5.224631683262391801e-01,2.373209299999999899e+01,-2.392822599999999689e+00,1.820000000000000062e+00,5.999999999999999778e-01
1.127999999999999936e+01,1.215303964120533387e+01,-3.866269115481700269e-01,-5.909173613601063080e-01,1.120910835023052554e+00,-6.450823512247037816e-02,-5.208747382914924451e-01,2.373209299999999899e+01,-2.392822599999999689e+00,1.820000000000000062e+00,5.999999999999999778e-01
1.130000000000000071e+01,1.217086148848252414e+01,-4.002897552585112373e-01,-6.013189866555846974e-01,1.120973223493716420e+00,-6.553539676407595105e-02,-5.192880219027343758e-01,2.373209299999999899e+01,-2.392822599999999689e+00,1.820000000000000062e+00,5.999999999999999778e-01
1.132000000000000028e+01,1.218852966656645798e+01,-4.141544239089394730e-01,-6.116888900984467359e-01,1.121018527013096122e+00,-6.656004507878335308e-02,-5.177024608786451321e-01,2.373209299999999899e+01,-2.392822599999999689e+00,1.820000000000000062e+00,5.999999999999999778e-01
1.133999999999999986e+01,1.220604211375584747e+01,-4.282184086091186948e-01,-6.220270892928198014e-01,1.121047887464956094e+00,-6.758198991998846938e-02,-5.161175073224426590e-01,2.373209299999999899e+01,-2.392822599999999689e+00,1.820000000000000062e+00,5.999999999999999778e-01
1.135999999999999943e+01,1.222339683313905745e+01,-4.424791926263032527e-01,-6.323335910572853713e-01,1.121062326411399912e+00,-6.860104634396020640e-02,-5.145326317606806477e-01,2.373209299999999899e+01,-2.392822599999999689e+00,1.820000000000000062e+00,5.999999999999999778e-01
1.138000000000000078e+01,1.224059189043086704e+01,-4.569342515084214296e-01,-6.426083918583114230e-01,1.121062756096619317e+00,-6.961703453257460372e-02,-5.129473293610834483e-01,2.373209299999999899e+01,-2.392822599999999689e+00,1.820000000000000062e+00,5.999999999999999778e-01
1.140000000000000036e+01,1.225762541201964773e+01,-4.715810532312776915e-01,-6.528514783522836318e-01,1.121049989762816113e+00,-7.062977970022060736e-02,-5.113611246195062243e-01,2.373209299999999899e+01,-2.392822599999999689e+00,1.820000000000000062e+00,5.999999999999999778e-01
1.141999999999999993e+01,1.227449558320716605e+01,-4.864170583756514676e-01,-6.630628280080791415e-01,1.121024751276139986e+00,-7.163911199001272989e-02,-5.097735747658800332e-01,2.373209299999999899e+01,-2.392822599999999689e+00,1.820000000000000062e+00,5.999999999999999778e-01
1.143999999999999950e+01,1.229120064662367007e+01,-5.014397203384921564e-01,-6.732424097867654167e-01,1.120987684070689383e+00,-7.264486636346256798e-02,-5.081842721039498967e-01,2.373209299999999899e+01,-2.392822599999999689e+00,1.820000000000000062e+00,5.999999999999999778e-01
1.146000000000000085e+01,1.230773890080163468e+01,-5.166464855810615209e-01,-6.833901848589898353e-01,1.120939359426529780e+00,-7.364688248693235240e-02,-5.065928454691028815e-01,2.373209299999999899e+01,-2.392822599999999689e+00,1.820000000000000062e+00,5.999999999999999778e-01
1.148000000000000043e+01,1.232410869889226745e+01,-5.320347939157321626e-01,-6.935061073440413892e-01,1.120880284103665137e+00,-7.464500461749624949e-02,-5.049989609620514353e-01,2.373209299999999899e+01,-2.392822599999999689e+00,1.820000000000000062e+00,5.999999999999999778e-01
1.150000000000000000e+01,1.234030844750978062e+01,-5.476020788321906974e-01,-7.035901250574845278e-01,1.120810907358284592e+00,-7.563908149025064254e-02,-5.034023220930883280e-01,2.373209299999999899e+01,-2.392822599999999689e+00,1.820000000000000062e+00,5.999999999999999778e-01
1.151999999999999957e+01,1.235633660568931624e+01,-5.633457678629915089e-01,-7.136421802567540773e-01,1.120731627370690875e+00,-7.662896620862609531e-02,-5.018026694516261044e-01,2.373209299999999899e+01,-2.392822599999999689e+00,1.820000000000000062e+00,5.999999999999999778e-01
1.154000000000000092e+01,1.237219168394537228e+01,-5.792632829877508716e-01,-7.236622103762183622e-01,1.120642797116320866e+00,-7.761451613884792766e-02,-5.001997799984012616e-01,2.373209299999999899e+01,-2.392822599999999689e+00,1.820000000000000062e+00,5.999999999999999778e-01
1.156000000000000050e+01,1.238787224341849935e+01,-5.953520410747329406e-01,-7.336501487450106662e-01,1.120544729712411147e+00,-7.859559280935597692e-02,-4.985934660627167059e-01,2.373209299999999899e+01,-2.392822599999999689e+00,1.820000000000000062e+00,5.999999999999999778e-01
1.158000000000000007e+01,1.240337689509898844e+01,-6.116094543581522824e-01,-7.436059252824434029e-01,1.120437703273302388e+00,-7.957206181571796488e-02,-4.969835741141295782e-01,2.373209299999999899e+01,-2.392822599999999689e+00,1.820000000000000062e+00,5.999999999999999778e-01
1.159999999999999964e+01,1.241870429911718965e+01,-6.280329309491817780e-01,-7.535294671670944577e-01,1.120321965307264911e+00,-8.054379273134529282e-02,-4.953699833668012698e-01,2.373209299999999899e+01,-2.392822599999999689e+00,1.820000000000000062e+00,5.999999999999999778e-01
1.162000000000000099e+01,1.243385316409096575e+01,-6.446198753784012636e-01,-7.634206994767188670e-01,1.120197736687184698e+00,-8.151065902413769104e-02,-4.937526042650909330e-01,2.373209299999999899e+01,-2.392822599999999689e+00,1.820000000000000062e+00,5.999999999999999778e-01
1.164000000000000057e+01,1.244882224652165803e+01,-6.613676891672354285e-01,-7.732795457970262909e-01,1.120065215226573985e+00,-8.247253797903711381e-02,-4.921313768906879771e-01,2.373209299999999899e+01,-2.392822599999999689e+00,1.820000000000000062e+00,5.999999999999999778e-01
1.166000000000000014e+01,1.246361035023074315e+01,-6.782737714258042505e-01,-7.831059287980985939e-01,1.119924578891241307e+00,-8.342931062635640382e-02,-4.905062693244773286e-01,2.373209299999999899e+01,-2.392822599999999689e+00,1.820000000000000062e+00,5.999999999999999778e-01
1.167999999999999972e+01,1.247821632583011286e+01,-6.953355194745309831e-01,-7.928997707778226989e-01,1.119775988675653089e+00,-8.438086167565915507e-02,-4.888772759902519915e-01,2.373209299999999899e+01,-2.392822599999999689e+00,1.820000000000000062e+00,5.999999999999999778e-01
1.170000000000000107e+01,1.249263907021964926e+01,-7.125503294868186233e-01,-8.026609941722022690e-01,1.119619591171589601e+00,-8.532707945490028423e-02,-4.872444160022040838e-01,2.373209299999999899e+01,-2.392822599999999689e+00,1.820000000000000062e+00,5.999999999999999778e-01
1.172000000000000064e+01,1.250687752610642534e+01,-7.299155971501066764e-01,-8.123895220328063438e-01,1.119455520855187514e+00,-8.626785585448770721e-02,-4.856077315337153366e-01,2.373209299999999899e+01,-2.392822599999999689e+00,1.820000000000000062e+00,5.999999999999999778e-01
1.174000000000000021e+01,1.252093068154048972e+01,-7.474287183426463477e-01,-8.220852784719242523e-01,1.119283902116917861e+00,-8.720308627589239137e-02,-4.839672862212314186e-01,2.373209299999999899e+01,-2.392822599999999689e+00,1.820000000000000062e+00,5.999999999999999778e-01
1.175999999999999979e+01,1.253479756946278201e+01,-7.650870898233885775e-01,-8.317481890762399299e-01,1.119104851057485250e+00,-8.813266958441275112e-02,-4.823231636138506917e-01,2.373209299999999899e+01,-2.392822599999999689e+00,1.820000000000000062e+00,5.999999999999999778e-01
1.177999999999999936e+01,1.254847726726125856e+01,-7.828881099324466186e-01,-8.413781812900233970e-01,1.118918477071092488e+00,-8.905650806568905786e-02,-4.806754656766060174e-01,2.373209299999999899e+01,-2.392822599999999689e+00,1.820000000000000062e+00,5.999999999999999778e-01
1.180000000000000071e+01,1.256196889633178415e+01,-8.008291792996851122e-01,-8.509751847689740467e-01,1.118724884235995809e+00,-8.997450738556130034e-02,-4.790243113532023922e-01,2.373209299999999899e+01,-2.392822599999999689e+00,1.820000000000000062e+00,5.999999999999999778e-01
1.182000000000000028e+01,1.257527162164084089e+01,-8.189077015590817687e-01,-8.605391317059480905e-01,1.118524172530811045e+00,-9.088657655286869197e-02,-4.773698351921315530e-01,2.373209299999999899e+01,-2.392822599999999689e+00,1.820000000000000062e+00,5.999999999999999778e-01
1.183999999999999986e+01,1.258838465128746442e+01,-8.371210840666177821e-01,-8.700699571298621260e-01,1.118316438893612874e+00,-9.179262788479915225e-02,-4.757121860385628009e-01,2.373209299999999899e+01,-2.392822599999999689e+00,1.820000000000000062e+00,5.999999999999999778e-01
1.185999999999999943e+01,1.260130723606222958e+01,-8.554667386195623502e-01,-8.795675991791033210e-01,1.118101778139521940e+00,-9.269257697441142529e-02,-4.740515257931649518e-01,2.373209299999999899e+01,-2.392822599999999689e+00,1.820000000000000062e+00,5.999999999999999778e-01
1.188000000000000078e+01,1.261403866900144877e+01,-8.739420821751348045e-01,-8.890319993507873608e-01,1.117880283751190973e+00,-9.358634265997008150e-02,-4.723880282380045204e-01,2.373209299999999899e+01,-2.392822599999999689e+00,1.820000000000000062e+00,5.999999999999999778e-01
1.190000000000000036e+01,1.262657828493502699e+01,-8.925445375666456460e-01,-8.984631027271996473e-01,1.117652048555390021e+00,-9.447384699575363254e-02,-4.707218779288560584e-01,2.373209299999999899e+01,-2.392822599999999689e+00,1.820000000000000062e+00,5.999999999999999778e-01
1.191999999999999993e+01,1.263892546002672645e+01,-9.112715342153375753e-01,-9.078608581807369182e-01,1.117417165297752035e+00,-9.535501522401752805e-02,-4.690532691526220210e-01,2.373209299999999899e+01,-2.392822599999999689e+00,1.820000000000000062e+00,5.999999999999999778e-01
1.193999999999999950e+01,1.265107961130583725e+01,-9.301205088362651807e-01,-9.172252185586331485e-01,1.117175727126675344e+00,-9.622977574781667320e-02,-4.673824049480638787e-01,2.373209299999999899e+01,-2.392822599999999689e+00,1.820000000000000062e+00,5.999999999999999778e-01
1.196000000000000085e+01,1.266304019618945098e+01,-9.490889061366695190e-01,-9.265561408487158479e-01,1.116927827996385458e+00,-9.709806010441510149e-02,-4.657094961876744876e-01,2.373209299999999899e+01,-2.392822599999999689e+00,1.820000000000000062e+00,5.999999999999999778e-01
1.198000000000000043e+01,1.267480671199476916e+01,-9.681741795054182864e-01,-9.358535863273906852e-01,1.116673562998236724e+00,-9.795980293903425173e-02,-4.640347607182472855e-01,2.373209299999999899e+01,-2.392822599999999689e+00,1.820000000000000062e+00,5.999999999999999778e-01
1.200000000000000000e+01,1.268637869544103935e+01,-9.873737916921941915e-01,-9.451175206910027438e-01,1.116413028628477910e+00,-9.881494197871416862e-02,-4.623584225575126383e-01,2.373209299999999899e+01,-2.392822599999999689e+00,1.820000000000000062e+00,5.999999999999999778e-01
1.201999999999999957e+01,1.269775572214086345e+01,-1.006685215475221495e+00,-9.543479141716683101e-01,1.116146322999919338e+00,-9.966341800608517765e-02,-4.606807111440926472e-01,2.373209299999999899e+01,-2.392822599999999689e+00,1.820000000000000062e+00,5.999999999999999778e-01
1.204000000000000092e+01,1.270893740608077671e+01,-1.026105934316425605e+00,-9.635447416386156982e-01,1.115873546004208405e+00,-1.005051748328695815e-01,-4.590018606379657196e-01,2.373209299999999899e+01,-2.392822599999999689e+00,1.820000000000000062e+00,5.999999999999999778e-01
1.206000000000000050e+01,1.271992339909111358e+01,-1.045633443003020080e+00,-9.727079826860165479e-01,1.115594799430760453e+00,-1.013401592729543665e-01,-4.573221092686191591e-01,2.373209299999999899e+01,-2.392822599999999689e+00,1.820000000000000062e+00,5.999999999999999778e-01
1.208000000000000007e+01,1.273071339030526872e+01,-1.065265248274612553e+00,-9.818376217082341872e-01,1.115310187047770407e+00,-1.021683211148964876e-01,-4.556416987280912378e-01,2.373209299999999899e+01,-2.392822599999999689e+00,1.820000000000000062e+00,5.999999999999999778e-01
1.209999999999999964e+01,1.274130710560859292e+01,-1.084998869435009672e+00,-9.909336479633583661e-01,1.115019814650183738e+00,-1.029896130937417165e-01,-4.539608736061577776e-01,2.373209299999999899e+01,-2.392822599999999689e+00,1.820000000000000062e+00,5.999999999999999778e-01
1.212000000000000099e+01,1.275170430707719582e+01,-1.104831838947991862e+00,-9.999960556258431499e-01,1.114723790078987031e+00,-1.038039908620563556e-01,-4.522798808649949320e-01,2.373209299999999899e+01,-2.392822599999999689e+00,1.820000000000000062e+00,5.999999999999999778e-01
1.214000000000000057e+01,1.276190479240703546e+01,-1.124761703016407655e+00,-1.009024843829010809e+00,1.114422223215719709e+00,-1.046114129600884540e-01,-4.505989693507435612e-01,2.373209299999999899e+01,-2.392822599999999689e+00,1.820000000000000062e+00,5.999999999999999778e-01
1.216000000000000014e+01,1.277190839433371394e+01,-1.144786022144017590e+00,-1.018020016698136354e+00,1.114115225955687905e+00,-1.054118407849912453e-01,-4.489183893395072289e-01,2.373209299999999899e+01,-2.392822599999999689e+00,1.820000000000000062e+00,5.999999999999999778e-01
1.217999999999999972e+01,1.278171498004345352e+01,-1.164902371679591209e+00,-1.026981583374775298e+00,1.113802912162977332e+00,-1.062052385590565029e-01,-4.472383921154322040e-01,2.373209299999999899e+01,-2.392822599999999689e+00,1.820000000000000062e+00,5.999999999999999778e-01
1.220000000000000107e+01,1.279132445057577350e+01,-1.185108342342829246e+00,-1.035909558032956257e+00,1.113485397610022298e+00,-1.069915732969192596e-01,-4.455592295786378054e-01,2.373209299999999899e+01,-2.392822599999999689e+00,1.820000000000000062e+00,5.999999999999999778e-01
1.222000000000000064e+01,1.280073674021840979e+01,-1.205401540731750210e+00,-1.044803959887812495e+00,1.113162799904172218e+00,-1.077708147717081621e-01,-4.438811538808909440e-01,2.373209299999999899e+01,-2.392822599999999689e+00,1.820000000000000062e+00,5.999999999999999778e-01
1.224000000000000021e+01,1.280995181589505449e+01,-1.225779589811240022e+00,-1.053664813197187966e+00,1.112835238403419691e+00,-1.085429354801272783e-01,-4.422044170870433333e-01,2.373209299999999899e+01,-2.392822599999999689e+00,1.820000000000000062e+00,5.999999999999999778e-01
1.225999999999999979e+01,1.281896967654652819e+01,-1.246240129382523376e+00,-1.062492147256713704e+00,1.112502834123201279e+00,-1.093079106064656636e-01,-4.405292708603740226e-01,2.373209299999999899e+01,-2.392822599999999689e+00,1.820000000000000062e+00,5.999999999999999778e-01
1.228000000000000114e+01,1.282779035250597488e+01,-1.266780816533368492e+00,-1.071285996388816386e+00,1.112165709635956512e+00,-1.100657179855406842e-01,-4.388559661701019188e-01,2.373209299999999899e+01,-2.392822599999999689e+00,1.820000000000000062e+00,5.999999999999999778e-01
1.230000000000000071e+01,1.283641390486872425e+01,-1.287399326068888072e+00,-1.080046399926084311e+00,1.111823988964926846e+00,-1.108163380645897228e-01,-4.371847530194519771e-01,2.373209299999999899e+01,-2.392822599999999689e+00,1.820000000000000062e+00,5.999999999999999778e-01
1.232000000000000028e+01,1.284484042485744304e+01,-1.308093350922845177e+00,-1.088773402189388673e+00,1.111477797473495510e+00,-1.115597538641322356e-01,-4.355158801927725420e-01,2.373209299999999899e+01,-2.392822599999999689e+00,1.820000000000000062e+00,5.999999999999999778e-01
1.233999999999999986e+01,1.285307003318321328e+01,-1.328860602549420511e+00,-1.097467052461124970e+00,1.111127261751208462e+00,-1.122959509378313597e-01,-4.338495950203113405e-01,2.373209299999999899e+01,-2.392822599999999689e+00,1.820000000000000062e+00,5.999999999999999778e-01
1.235999999999999943e+01,1.286110287940317498e+01,-1.349698811295434231e+00,-1.106127404953916260e+00,1.110772509497470528e+00,-1.130249173313899180e-01,-4.321861431593624348e-01,2.373209299999999899e+01,-2.392822599999999689e+00,1.820000000000000062e+00,5.999999999999999778e-01
1.238000000000000078e+01,1.286893914127535865e+01,-1.370605726753058029e+00,-1.114754518775093128e+00,1.110413669403783166e+00,-1.137466435405210946e-01,-4.305257683905947541e-01,2.373209299999999899e+01,-2.392822599999999689e+00,1.820000000000000062e+00,5.999999999999999778e-01
1.240000000000000036e+01,1.287657902411134359e+01,-1.391579118093085876e+00,-1.123348457887242802e+00,1.110050871035275444e+00,-1.144611224680383843e-01,-4.288687124284662477e-01,2.373209299999999899e+01,-2.392822599999999689e+00,1.820000000000000062e+00,5.999999999999999778e-01
1.241999999999999993e+01,1.288402276012734937e+01,-1.412616774378866902e+00,-1.131909291065098522e+00,1.109684244712180634e+00,-1.151683493801133329e-01,-4.272152147447164094e-01,2.373209299999999899e+01,-2.392822599999999689e+00,1.820000000000000062e+00,5.999999999999999778e-01
1.243999999999999950e+01,1.289127060779437706e+01,-1.433716504861033858e+00,-1.140437091849022089e+00,1.109313921391818836e+00,-1.158683218617528043e-01,-4.255655124040103598e-01,2.373209299999999899e+01,-2.392822599999999689e+00,1.820000000000000062e+00,5.999999999999999778e-01
1.246000000000000085e+01,1.289832285118800215e+01,-1.454876139253189704e+00,-1.148931938495313831e+00,1.108940032551566590e+00,-1.165610397715499819e-01,-4.239198399108853876e-01,2.373209299999999899e+01,-2.392822599999999689e+00,1.820000000000000062e+00,5.999999999999999778e-01
1.248000000000000043e+01,1.290517979933838610e+01,-1.476093527988739496e+00,-1.157393913923567830e+00,1.108562710073228041e+00,-1.172465051957656684e-01,-4.222784290672215168e-01,2.373209299999999899e+01,-2.392822599999999689e+00,1.820000000000000062e+00,5.999999999999999778e-01
1.250000000000000000e+01,1.291184178558110141e+01,-1.497366542459081851e+00,-1.165823105661275561e+00,1.108182086129155586e+00,-1.179247224017977713e-01,-4.206415088395228374e-01,2.373209299999999899e+01,-2.392822599999999689e+00,1.820000000000000062e+00,5.999999999999999778e-01
1.251999999999999957e+01,1.291830916690930309e+01,-1.518693075233393808e+00,-1.174219605785868259e+00,1.107798293070417328e+00,-1.185956977910981730e-01,-4.190093052353588421e-01,2.373209299999999899e+01,-2.392822599999999689e+00,1.820000000000000062e+00,5.999999999999999778e-01
1.254000000000000092e+01,1.292458232332780454e+01,-1.540071040260265756e+00,-1.182583510864374299e+00,1.107411463317259592e+00,-1.192594398515968990e-01,-4.173820411883688020e-01,2.373209299999999899e+01,-2.392822599999999689e+00,1.820000000000000062e+00,5.999999999999999778e-01
1.256000000000000050e+01,1.293066165720956739e+01,-1.561498373051460220e+00,-1.190914921890857903e+00,1.107021729252071873e+00,-1.199159591096939648e-01,-4.157599364512857276e-01,2.373209299999999899e+01,-2.392822599999999689e+00,1.820000000000000062e+00,5.999999999999999778e-01
1.258000000000000007e+01,1.293654759265511522e+01,-1.582973030848086937e+00,-1.199213944221794170e+00,1.106629223115023208e+00,-1.205652680818790762e-01,-4.141432074964826460e-01,2.373209299999999899e+01,-2.392822599999999689e+00,1.820000000000000062e+00,5.999999999999999778e-01
1.259999999999999964e+01,1.294224057485536328e+01,-1.604492992769500415e+00,-1.207480687509526751e+00,1.106234076902509411e+00,-1.212073812260394401e-01,-4.125320674235870566e-01,2.373209299999999899e+01,-2.392822599999999689e+00,1.820000000000000062e+00,5.999999999999999778e-01
1.262000000000000099e+01,1.294774106945832415e+01,-1.626056259945242388e+00,-1.215715265633945164e+00,1.105836422268521524e+00,-1.218423148925151106e-01,-4.109267258737498429e-01,2.373209299999999899e+01,-2.392822599999999689e+00,1.820000000000000062e+00,5.999999999999999778e-01
1.264000000000000057e+01,1.295304956194015489e+01,-1.647660855630364241e+00,-1.223917796632509658e+00,1.105436390429020532e+00,-1.224700872749606706e-01,-4.093273889501894969e-01,2.373209299999999899e+01,-2.392822599999999689e+00,1.820000000000000062e+00,5.999999999999999778e-01
1.266000000000000014e+01,1.295816655698095587e+01,-1.669304825304473994e+00,-1.232088402628748636e+00,1.105034112069384289e+00,-1.230907183610711053e-01,-4.077342591446666553e-01,2.373209299999999899e+01,-2.392822599999999689e+00,1.820000000000000062e+00,5.999999999999999778e-01
1.267999999999999972e+01,1.296309257784575664e+01,-1.690986236754864702e+00,-1.240227209759340532e+00,1.104629717254974608e+00,-1.237042298832283921e-01,-4.061475352695725349e-01,2.373209299999999899e+01,-2.392822599999999689e+00,1.820000000000000062e+00,5.999999999999999778e-01
1.270000000000000107e+01,1.296782816577107056e+01,-1.712703180144089732e+00,-1.248334348099892299e+00,1.104223335344853174e+00,-1.243106452691241370e-01,-4.045674123953422741e-01,2.373209299999999899e+01,-2.392822599999999689e+00,1.820000000000000062e+00,5.999999999999999778e-01
1.272000000000000064e+01,1.297237387935739683e+01,-1.734453768062358403e+00,-1.256409951589516405e+00,1.103815094908665362e+00,-1.249099895924120074e-01,-4.029940817929285046e-01,2.373209299999999899e+01,-2.392822599999999689e+00,1.820000000000000062e+00,5.999999999999999778e-01
1.274000000000000021e+01,1.297673029396803024e+01,-1.756236135565132139e+00,-1.264454157954307156e+00,1.103405123646697295e+00,-1.255022895234421676e-01,-4.014277308810922373e-01,2.373209299999999899e+01,-2.392822599999999689e+00,1.820000000000000062e+00,5.999999999999999778e-01
1.275999999999999979e+01,1.298089800113450742e+01,-1.778048440196308144e+00,-1.272467108629806942e+00,1.102993548313099925e+00,-1.260875732801280680e-01,-3.998685431782883493e-01,2.373209299999999899e+01,-2.392822599999999689e+00,1.820000000000000062e+00,5.999999999999999778e-01
1.278000000000000114e+01,1.298487760796902002e+01,-1.799888861997380740e+00,-1.280448948682556543e+00,1.102580494642269482e+00,-1.266658705789944495e-01,-3.983166982589402827e-01,2.373209299999999899e+01,-2.392822599999999689e+00,1.820000000000000062e+00,5.999999999999999778e-01
1.280000000000000071e+01,1.298866973658408597e+01,-1.821755603502977161e+00,-1.288399826730812103e+00,1.102166087278360962e+00,-1.272372125864531522e-01,-3.967723717139151063e-01,2.373209299999999899e+01,-2.392822599999999689e+00,1.820000000000000062e+00,5.999999999999999778e-01
1.282000000000000028e+01,1.299227502351977392e+01,-1.843646889723165705e+00,-1.296319894864512712e+00,1.101750449707908697e+00,-1.278016318703515675e-01,-3.952357351150240783e-01,2.373209299999999899e+01,-2.392822599999999689e+00,1.820000000000000062e+00,5.999999999999999778e-01
1.283999999999999986e+01,1.299569411917873474e+01,-1.865560968112939699e+00,-1.304209308564576064e+00,1.101333704195521346e+00,-1.283591623518368363e-01,-3.937069559833874521e-01,2.373209299999999899e+01,-2.392822599999999689e+00,1.820000000000000062e+00,5.999999999999999778e-01
1.285999999999999943e+01,1.299892768726929049e+01,-1.887496108529276739e+00,-1.312068226621600164e+00,1.100915971722612685e+00,-1.289098392575763752e-01,-3.921861977615125894e-01,2.373209299999999899e+01,-2.392822599999999689e+00,1.820000000000000062e+00,5.999999999999999778e-01
1.288000000000000078e+01,1.300197640425681200e+01,-1.909450603176181760e+00,-1.319896811054040553e+00,1.100497371929128887e+00,-1.294536990723738068e-01,-3.906736197889462692e-01,2.373209299999999899e+01,-2.392822599999999689e+00,1.820000000000000062e+00,5.999999999999999778e-01
1.290000000000000036e+01,1.300484095882360336e+01,-1.931422766538114510e+00,-1.327695227025937674e+00,1.100078023058226107e+00,-1.299907794922169069e-01,-3.891693772813702434e-01,2.373209299999999899e+01,-2.392822599999999689e+00,1.820000000000000062e+00,5.999999999999999778e-01
1.291999999999999993e+01,1.300752205133748518e+01,-1.953410935302208884e+00,-1.335463642764257663e+00,1.099658041903851524e+00,-1.305211193777924827e-01,-3.876736213130178577e-01,2.373209299999999899e+01,-2.392822599999999689e+00,1.820000000000000062e+00,5.999999999999999778e-01
1.293999999999999950e+01,1.301002039332925264e+01,-1.975413468269684891e+00,-1.343202229475914056e+00,1.099237543761178548e+00,-1.310447587085009635e-01,-3.861864988022966072e-01,2.373209299999999899e+01,-2.392822599999999689e+00,1.820000000000000062e+00,5.999999999999999778e-01
1.296000000000000085e+01,1.301233670697917866e+01,-1.997428746256858068e+00,-1.350911161264533922e+00,1.098816642379843778e+00,-1.315617385370011494e-01,-3.847081525005084379e-01,2.373209299999999899e+01,-2.392822599999999689e+00,1.820000000000000062e+00,5.999999999999999778e-01
1.298000000000000043e+01,1.301447172461271862e+01,-2.019455171986142883e+00,-1.358590615047027939e+00,1.098395449919932654e+00,-1.320721009443142080e-01,-3.832387209835650954e-01,2.373209299999999899e+01,-2.392822599999999689e+00,1.820000000000000062e+00,5.999999999999999778e-01
1.300000000000000000e+01,1.301642618820553210e+01,-2.041491169967450503e+00,-1.366240770470023680e+00,1.097974076910660068e+00,-1.325758889955134523e-01,-3.817783386466012119e-01,2.373209299999999899e+01,-2.392822599999999689e+00,1.820000000000000062e+00,5.999999999999999778e-01
1.301999999999999957e+01,1.301820084889795837e+01,-2.063535186370375030e+00,-1.373861809826219860e+00,1.097552632211688639e+00,-1.330731466960248244e-01,-3.803271357013923160e-01,2.373209299999999899e+01,-2.392822599999999689e+00,1.820000000000000062e+00,5.999999999999999778e-01
1.304000000000000092e+01,1.301979646651904332e+01,-2.085585688887555911e+00,-1.381453917970715706e+00,1.097131222977029585e+00,-1.335639189485610667e-01,-3.788852381764892807e-01,2.373209299999999899e+01,-2.392822599999999689e+00,1.820000000000000062e+00,5.999999999999999778e-01
1.306000000000000050e+01,1.302121380912020498e+01,-2.107641166589610648e+00,-1.389017282237370532e+00,1.096709954621468697e+00,-1.340482515107105366e-01,-3.774527679199841668e-01,2.373209299999999899e+01,-2.392822599999999689e+00,1.820000000000000062e+00,5.999999999999999778e-01
1.308000000000000007e+01,1.302245365251862985e+01,-2.129700129772012396e+00,-1.396552092355242802e+00,1.096288930789459215e+00,-1.345261909532000089e-01,-3.760298426048258591e-01,2.373209299999999899e+01,-2.392822599999999689e+00,1.820000000000000062e+00,5.999999999999999778e-01
1.309999999999999964e+01,1.302351677985045164e+01,-2.151761109794299465e+00,-1.404058540365161312e+00,1.095868253326425013e+00,-1.349977846188490926e-01,-3.746165757366068383e-01,2.373209299999999899e+01,-2.392822599999999689e+00,1.820000000000000062e+00,5.999999999999999778e-01
1.312000000000000099e+01,1.302440398113376574e+01,-2.173822658911982231e+00,-1.411536820536476000e+00,1.095448022252413667e+00,-1.354630805822318595e-01,-3.732130766637443697e-01,2.373209299999999899e+01,-2.392822599999999689e+00,1.820000000000000062e+00,5.999999999999999778e-01
1.314000000000000057e+01,1.302511605284152907e+01,-2.195883350101523579e+00,-1.418987129284035476e+00,1.095028335738043035e+00,-1.359221276100599785e-01,-3.718194505899828917e-01,2.373209299999999899e+01,-2.392822599999999689e+00,1.820000000000000062e+00,5.999999999999999778e-01
1.316000000000000014e+01,1.302565379748436847e+01,-2.217941776878748161e+00,-1.426409665085437872e+00,1.094609290082682040e+00,-1.363749751222998463e-01,-3.704357985891457150e-01,2.373209299999999899e+01,-2.392822599999999689e+00,1.820000000000000062e+00,5.999999999999999778e-01
1.317999999999999972e+01,1.302601802320331004e+01,-2.239996553111045507e+00,-1.433804628398597458e+00,1.094190979694808386e+00,-1.368216731540346509e-01,-3.690622176220657025e-01,2.373209299999999899e+01,-2.392822599999999689e+00,1.820000000000000062e+00,5.999999999999999778e-01
1.320000000000000107e+01,1.302620954337244719e+01,-2.262046312823709826e+00,-1.441172221579672286e+00,1.093773497074483014e+00,-1.372622723180810522e-01,-3.676988005556272032e-01,2.373209299999999899e+01,-2.392822599999999689e+00,1.820000000000000062e+00,5.999999999999999778e-01
1.322000000000000064e+01,1.302622917621153320e+01,-2.284089710000769102e+00,-1.448512648801392633e+00,1.093356932797885372e+00,-1.376968237683681429e-01,-3.663456361838520192e-01,2.373209299999999899e+01,-2.392822599999999689e+00,1.820000000000000062e+00,5.999999999999999778e-01
1.324000000000000021e+01,1.302607774440849298e+01,-2.306125418380635672e+00,-1.455826115971831092e+00,1.092941375503851287e+00,-1.381253791640859041e-01,-3.650028092509644551e-01,2.373209299999999899e+01,-2.392822599999999689e+00,1.820000000000000062e+00,5.999999999999999778e-01
1.325999999999999979e+01,1.302575607475182196e+01,-2.328152131246913115e+00,-1.463112830653652940e+00,1.092526911882354179e+00,-1.385479906346080148e-01,-3.636704004763709475e-01,2.373209299999999899e+01,-2.392822599999999689e+00,1.820000000000000062e+00,5.999999999999999778e-01
1.328000000000000114e+01,1.302526499777285451e+01,-2.350168561214685869e+00,-1.470373001983885874e+00,1.092113626664875881e+00,-1.389647107451934538e-01,-3.623484865814917688e-01,2.373209299999999899e+01,-2.392822599999999689e+00,1.820000000000000062e+00,5.999999999999999778e-01
1.330000000000000071e+01,1.302460534739783959e+01,-2.372173440012605106e+00,-1.477606840594242854e+00,1.091701602616607536e+00,-1.393755924634695609e-01,-3.610371403183821881e-01,2.373209299999999899e+01,-2.392822599999999689e+00,1.820000000000000062e+00,5.999999999999999778e-01
1.332000000000000028e+01,1.302377796060979698e+01,-2.394165518261087922e+00,-1.484814558532035589e+00,1.091290920530425756e+00,-1.397806891266983875e-01,-3.597364305000826379e-01,2.373209299999999899e+01,-2.392822599999999689e+00,1.820000000000000062e+00,5.999999999999999778e-01
1.333999999999999986e+01,1.302278367712007245e+01,-2.416143565246926084e+00,-1.491996369181712190e+00,1.090881659222587396e+00,-1.401800544098270318e-01,-3.584464220326376016e-01,2.373209299999999899e+01,-2.392822599999999689e+00,1.820000000000000062e+00,5.999999999999999778e-01
1.335999999999999943e+01,1.302162333904955815e+01,-2.438106368694610282e+00,-1.499152487187050076e+00,1.090473895530088555e+00,-1.405737422943214576e-01,-3.571671759487238806e-01,2.373209299999999899e+01,-2.392822599999999689e+00,1.820000000000000062e+00,5.999999999999999778e-01
1.338000000000000078e+01,1.302029779061947323e+01,-2.460052734534650121e+00,-1.506283128374038549e+00,1.090067704309632957e+00,-1.409618070377824661e-01,-3.558987494428297316e-01,2.373209299999999899e+01,-2.392822599999999689e+00,1.820000000000000062e+00,5.999999999999999778e-01
1.340000000000000036e+01,1.301880787785164806e+01,-2.481981486669178949e+00,-1.513388509674479021e+00,1.089663158438155088e+00,-1.413443031443414877e-01,-3.546411959079273646e-01,2.373209299999999899e+01,-2.392822599999999689e+00,1.820000000000000062e+00,5.999999999999999778e-01
1.341999999999999993e+01,1.301715444827821777e+01,-2.503891466735113980e+00,-1.520468849050333526e+00,1.089260328814844359e+00,-1.417212853358331137e-01,-3.533945649735817374e-01,2.373209299999999899e+01,-2.392822599999999689e+00,1.820000000000000062e+00,5.999999999999999778e-01
1.343999999999999950e+01,1.301533835066064526e+01,-2.525781533865138151e+00,-1.527524365418849284e+00,1.088859284364618540e+00,-1.420928085237402050e-01,-3.521589025454386346e-01,2.373209299999999899e+01,-2.392822599999999689e+00,1.820000000000000062e+00,5.999999999999999778e-01
1.346000000000000085e+01,1.301336043471795101e+01,-2.547650564446767518e+00,-1.534555278578485948e+00,1.088460092042992544e+00,-1.424589277819069688e-01,-3.509342508460374654e-01,2.373209299999999899e+01,-2.392822599999999689e+00,1.820000000000000062e+00,5.999999999999999778e-01
1.348000000000000043e+01,1.301122155086408227e+01,-2.569497451879753314e+00,-1.541561809135672645e+00,1.088062816842292779e+00,-1.428196983200143710e-01,-3.497206484568927687e-01,2.373209299999999899e+01,-2.392822599999999689e+00,1.820000000000000062e+00,5.999999999999999778e-01
1.350000000000000000e+01,1.300892254995428843e+01,-2.591321106332060697e+00,-1.548544178432417873e+00,1.087667521799164483e+00,-1.431751754578117208e-01,-3.485181303617902460e-01,2.373209299999999899e+01,-2.392822599999999689e+00,1.820000000000000062e+00,5.999999999999999778e-01
1.351999999999999957e+01,1.300646428304039937e+01,-2.613120454494666678e+00,-1.555502608474798487e+00,1.087274268003323163e+00,-1.435254146000977116e-01,-3.473267279912438665e-01,2.373209299999999899e+01,-2.392822599999999689e+00,1.820000000000000062e+00,5.999999999999999778e-01
1.354000000000000092e+01,1.300384760113489158e+01,-2.634894439335404570e+00,-1.562437321862347295e+00,1.086883114607499090e+00,-1.438704712124434237e-01,-3.461464692680599753e-01,2.373209299999999899e+01,-2.392822599999999689e+00,1.820000000000000062e+00,5.999999999999999778e-01
1.356000000000000050e+01,1.300107335498362460e+01,-2.656642019852073933e+00,-1.569348541718363688e+00,1.086494118838527978e+00,-1.442104007976494073e-01,-3.449773786539566123e-01,2.373209299999999899e+01,-2.392822599999999689e+00,1.820000000000000062e+00,5.999999999999999778e-01
1.358000000000000007e+01,1.299814239484711642e+01,-2.678362170825035804e+00,-1.576236491621166635e+00,1.086107336009538571e+00,-1.445452588729283783e-01,-3.438194771971855301e-01,2.373209299999999899e+01,-2.392822599999999689e+00,1.820000000000000062e+00,5.999999999999999778e-01
1.359999999999999964e+01,1.299505557029023350e+01,-2.700053882569496633e+00,-1.583101395536309353e+00,1.085722819533190053e+00,-1.448751009478046192e-01,-3.426727825811055062e-01,2.373209299999999899e+01,-2.392822599999999689e+00,1.820000000000000062e+00,5.999999999999999778e-01
1.362000000000000099e+01,1.299181372998017281e+01,-2.721716160687684738e+00,-1.589943477749774514e+00,1.085340620935913769e+00,-1.451999825027208146e-01,-3.415373091736558786e-01,2.373209299999999899e+01,-2.392822599999999689e+00,1.820000000000000062e+00,5.999999999999999778e-01
1.364000000000000057e+01,1.298841772149259199e+01,-2.743348025821108038e+00,-1.596762962802168229e+00,1.084960789873112841e+00,-1.455199589683426609e-01,-3.404130680776806805e-01,2.373209299999999899e+01,-2.392822599999999689e+00,1.820000000000000062e+00,5.999999999999999778e-01
1.366000000000000014e+01,1.298486839112575275e+01,-2.764948513403082231e+00,-1.603560075423927866e+00,1.084583374145274837e+00,-1.458350857055510097e-01,-3.393000671820526892e-01,2.373209299999999899e+01,-2.392822599999999689e+00,1.820000000000000062e+00,5.999999999999999778e-01
1.367999999999999972e+01,1.298116658372254939e+01,-2.786516673411707501e+00,-1.610335040471559953e+00,1.084208419714953964e+00,-1.461454179861114144e-01,-3.381983112135490410e-01,2.373209299999999899e+01,-2.392822599999999689e+00,1.820000000000000062e+00,5.999999999999999778e-01
1.370000000000000107e+01,1.297731314250026813e+01,-2.808051570123462515e+00,-1.617088082864923004e+00,1.083835970724579711e+00,-1.464510109740102539e-01,-3.371078017894299506e-01,2.373209299999999899e+01,-2.392822599999999689e+00,1.820000000000000062e+00,5.999999999999999778e-01
1.372000000000000064e+01,1.297330890888795096e+01,-2.829552281867585339e+00,-1.623819427525568848e+00,1.083466069515049535e+00,-1.467519197074467763e-01,-3.360285374706717398e-01,2.373209299999999899e+01,-2.392822599999999689e+00,1.820000000000000062e+00,5.999999999999999778e-01
1.374000000000000021e+01,1.296915472237120248e+01,-2.851017900781394943e+00,-1.630529299316153979e+00,1.083098756645063832e+00,-1.470481990814695994e-01,-3.349605138158083806e-01,2.373209299999999899e+01,-2.392822599999999689e+00,1.820000000000000062e+00,5.999999999999999778e-01
1.375999999999999979e+01,1.296485142034431171e+01,-2.872447532566709150e+00,-1.637217922980933826e+00,1.082734070911163249e+00,-1.473399038312468157e-01,-3.339037234353334216e-01,2.373209299999999899e+01,-2.392822599999999689e+00,1.820000000000000062e+00,5.999999999999999778e-01
1.378000000000000114e+01,1.296039983796952910e+01,-2.893840296247498500e+00,-1.643885523087350364e+00,1.082372049368427680e+00,-1.476270885159578217e-01,-3.328581560466172817e-01,2.373209299999999899e+01,-2.392822599999999689e+00,1.820000000000000062e+00,5.999999999999999778e-01
1.380000000000000071e+01,1.295580080804336021e+01,-2.915195323928919446e+00,-1.650532323968723292e+00,1.082012727351800097e+00,-1.479098075032955484e-01,-3.318237985292945003e-01,2.373209299999999899e+01,-2.392822599999999689e+00,1.820000000000000062e+00,5.999999999999999778e-01
1.382000000000000028e+01,1.295105516086972486e+01,-2.936511760557855233e+00,-1.657158549668051872e+00,1.081656138497994357e+00,-1.481881149545672960e-01,-3.308006349810755364e-01,2.373209299999999899e+01,-2.392822599999999689e+00,1.820000000000000062e+00,5.999999999999999778e-01
1.383999999999999986e+01,1.294616372413983463e+01,-2.957788763685092803e+00,-1.663764423882938326e+00,1.081302314767952799e+00,-1.484620648103822937e-01,-3.297886467739399308e-01,2.373209299999999899e+01,-2.392822599999999689e+00,1.820000000000000062e+00,5.999999999999999778e-01
1.385999999999999943e+01,1.294112732281863387e+01,-2.979025503229252969e+00,-1.670350169911638094e+00,1.080951286469815198e+00,-1.487317107769144109e-01,-3.287878126106670296e-01,2.373209299999999899e+01,-2.392822599999999689e+00,1.820000000000000062e+00,5.999999999999999778e-01
1.388000000000000078e+01,1.293594677903766765e+01,-3.000221161242589751e+00,-1.676916010600242979e+00,1.080603082282364680e+00,-1.489971063127276396e-01,-3.277981085816616402e-01,2.373209299999999899e+01,-2.392822599999999689e+00,1.820000000000000062e+00,5.999999999999999778e-01
1.390000000000000036e+01,1.293062291199421132e+01,-3.021374931678765918e+00,-1.683462168291005145e+00,1.080257729278916612e+00,-1.492583046161528315e-01,-3.268195082220328729e-01,2.373209299999999899e+01,-2.392822599999999689e+00,1.820000000000000062e+00,5.999999999999999778e-01
1.391999999999999993e+01,1.292515653785652674e+01,-3.042486020162705085e+00,-1.689988864771802657e+00,1.079915252951615834e+00,-1.495153586132035861e-01,-3.258519825688845351e-01,2.373209299999999899e+01,-2.392822599999999689e+00,1.820000000000000062e+00,5.999999999999999778e-01
1.393999999999999950e+01,1.291954846967508885e+01,-3.063553643762619849e+00,-1.696496321226754311e+00,1.079575677236110254e+00,-1.497683209460192733e-01,-3.248955002187769447e-01,2.373209299999999899e+01,-2.392822599999999689e+00,1.820000000000000062e+00,5.999999999999999778e-01
1.396000000000000085e+01,1.291379951729963338e+01,-3.084577030764303895e+00,-1.702984758187984671e+00,1.079239024536567948e+00,-1.500172439618233933e-01,-3.239500273853201384e-01,2.373209299999999899e+01,-2.392822599999999689e+00,1.820000000000000062e+00,5.999999999999999778e-01
1.398000000000000043e+01,1.290791048730188706e+01,-3.105555420447775994e+00,-1.709454395488541278e+00,1.078905315751008454e+00,-1.502621797023853678e-01,-3.230155279568592830e-01,2.373209299999999899e+01,-2.392822599999999689e+00,1.820000000000000062e+00,5.999999999999999778e-01
1.400000000000000000e+01,1.290188218290381705e+01,-3.126488062866354944e+00,-1.715905452216467175e+00,1.078574570296916502e+00,-1.505031798939739096e-01,-3.220919635542142667e-01,2.373209299999999899e+01,-2.392822599999999689e+00,1.820000000000000062e+00,5.999999999999999778e-01
1.401999999999999957e+01,1.289571540391126980e+01,-3.147374218628241405e+00,-1.722338146670027603e+00,1.078246806137108882e+00,-1.507402959377902585e-01,-3.211792935884359990e-01,2.373209299999999899e+01,-2.392822599999999689e+00,1.820000000000000062e+00,5.999999999999999778e-01
1.404000000000000092e+01,1.288941094665284481e+01,-3.168213158680675878e+00,-1.728752696314092452e+00,1.077922039805827570e+00,-1.509735789008695150e-01,-3.202774753185419487e-01,2.373209299999999899e+01,-2.392822599999999689e+00,1.820000000000000062e+00,5.999999999999999778e-01
1.406000000000000050e+01,1.288296960392385770e+01,-3.189004164096740368e+00,-1.735149317737672225e+00,1.077600286435030030e+00,-1.512030795074386924e-01,-3.193864639091958391e-01,2.373209299999999899e+01,-2.392822599999999689e+00,1.820000000000000062e+00,5.999999999999999778e-01
1.408000000000000007e+01,1.287639216493525396e+01,-3.209746525864860978e+00,-1.741528226612607089e+00,1.077281559780850051e+00,-1.514288481307197176e-01,-3.185062124882956924e-01,2.373209299999999899e+01,-2.392822599999999689e+00,1.820000000000000062e+00,5.999999999999999778e-01
1.409999999999999964e+01,1.286967941526733128e+01,-3.230439544681073638e+00,-1.747889637653406103e+00,1.076965872250203793e+00,-1.516509347851662526e-01,-3.176366722044360325e-01,2.373209299999999899e+01,-2.392822599999999689e+00,1.820000000000000062e+00,5.999999999999999778e-01
1.412000000000000099e+01,1.286283213682812132e+01,-3.251082530744096033e+00,-1.754233764578235100e+00,1.076653234927514413e+00,-1.518693891191229550e-01,-3.167777922842106575e-01,2.373209299999999899e+01,-2.392822599999999689e+00,1.820000000000000062e+00,5.999999999999999778e-01
1.414000000000000057e+01,1.285585110781630824e+01,-3.271674803553263011e+00,-1.760560820071047639e+00,1.076343657601533721e+00,-1.520842604078960214e-01,-3.159295200893232347e-01,2.373209299999999899e+01,-2.392822599999999689e+00,1.820000000000000062e+00,5.999999999999999778e-01
1.416000000000000014e+01,1.284873710268852420e+01,-3.292215691709361014e+00,-1.766871015744856832e+00,1.076037148792233777e+00,-1.522955975472241597e-01,-3.150918011734736290e-01,2.373209299999999899e+01,-2.392822599999999689e+00,1.820000000000000062e+00,5.999999999999999778e-01
1.417999999999999972e+01,1.284149089213090633e+01,-3.312704532718403705e+00,-1.773164562106141595e+00,1.075733715777748456e+00,-1.525034490471389170e-01,-3.142645793389892694e-01,2.373209299999999899e+01,-2.392822599999999689e+00,1.820000000000000062e+00,5.999999999999999778e-01
1.420000000000000107e+01,1.283411324303476064e+01,-3.333140672798386106e+00,-1.779441668520383546e+00,1.075433364621340981e+00,-1.527078630262038161e-01,-3.134477966931706883e-01,2.373209299999999899e+01,-2.392822599999999689e+00,1.820000000000000062e+00,5.999999999999999778e-01
1.422000000000000064e+01,1.282660491847622275e+01,-3.353523466689045662e+00,-1.785702543178727231e+00,1.075136100198378353e+00,-1.529088872061217241e-01,-3.126413937043224234e-01,2.373209299999999899e+01,-2.392822599999999689e+00,1.820000000000000062e+00,5.999999999999999778e-01
1.424000000000000021e+01,1.281896667769975728e+01,-3.373852277464659100e+00,-1.791947393065757232e+00,1.074841926223289335e+00,-1.531065689066999636e-01,-3.118453092574403618e-01,2.373209299999999899e+01,-2.392822599999999689e+00,1.820000000000000062e+00,5.999999999999999778e-01
1.425999999999999979e+01,1.281119927610539300e+01,-3.394126476349899946e+00,-1.798176423928386836e+00,1.074550845276488920e+00,-1.533009550411630062e-01,-3.110594807095279357e-01,2.373209299999999899e+01,-2.392822599999999689e+00,1.820000000000000062e+00,5.999999999999999778e-01
1.428000000000000114e+01,1.280330346523954610e+01,-3.414345442538778030e+00,-1.804389840245846921e+00,1.074262858831248613e+00,-1.534920921118025916e-01,-3.102838439445146923e-01,2.373209299999999899e+01,-2.392822599999999689e+00,1.820000000000000062e+00,5.999999999999999778e-01
1.430000000000000071e+01,1.279527999278931283e+01,-3.434508563016676952e+00,-1.810587845200770651e+00,1.073977967280495216e+00,-1.536800262059554167e-01,-3.095183334277504805e-01,2.373209299999999899e+01,-2.392822599999999689e+00,1.820000000000000062e+00,5.999999999999999778e-01
1.432000000000000028e+01,1.278712960258011222e+01,-3.454615232385505053e+00,-1.816770640651363289e+00,1.073696169963519464e+00,-1.538648029922985716e-01,-3.087628822600512746e-01,2.373209299999999899e+01,-2.392822599999999689e+00,1.820000000000000062e+00,5.999999999999999778e-01
1.433999999999999986e+01,1.277885303457654764e+01,-3.474664852691971451e+00,-1.822938427104647818e+00,1.073417465192578524e+00,-1.540464677174532837e-01,-3.080174222312714316e-01,2.373209299999999899e+01,-2.392822599999999689e+00,1.820000000000000062e+00,5.999999999999999778e-01
1.435999999999999943e+01,1.277045102488637696e+01,-3.494656833258996009e+00,-1.829091403690777273e+00,1.073141850279376142e+00,-1.542250652028874236e-01,-3.072818838733797353e-01,2.373209299999999899e+01,-2.392822599999999689e+00,1.820000000000000062e+00,5.999999999999999778e-01
1.438000000000000078e+01,1.276192430576746339e+01,-3.514590590520255908e+00,-1.835229768138403772e+00,1.072869321561404243e+00,-1.544006398421075843e-01,-3.065561965130165767e-01,2.373209299999999899e+01,-2.392822599999999689e+00,1.820000000000000062e+00,5.999999999999999778e-01
1.440000000000000036e+01,1.275327360563760237e+01,-3.534465547857876810e+00,-1.841353716751092495e+00,1.072599874428131095e+00,-1.545732355981318251e-01,-3.058402883235105674e-01,2.373209299999999899e+01,-2.392822599999999689e+00,1.820000000000000062e+00,5.999999999999999778e-01
1.441999999999999993e+01,1.274449964908710164e+01,-3.554281135443262851e+00,-1.847463444384771503e+00,1.072333503347023376e+00,-1.547428960012338650e-01,-3.051340863763344347e-01,2.373209299999999899e+01,-2.392822599999999689e+00,1.820000000000000062e+00,5.999999999999999778e-01
1.443999999999999950e+01,1.273560315689400291e+01,-3.574036790081068560e+00,-1.853559144426204286e+00,1.072070201889385954e+00,-1.549096641469503988e-01,-3.044375166919797149e-01,2.373209299999999899e+01,-2.392822599999999689e+00,1.820000000000000062e+00,5.999999999999999778e-01
1.446000000000000085e+01,1.272658484604184714e+01,-3.593731955056304717e+00,-1.859641008772473292e+00,1.071809962756009371e+00,-1.550735826943428486e-01,-3.037505042902319263e-01,2.373209299999999899e+01,-2.392822599999999689e+00,1.820000000000000062e+00,5.999999999999999778e-01
1.448000000000000043e+01,1.271744542973985936e+01,-3.613366079984573265e+00,-1.865709227811464421e+00,1.071552777802609269e+00,-1.552346938645051133e-01,-3.030729732398278475e-01,2.373209299999999899e+01,-2.392822599999999689e+00,1.820000000000000062e+00,5.999999999999999778e-01
1.450000000000000000e+01,1.270818561744546216e+01,-3.632938620665418394e+00,-1.871763990403336742e+00,1.071298638065049769e+00,-1.553930394393093217e-01,-3.024048467074780810e-01,2.373209299999999899e+01,-2.392822599999999689e+00,1.820000000000000062e+00,5.999999999999999778e-01
1.451999999999999957e+01,1.269880611488900435e+01,-3.652449038938789805e+00,-1.877805483862966529e+00,1.071047533784336592e+00,-1.555486607603814853e-01,-3.017460470062380828e-01,2.373209299999999899e+01,-2.392822599999999689e+00,1.820000000000000062e+00,5.999999999999999778e-01
1.454000000000000092e+01,1.268930762410061241e+01,-3.671896802544594607e+00,-1.883833893943352988e+00,1.070799454431370812e+00,-1.557015987282992231e-01,-3.010964956432130024e-01,2.373209299999999899e+01,-2.392822599999999689e+00,1.820000000000000062e+00,5.999999999999999778e-01
1.456000000000000050e+01,1.267969084343906161e+01,-3.691281384985333869e+00,-1.889849404819970102e+00,1.070554388731453255e+00,-1.558518938020039823e-01,-3.004561133665810124e-01,2.373209299999999899e+01,-2.392822599999999689e+00,1.820000000000000062e+00,5.999999999999999778e-01
1.458000000000000007e+01,1.266995646762256555e+01,-3.710602265391797161e+00,-1.895852199076052846e+00,1.070312324688529104e+00,-1.559995859984203148e-01,-2.998248202119218608e-01,2.373209299999999899e+01,-2.392822599999999689e+00,1.820000000000000062e+00,5.999999999999999778e-01
1.459999999999999964e+01,1.266010518776140081e+01,-3.729858928391803108e+00,-1.901842457688802668e+00,1.070073249609164279e+00,-1.561447148922746053e-01,-2.992025355478378779e-01,2.373209299999999899e+01,-2.392822599999999689e+00,1.820000000000000062e+00,5.999999999999999778e-01
1.462000000000000099e+01,1.265013769139226518e+01,-3.749050863981960635e+00,-1.907820360016497796e+00,1.069837150126245806e+00,-1.562873196161065625e-01,-2.985891781208549478e-01,2.373209299999999899e+01,-2.392822599999999689e+00,1.820000000000000062e+00,5.999999999999999778e-01
1.464000000000000057e+01,1.264005466251428089e+01,-3.768177567402434480e+00,-1.913786083786495062e+00,1.069604012222397760e+00,-1.564274388604661725e-01,-2.979846660995928431e-01,2.373209299999999899e+01,-2.392822599999999689e+00,1.820000000000000062e+00,5.999999999999999778e-01
1.466000000000000014e+01,1.262985678162656278e+01,-3.787238539014684324e+00,-1.919739805084107021e+00,1.069373821253104317e+00,-1.565651108742894815e-01,-2.973889171181942070e-01,2.373209299999999899e+01,-2.392822599999999689e+00,1.820000000000000062e+00,5.999999999999999778e-01
1.467999999999999972e+01,1.261954472576725195e+01,-3.806233284182161558e+00,-1.925681698342340598e+00,1.069146561969535725e+00,-1.567003734654463520e-01,-2.968018483190024703e-01,2.373209299999999899e+01,-2.392822599999999689e+00,1.820000000000000062e+00,5.999999999999999778e-01
1.470000000000000107e+01,1.260911916855394388e+01,-3.825161313153927711e+00,-1.931611936332481294e+00,1.068922218541066504e+00,-1.568332640014540869e-01,-2.962233763944804865e-01,2.373209299999999899e+01,-2.392822599999999689e+00,1.820000000000000062e+00,5.999999999999999778e-01
1.472000000000000064e+01,1.259858078022541505e+01,-3.844022140951176780e+00,-1.937530690155508939e+00,1.068700774577485246e+00,-1.569638194103501749e-01,-2.956534176283616144e-01,2.373209299999999899e+01,-2.392822599999999689e+00,1.820000000000000062e+00,5.999999999999999778e-01
1.474000000000000021e+01,1.258793022768459302e+01,-3.862815287256625929e+00,-1.943438129234327461e+00,1.068482213150884874e+00,-1.570920761817183320e-01,-2.950918879360257541e-01,2.373209299999999899e+01,-2.392822599999999689e+00,1.820000000000000062e+00,5.999999999999999778e-01
1.475999999999999979e+01,1.257716817454266156e+01,-3.881540276306747916e+00,-1.949334421306795573e+00,1.068266516817233169e+00,-1.572180703678615621e-01,-2.945387029040946736e-01,2.373209299999999899e+01,-2.392822599999999689e+00,1.820000000000000062e+00,5.999999999999999778e-01
1.478000000000000114e+01,1.256629528116424765e+01,-3.900196636786815496e+00,-1.955219732419541057e+00,1.068053667637615112e+00,-1.573418375851166895e-01,-2.939937778292403547e-01,2.373209299999999899e+01,-2.392822599999999689e+00,1.820000000000000062e+00,5.999999999999999778e-01
1.480000000000000071e+01,1.255531220471360676e+01,-3.918783901728723595e+00,-1.961094226922542871e+00,1.067843647199145707e+00,-1.574634130153042544e-01,-2.934570277562015828e-01,2.373209299999999899e+01,-2.392822599999999689e+00,1.820000000000000062e+00,5.999999999999999778e-01
1.482000000000000028e+01,1.254421959920174601e+01,-3.937301608411557741e+00,-1.966958067464466220e+00,1.067636436635546637e+00,-1.575828314073086378e-01,-2.929283675150047839e-01,2.373209299999999899e+01,-2.392822599999999689e+00,1.820000000000000062e+00,5.999999999999999778e-01
1.483999999999999986e+01,1.253301811553439471e+01,-3.955749298264878089e+00,-1.972811414988733913e+00,1.067432016647385851e+00,-1.577001270787825871e-01,-2.924077117573855578e-01,2.373209299999999899e+01,-2.392822599999999689e+00,1.820000000000000062e+00,5.999999999999999778e-01
1.485999999999999943e+01,1.252170840156078491e+01,-3.974126516774680429e+00,-1.978654428730318049e+00,1.067230367521975420e+00,-1.578153339179712844e-01,-2.918949749924079073e-01,2.373209299999999899e+01,-2.392822599999999689e+00,1.820000000000000062e+00,5.999999999999999778e-01
1.488000000000000078e+01,1.251029110212314066e+01,-3.992432813392003954e+00,-1.984487266213235790e+00,1.067031469152925460e+00,-1.579284853856504633e-01,-2.913900716212793340e-01,2.373209299999999899e+01,-2.392822599999999689e+00,1.820000000000000062e+00,5.999999999999999778e-01
1.490000000000000036e+01,1.249876685910684948e+01,-4.010667741444146728e+00,-1.990310083248734374e+00,1.066835301059351648e+00,-1.580396145171737154e-01,-2.908929159713604662e-01,2.373209299999999899e+01,-2.392822599999999689e+00,1.820000000000000062e+00,5.999999999999999778e-01
1.491999999999999993e+01,1.248713631149122527e+01,-4.028830858048454644e+00,-1.996123033934146696e+00,1.066641842404733698e+00,-1.581487539246242968e-01,-2.904034223293679440e-01,2.373209299999999899e+01,-2.392822599999999689e+00,1.820000000000000062e+00,5.999999999999999778e-01
1.493999999999999950e+01,1.247540009540081662e+01,-4.046921724028648804e+00,-2.001926270652404583e+00,1.066451072015425217e+00,-1.582559357990662996e-01,-2.899215049737712824e-01,2.373209299999999899e+01,-2.392822599999999689e+00,1.820000000000000062e+00,5.999999999999999778e-01
1.496000000000000085e+01,1.246355884415720539e+01,-4.064939903833650447e+00,-2.007719944072190010e+00,1.066262968398810518e+00,-1.583611919128909973e-01,-2.894470782063832126e-01,2.373209299999999899e+01,-2.392822599999999689e+00,1.820000000000000062e+00,5.999999999999999778e-01
1.498000000000000043e+01,1.245161318833122444e+01,-4.082884965458869253e+00,-2.013504203148712701e+00,1.066077509761109710e+00,-1.584645536222536455e-01,-2.889800563831454450e-01,2.373209299999999899e+01,-2.392822599999999689e+00,1.820000000000000062e+00,5.999999999999999778e-01
1.500000000000000000e+01,1.243956375579555917e+01,-4.100756480369918577e+00,-2.019279195125092574e+00,1.065894674024830735e+00,-1.585660518695965193e-01,-2.885203539441109633e-01,2.373209299999999899e+01,-2.392822599999999689e+00,1.820000000000000062e+00,5.999999999999999778e-01
1.501999999999999957e+01,1.242741117177766874e+01,-4.118554023428711908e+00,-2.025045065534335276e+00,1.065714438845867029e+00,-1.586657171862537186e-01,-2.880678854426256263e-01,2.373209299999999899e+01,-2.392822599999999689e+00,1.820000000000000062e+00,5.999999999999999778e-01
1.504000000000000092e+01,1.241515605891297369e+01,-4.136277172821914760e+00,-2.030801958201883473e+00,1.065536781630241459e+00,-1.587635796951340494e-01,-2.876225655737112419e-01,2.373209299999999899e+01,-2.392822599999999689e+00,1.820000000000000062e+00,5.999999999999999778e-01
1.506000000000000050e+01,1.240279903729827105e+01,-4.153925509991698739e+00,-2.036550015248728140e+00,1.065361679550496987e+00,-1.588596691134775141e-01,-2.871843092016540533e-01,2.373209299999999899e+01,-2.392822599999999689e+00,1.820000000000000062e+00,5.999999999999999778e-01
1.508000000000000007e+01,1.239034072454532698e+01,-4.171498619568771105e+00,-2.042289377095062086e+00,1.065189109561733405e+00,-1.589540147556819383e-01,-2.867530313868021929e-01,2.373209299999999899e+01,-2.392822599999999689e+00,1.820000000000000062e+00,5.999999999999999778e-01
1.509999999999999964e+01,1.237778173583459029e+01,-4.188996089307636339e+00,-2.048020182464463268e+00,1.065019048417291225e+00,-1.590466455361956299e-01,-2.863286474115767088e-01,2.373209299999999899e+01,-2.392822599999999689e+00,1.820000000000000062e+00,5.999999999999999778e-01
1.512000000000000099e+01,1.236512268396899650e+01,-4.206417510024045292e+00,-2.053742568388589707e+00,1.064851472684083644e+00,-1.591375899724726262e-01,-2.859110728057004391e-01,2.373209299999999899e+01,-2.392822599999999689e+00,1.820000000000000062e+00,5.999999999999999778e-01
1.514000000000000057e+01,1.235236417942781628e+01,-4.223762475534604377e+00,-2.059456670212370888e+00,1.064686358757578333e+00,-1.592268761879869210e-01,-2.855002233706509518e-01,2.373209299999999899e+01,-2.392822599999999689e+00,1.820000000000000062e+00,5.999999999999999778e-01
1.516000000000000014e+01,1.233950683042050045e+01,-4.241030582598494192e+00,-2.065162621599681891e+00,1.064523682876428623e+00,-1.593145319153022599e-01,-2.850960152033424344e-01,2.373209299999999899e+01,-2.392822599999999689e+00,1.820000000000000062e+00,5.999999999999999778e-01
1.517999999999999972e+01,1.232655124294049109e+01,-4.258221430861263812e+00,-2.070860554539482035e+00,1.064363421136757193e+00,-1.594005844991939480e-01,-2.846983647190433619e-01,2.373209299999999899e+01,-2.392822599999999689e+00,1.820000000000000062e+00,5.999999999999999778e-01
1.520000000000000107e+01,1.231349802081895639e+01,-4.275334622800663453e+00,-2.076550599352404269e+00,1.064205549506093806e+00,-1.594850608998197028e-01,-2.843071886735361598e-01,2.373209299999999899e+01,-2.392822599999999689e+00,1.820000000000000062e+00,5.999999999999999778e-01
1.522000000000000064e+01,1.230034776577840994e+01,-4.292369763674469318e+00,-2.082232884697781561e+00,1.064050043836967996e+00,-1.595679876959363308e-01,-2.839224041845259672e-01,2.373209299999999899e+01,-2.392822599999999689e+00,1.820000000000000062e+00,5.999999999999999778e-01
1.524000000000000021e+01,1.228710107748619151e+01,-4.309326461470268654e+00,-2.087907537581093376e+00,1.063896879880160240e+00,-1.596493910881589540e-01,-2.835439287523060514e-01,2.373209299999999899e+01,-2.392822599999999689e+00,1.820000000000000062e+00,5.999999999999999778e-01
1.525999999999999979e+01,1.227375855360775425e+01,-4.326204326857164162e+00,-2.093574683361817179e+00,1.063746033297612525e+00,-1.597292969022601206e-01,-2.831716802796874211e-01,2.373209299999999899e+01,-2.392822599999999689e+00,1.820000000000000062e+00,5.999999999999999778e-01
1.528000000000000114e+01,1.226032078985975282e+01,-4.343002973139352463e+00,-2.099234445761672507e+00,1.063597479675002289e+00,-1.598077305925057756e-01,-2.828055770912006328e-01,2.373209299999999899e+01,-2.392822599999999689e+00,1.820000000000000062e+00,5.999999999999999778e-01
1.530000000000000071e+01,1.224678838006287762e+01,-4.359722016211549089e+00,-2.104886946873241182e+00,1.063451194533981292e+00,-1.598847172450252874e-01,-2.824455379515783959e-01,2.373209299999999899e+01,-2.392822599999999689e+00,1.820000000000000062e+00,5.999999999999999778e-01
1.532000000000000028e+01,1.223316191619442428e+01,-4.376361074516212923e+00,-2.110532307168950794e+00,1.063307153344082101e+00,-1.599602815812129486e-01,-2.820914820835276893e-01,2.373209299999999899e+01,-2.392822599999999689e+00,1.820000000000000062e+00,5.999999999999999778e-01
1.533999999999999986e+01,1.221944198844055052e+01,-4.392919769002533670e+00,-2.116170645510405457e+00,1.063165331534295932e+00,-1.600344479611582049e-01,-2.817433291848002175e-01,2.373209299999999899e+01,-2.392822599999999689e+00,1.820000000000000062e+00,5.999999999999999778e-01
1.535999999999999943e+01,1.220562918524822038e+01,-4.409397723087147725e+00,-2.121802079158051413e+00,1.063025704504325208e+00,-1.601072403871021677e-01,-2.814009994445705876e-01,2.373209299999999899e+01,-2.392822599999999689e+00,1.820000000000000062e+00,5.999999999999999778e-01
1.538000000000000078e+01,1.219172409337677543e+01,-4.425794562616538030e+00,-2.127426723781164597e+00,1.062888247635512151e+00,-1.601786825069179410e-01,-2.810644135591316983e-01,2.373209299999999899e+01,-2.392822599999999689e+00,1.820000000000000062e+00,5.999999999999999778e-01
1.540000000000000036e+01,1.217772729794914710e+01,-4.442109915831086830e+00,-2.133044693468143294e+00,1.062752936301448958e+00,-1.602487976176124040e-01,-2.807334927469171126e-01,2.373209299999999899e+01,-2.392822599999999689e+00,1.820000000000000062e+00,5.999999999999999778e-01
1.541999999999999993e+01,1.216363938250265164e+01,-4.458343413330742244e+00,-2.138656100737096111e+00,1.062619745878272015e+00,-1.603176086688470892e-01,-2.804081587628606820e-01,2.373209299999999899e+01,-2.392822599999999689e+00,1.820000000000000062e+00,5.999999999999999778e-01
1.543999999999999950e+01,1.214946092903936936e+01,-4.474494688042257806e+00,-2.144261056546710176e+00,1.062488651754643465e+00,-1.603851382664761016e-01,-2.800883339121029159e-01,2.373209299999999899e+01,-2.392822599999999689e+00,1.820000000000000062e+00,5.999999999999999778e-01
1.546000000000000085e+01,1.213519251807607269e+01,-4.490563375187972106e+00,-2.149859670307386672e+00,1.062359629341425027e+00,-1.604514086760986946e-01,-2.797739410630553647e-01,2.373209299999999899e+01,-2.392822599999999689e+00,1.820000000000000062e+00,5.999999999999999778e-01
1.548000000000000043e+01,1.212083472869369949e+01,-4.506549112256093892e+00,-2.155452049892632171e+00,1.062232654081045835e+00,-1.605164418266246118e-01,-2.794649036598329528e-01,2.373209299999999899e+01,-2.392822599999999689e+00,1.820000000000000062e+00,5.999999999999999778e-01
1.550000000000000000e+01,1.210638813858632723e+01,-4.522451538972451779e+00,-2.161038301650691551e+00,1.062107701456570963e+00,-1.605802593138501710e-01,-2.791611457340654190e-01,2.373209299999999899e+01,-2.392822599999999689e+00,1.820000000000000062e+00,5.999999999999999778e-01
1.551999999999999957e+01,1.209185332410965863e+01,-4.538270297273673037e+00,-2.166618530416410504e+00,1.061984747000471074e+00,-1.606428824040430914e-01,-2.788625919160982458e-01,2.373209299999999899e+01,-2.392822599999999689e+00,1.820000000000000062e+00,5.999999999999999778e-01
1.554000000000000092e+01,1.207723086032898152e+01,-4.554005031281765703e+00,-2.172192839523318320e+00,1.061863766303101420e+00,-1.607043320375341755e-01,-2.785691674455947897e-01,2.373209299999999899e+01,-2.392822599999999689e+00,1.820000000000000062e+00,5.999999999999999778e-01
1.556000000000000050e+01,1.206252132106659580e+01,-4.569655387280054271e+00,-2.177761330815914942e+00,1.061744735020890396e+00,-1.607646288323140993e-01,-2.782807981815500487e-01,2.373209299999999899e+01,-2.392822599999999689e+00,1.820000000000000062e+00,5.999999999999999778e-01
1.558000000000000007e+01,1.204772527894868794e+01,-4.585221013690444991e+00,-2.183324104662151655e+00,1.061627628884244334e+00,-1.608237930876336430e-01,-2.779974106117278909e-01,2.373209299999999899e+01,-2.392822599999999689e+00,1.820000000000000062e+00,5.999999999999999778e-01
1.559999999999999964e+01,1.203284330545164771e+01,-4.600701561051987909e+00,-2.188881259966097392e+00,1.061512423705172070e+00,-1.608818447876054492e-01,-2.777189318615326807e-01,2.373209299999999899e+01,-2.392822599999999689e+00,1.820000000000000062e+00,5.999999999999999778e-01
1.562000000000000099e+01,1.201787597094779869e+01,-4.616096682000691231e+00,-2.194432894180776028e+00,1.061399095384633284e+00,-1.609388036048059190e-01,-2.774452897023267917e-01,2.373209299999999899e+01,-2.392822599999999689e+00,1.820000000000000062e+00,5.999999999999999778e-01
1.564000000000000057e+01,1.200282384475054975e+01,-4.631406031250566713e+00,-2.199979103321162643e+00,1.061287619919615954e+00,-1.609946889038756102e-01,-2.771764125592057759e-01,2.373209299999999899e+01,-2.392822599999999689e+00,1.820000000000000062e+00,5.999999999999999778e-01
1.566000000000000014e+01,1.198768749515893894e+01,-4.646629265575866086e+00,-2.205519981977333011e+00,1.061177973409945352e+00,-1.610495197451164984e-01,-2.769122295182422366e-01,2.373209299999999899e+01,-2.392822599999999689e+00,1.820000000000000062e+00,5.999999999999999778e-01
1.567999999999999972e+01,1.197246748950156636e+01,-4.661766043794481007e+00,-2.211055623327750297e+00,1.061070132064831473e+00,-1.611033148880848809e-01,-2.766526703332105042e-01,2.373209299999999899e+01,-2.392822599999999689e+00,1.820000000000000062e+00,5.999999999999999778e-01
1.570000000000000107e+01,1.195716439417990884e+01,-4.676816026752468325e+00,-2.216586119152681889e+00,1.060964072209158227e+00,-1.611560927951783684e-01,-2.763976654318031634e-01,2.373209299999999899e+01,-2.392822599999999689e+00,1.820000000000000062e+00,5.999999999999999778e-01
1.572000000000000064e+01,1.194177877471100224e+01,-4.691778877309677576e+00,-2.222111559847737006e+00,1.060859770289518611e+00,-1.612078716352156049e-01,-2.761471459213516999e-01,2.373209299999999899e+01,-2.392822599999999689e+00,1.820000000000000062e+00,5.999999999999999778e-01
1.574000000000000021e+01,1.192631119576948606e+01,-4.706654260326440742e+00,-2.227632034437511788e+00,1.060757202880000527e+00,-1.612586692870076333e-01,-2.759010435940622008e-01,2.373209299999999899e+01,-2.392822599999999689e+00,1.820000000000000062e+00,5.999999999999999778e-01
1.575999999999999979e+01,1.191076222122900141e+01,-4.721441842651303844e+00,-2.233147630589335186e+00,1.060656346687729013e+00,-1.613085033429193516e-01,-2.756592909317781559e-01,2.373209299999999899e+01,-2.392822599999999689e+00,1.820000000000000062e+00,5.999999999999999778e-01
1.578000000000000114e+01,1.189513241420293710e+01,-4.736141293109761286e+00,-2.238658434627105454e+00,1.060557178558167113e+00,-1.613573911124200899e-01,-2.754218211102821834e-01,2.373209299999999899e+01,-2.392822599999999689e+00,1.820000000000000062e+00,5.999999999999999778e-01
1.580000000000000071e+01,1.187942233708451312e+01,-4.750752282493968970e+00,-2.244164531545208341e+00,1.060459675480182939e+00,-1.614053496256221687e-01,-2.751885680031474490e-01,2.373209299999999899e+01,-2.392822599999999689e+00,1.820000000000000062e+00,5.999999999999999778e-01
1.582000000000000028e+01,1.186363255158620511e+01,-4.765274483553402440e+00,-2.249666005022508131e+00,1.060363814590885356e+00,-1.614523956368061064e-01,-2.749594661851513799e-01,2.373209299999999899e+01,-2.392822599999999689e+00,1.820000000000000062e+00,5.999999999999999778e-01
1.583999999999999986e+01,1.184776361877849205e+01,-4.779707570986440501e+00,-2.255162937436401283e+00,1.060269573180233182e+00,-1.614985456279318110e-01,-2.747344509352621644e-01,2.373209299999999899e+01,-2.392822599999999689e+00,1.820000000000000062e+00,5.999999999999999778e-01
1.586000000000000121e+01,1.183181609912793597e+01,-4.794051221432834353e+00,-2.260655409876928257e+00,1.060176928695423904e+00,-1.615438158121343393e-01,-2.745134582392104172e-01,2.373209299999999899e+01,-2.392822599999999689e+00,1.820000000000000062e+00,5.999999999999999778e-01
1.588000000000000078e+01,1.181579055253457966e+01,-4.808305113467046255e+00,-2.266143502160929302e+00,1.060085858745064780e+00,-1.615882221372035299e-01,-2.742964247916565568e-01,2.373209299999999899e+01,-2.392822599999999689e+00,1.820000000000000062e+00,5.999999999999999778e-01
1.590000000000000036e+01,1.179968753836866568e+01,-4.822468927592418630e+00,-2.271627292846242430e+00,1.059996341103131900e+00,-1.616317802890464839e-01,-2.740832879979659964e-01,2.373209299999999899e+01,-2.392822599999999689e+00,1.820000000000000062e+00,5.999999999999999778e-01
1.591999999999999993e+01,1.178350761550666981e+01,-4.836542346236158529e+00,-2.277106859245932036e+00,1.059908353712722073e+00,-1.616745056951319759e-01,-2.738739859756028072e-01,2.373209299999999899e+01,-2.392822599999999689e+00,1.820000000000000062e+00,5.999999999999999778e-01
1.593999999999999950e+01,1.176725134236665404e+01,-4.850525053745106341e+00,-2.282582277442541940e+00,1.059821874689601540e+00,-1.617164135279161308e-01,-2.736684575551531773e-01,2.373209299999999899e+01,-2.392822599999999689e+00,1.820000000000000062e+00,5.999999999999999778e-01
1.596000000000000085e+01,1.175091927694292160e+01,-4.864416736382258577e+00,-2.288053622302363976e+00,1.059736882325556184e+00,-1.617575187082482269e-01,-2.734666422809901021e-01,2.373209299999999899e+01,-2.392822599999999689e+00,1.820000000000000062e+00,5.999999999999999778e-01
1.598000000000000043e+01,1.173451197683999503e+01,-4.878217082324028731e+00,-2.293520967489719009e+00,1.059653355091547899e+00,-1.617978359087562934e-01,-2.732684804115896315e-01,2.373209299999999899e+01,-2.392822599999999689e+00,1.820000000000000062e+00,5.999999999999999778e-01
1.600000000000000000e+01,1.171802999930589984e+01,-4.891925781658216010e+00,-2.298984385481237958e+00,1.059571271640681989e+00,-1.618373795572113361e-01,-2.730739129195101644e-01,2.373209299999999899e+01,-2.392822599999999689e+00,1.820000000000000062e+00,5.999999999999999778e-01
1.601999999999999957e+01,1.170147390126475706e+01,-4.905542526382656199e+00,-2.304443947580141483e+00,1.059490610810989608e+00,-1.618761638398698022e-01,-2.728828814910451706e-01,2.373209299999999899e+01,-2.392822599999999689e+00,1.820000000000000062e+00,5.999999999999999778e-01
1.603999999999999915e+01,1.168484423934868843e+01,-4.919067010404536866e+00,-2.309899723930507687e+00,1.059411351628030129e+00,-1.619142027047935084e-01,-2.726953285255599435e-01,2.373209299999999899e+01,-2.392822599999999689e+00,1.820000000000000062e+00,5.999999999999999778e-01
1.605999999999999872e+01,1.166814156992903762e+01,-4.932498929540349408e+00,-2.315351783531525598e+00,1.059333473307317419e+00,-1.619515098651464202e-01,-2.725111971345234307e-01,2.373209299999999899e+01,-2.392822599999999689e+00,1.820000000000000062e+00,5.999999999999999778e-01
1.608000000000000185e+01,1.165136644914689512e+01,-4.945837981516452153e+00,-2.320800194251723791e+00,1.059256955256575150e+00,-1.619880988024676449e-01,-2.723304311402446887e-01,2.373209299999999899e+01,-2.392822599999999689e+00,1.820000000000000062e+00,5.999999999999999778e-01
1.610000000000000142e+01,1.163451943294294644e+01,-4.959083865970233873e+00,-2.326245022843172805e+00,1.059181777077825126e+00,-1.620239827699201662e-01,-2.721529750743250098e-01,2.373209299999999899e+01,-2.392822599999999689e+00,1.820000000000000062e+00,5.999999999999999778e-01
1.612000000000000099e+01,1.161760107708662737e+01,-4.972236284451842181e+00,-2.331686334955653361e+00,1.059107918569313300e+00,-1.620591747955147099e-01,-2.719787741758354360e-01,2.373209299999999899e+01,-2.392822599999999689e+00,1.820000000000000062e+00,5.999999999999999778e-01
1.614000000000000057e+01,1.160061193720460437e+01,-4.985294940426462595e+00,-2.337124195150785066e+00,1.059035359727276804e+00,-1.620936876853082687e-01,-2.718077743892295950e-01,2.373209299999999899e+01,-2.392822599999999689e+00,1.820000000000000062e+00,5.999999999999999778e-01
1.616000000000000014e+01,1.158355256880857276e+01,-4.998259539277129626e+00,-2.342558666916111143e+00,1.058964080747557768e+00,-1.621275340265768694e-01,-2.716399223620020731e-01,2.373209299999999899e+01,-2.392822599999999689e+00,1.820000000000000062e+00,5.999999999999999778e-01
1.617999999999999972e+01,1.156642352732237633e+01,-5.011129788308041455e+00,-2.347989812679133870e+00,1.058894062027067040e+00,-1.621607261909620012e-01,-2.714751654421015403e-01,2.373209299999999899e+01,-2.392822599999999689e+00,1.820000000000000062e+00,5.999999999999999778e-01
1.619999999999999929e+01,1.154922536810845735e+01,-5.023905396748368446e+00,-2.353417693821295398e+00,1.058825284165102909e+00,-1.621932763375904529e-01,-2.713134516751084524e-01,2.373209299999999899e+01,-2.392822599999999689e+00,1.820000000000000062e+00,5.999999999999999778e-01
1.621999999999999886e+01,1.153195864649362967e+01,-5.036586075756526171e+00,-2.358842370691900392e+00,1.058757727964528383e+00,-1.622251964161670612e-01,-2.711547298011867113e-01,2.373209299999999899e+01,-2.392822599999999689e+00,1.820000000000000062e+00,5.999999999999999778e-01
1.624000000000000199e+01,1.151462391779419114e+01,-5.049171538424898742e+00,-2.364263902621976055e+00,1.058691374432810361e+00,-1.622564981700400366e-01,-2.709989492518183885e-01,2.373209299999999899e+01,-2.392822599999999689e+00,1.820000000000000062e+00,5.999999999999999778e-01
1.626000000000000156e+01,1.149722173734037334e+01,-5.061661499784997353e+00,-2.369682347938063760e+00,1.058626204782927571e+00,-1.622871931392385614e-01,-2.708460601463305584e-01,2.373209299999999899e+01,-2.392822599999999689e+00,1.820000000000000062e+00,5.999999999999999778e-01
1.628000000000000114e+01,1.147975266050012699e+01,-5.074055676813028271e+00,-2.375097763975938747e+00,1.058562200434147060e+00,-1.623172926634823265e-01,-2.706960132882234027e-01,2.373209299999999899e+01,-2.392822599999999689e+00,1.820000000000000062e+00,5.999999999999999778e-01
1.630000000000000071e+01,1.146221724270225550e+01,-5.086353788435856060e+00,-2.380510207094256536e+00,1.058499343012677452e+00,-1.623468078851626750e-01,-2.705487601613079662e-01,2.373209299999999899e+01,-2.392822599999999689e+00,1.820000000000000062e+00,5.999999999999999778e-01
1.632000000000000028e+01,1.144461603945890360e+01,-5.098555555537346073e+00,-2.385919732688118078e+00,1.058437614352200073e+00,-1.623757497522951843e-01,-2.704042529256623362e-01,2.373209299999999899e+01,-2.392822599999999689e+00,1.820000000000000062e+00,5.999999999999999778e-01
1.633999999999999986e+01,1.142694960638739410e+01,-5.110660700965071079e+00,-2.391326395202554078e+00,1.058376996494282407e+00,-1.624041290214433553e-01,-2.702624444134146819e-01,2.373209299999999899e+01,-2.392822599999999689e+00,1.820000000000000062e+00,5.999999999999999778e-01
1.635999999999999943e+01,1.140921849923142872e+01,-5.122668949537354521e+00,-2.396730248145921394e+00,1.058317471688678735e+00,-1.624319562606132417e-01,-2.701232881243611494e-01,2.373209299999999899e+01,-2.392822599999999689e+00,1.820000000000000062e+00,5.999999999999999778e-01
1.637999999999999901e+01,1.139142327388164944e+01,-5.134580028050652167e+00,-2.402131344103211941e+00,1.058259022393520432e+00,-1.624592418521188242e-01,-2.699867382214271028e-01,2.373209299999999899e+01,-2.392822599999999689e+00,1.820000000000000062e+00,5.999999999999999778e-01
1.639999999999999858e+01,1.137356448639557804e+01,-5.146393665287237518e+00,-2.407529734749268346e+00,1.058201631275399901e+00,-1.624859959954179089e-01,-2.698527495259790410e-01,2.373209299999999899e+01,-2.392822599999999689e+00,1.820000000000000062e+00,5.999999999999999778e-01
1.642000000000000171e+01,1.135564269301692519e+01,-5.158109592023191858e+00,-2.412925470861905008e+00,1.058145281209352362e+00,-1.625122287099184382e-01,-2.697212775129955165e-01,2.373209299999999899e+01,-2.392822599999999689e+00,1.820000000000000062e+00,5.999999999999999778e-01
1.644000000000000128e+01,1.133765845019428475e+01,-5.169727541036674090e+00,-2.418318602334930567e+00,1.058089955278738392e+00,-1.625379498377549914e-01,-2.695922783061039385e-01,2.373209299999999899e+01,-2.392822599999999689e+00,1.820000000000000062e+00,5.999999999999999778e-01
1.646000000000000085e+01,1.131961231459921358e+01,-5.181247247116457899e+00,-2.423709178191070901e+00,1.058035636775031207e+00,-1.625631690465355605e-01,-2.694657086724913664e-01,2.373209299999999899e+01,-2.392822599999999689e+00,1.820000000000000062e+00,5.999999999999999778e-01
1.648000000000000043e+01,1.130150484314370196e+01,-5.192668447070724724e+00,-2.429097246594787318e+00,1.057982309197511794e+00,-1.625878958320581824e-01,-2.693415260176959536e-01,2.373209299999999899e+01,-2.392822599999999689e+00,1.820000000000000062e+00,5.999999999999999778e-01
1.650000000000000000e+01,1.128333659299705438e+01,-5.203990879736097419e+00,-2.434482854864991275e+00,1.057929956252875447e+00,-1.626121395209976506e-01,-2.692196883802860374e-01,2.373209299999999899e+01,-2.392822599999999689e+00,1.820000000000000062e+00,5.999999999999999778e-01
1.651999999999999957e+01,1.126510812160215913e+01,-5.215214285986898624e+00,-2.439866049487651178e+00,1.057878561854752375e+00,-1.626359092735621126e-01,-2.691001544264343681e-01,2.373209299999999899e+01,-2.392822599999999689e+00,1.820000000000000062e+00,5.999999999999999778e-01
1.653999999999999915e+01,1.124681998669118776e+01,-5.226338408744625852e+00,-2.445246876128288616e+00,1.057828110123147702e+00,-1.626592140861193303e-01,-2.689828834443933614e-01,2.373209299999999899e+01,-2.392822599999999689e+00,1.820000000000000062e+00,5.999999999999999778e-01
1.655999999999999872e+01,1.122847274630069592e+01,-5.237362992987625532e+00,-2.450625379644363999e+00,1.057778585383801095e+00,-1.626820627937929642e-01,-2.688678353388784248e-01,2.373209299999999899e+01,-2.392822599999999689e+00,1.820000000000000062e+00,5.999999999999999778e-01
1.658000000000000185e+01,1.121006695878616455e+01,-5.248287785760958890e+00,-2.456001604097549862e+00,1.057729972167471555e+00,-1.627044640730284653e-01,-2.687549706253656301e-01,2.373209299999999899e+01,-2.392822599999999689e+00,1.820000000000000062e+00,5.999999999999999778e-01
1.660000000000000142e+01,1.119160318283595679e+01,-5.259112536186442810e+00,-2.461375592765887355e+00,1.057682255209149380e+00,-1.627264264441288522e-01,-2.686442504243095053e-01,2.373209299999999899e+01,-2.392822599999999689e+00,1.820000000000000062e+00,5.999999999999999778e-01
1.662000000000000099e+01,1.117308197748472942e+01,-5.269836995472855889e+00,-2.466747388155828169e+00,1.057635419447198855e+00,-1.627479582737601516e-01,-2.685356364552876629e-01,2.373209299999999899e+01,-2.392822599999999689e+00,1.820000000000000062e+00,5.999999999999999778e-01
1.664000000000000057e+01,1.115450390212627063e+01,-5.280460916926299930e+00,-2.472117032014156557e+00,1.057589450022433208e+00,-1.627690677774267791e-01,-2.684290910310773715e-01,2.373209299999999899e+01,-2.392822599999999689e+00,1.820000000000000062e+00,5.999999999999999778e-01
1.666000000000000014e+01,1.113586951652580304e+01,-5.290984055960704424e+00,-2.477484565339795441e+00,1.057544332277127408e+00,-1.627897630219166392e-01,-2.683245770516702322e-01,2.373209299999999899e+01,-2.392822599999999689e+00,1.820000000000000062e+00,5.999999999999999778e-01
1.667999999999999972e+01,1.111717938083174140e+01,-5.301406170108464266e+00,-2.482850028395489073e+00,1.057500051753968551e+00,-1.628100519277161373e-01,-2.682220579982304010e-01,2.373209299999999899e+01,-2.392822599999999689e+00,1.820000000000000062e+00,5.999999999999999778e-01
1.669999999999999929e+01,1.109843405558690854e+01,-5.311727019031197372e+00,-2.488213460719365777e+00,1.057456594194949195e+00,-1.628299422713952727e-01,-2.681214979270013510e-01,2.373209299999999899e+01,-2.392822599999999689e+00,1.820000000000000062e+00,5.999999999999999778e-01
1.671999999999999886e+01,1.107963410173923080e+01,-5.321946364530616869e+00,-2.493574901136378585e+00,1.057413945540204958e+00,-1.628494416879625040e-01,-2.680228614631670614e-01,2.373209299999999899e+01,-2.392822599999999689e+00,1.820000000000000062e+00,5.999999999999999778e-01
1.674000000000000199e+01,1.106078008065190588e+01,-5.332063970559503652e+00,-2.498934387769621956e+00,1.057372091926798596e+00,-1.628685576731899731e-01,-2.679261137946717386e-01,2.373209299999999899e+01,-2.392822599999999689e+00,1.820000000000000062e+00,5.999999999999999778e-01
1.676000000000000156e+01,1.104187255411306268e+01,-5.342079603232775753e+00,-2.504291958051525491e+00,1.057331019687454798e+00,-1.628872975859087524e-01,-2.678312206660037331e-01,2.373209299999999899e+01,-2.392822599999999689e+00,1.820000000000000062e+00,5.999999999999999778e-01
1.678000000000000114e+01,1.102291208434490599e+01,-5.351993030838637644e+00,-2.509647648734921521e+00,1.057290715349247234e+00,-1.629056686502745599e-01,-2.677381483719482036e-01,2.373209299999999899e+01,-2.392822599999999689e+00,1.820000000000000062e+00,5.999999999999999778e-01
1.680000000000000071e+01,1.100389923401236381e+01,-5.361804023849805034e+00,-2.515001495903989248e+00,1.057251165632239420e+00,-1.629236779580036931e-01,-2.676468637513124693e-01,2.373209299999999899e+01,-2.392822599999999689e+00,1.820000000000000062e+00,5.999999999999999778e-01
1.682000000000000028e+01,1.098483456623124255e+01,-5.371512354934798950e+00,-2.520353534985071420e+00,1.057212357448084283e+00,-1.629413324705797084e-01,-2.675573341806294358e-01,2.373209299999999899e+01,-2.392822599999999689e+00,1.820000000000000062e+00,5.999999999999999778e-01
1.683999999999999986e+01,1.096571864457589207e+01,-5.381117798969295762e+00,-2.525703800757365780e+00,1.057174277898581982e+00,-1.629586390214306513e-01,-2.674695275678425910e-01,2.373209299999999899e+01,-2.392822599999999689e+00,1.820000000000000062e+00,5.999999999999999778e-01
1.685999999999999943e+01,1.094655203308639280e+01,-5.390620133047527851e+00,-2.531052327363491283e+00,1.057136914274199535e+00,-1.629756043180771719e-01,-2.673834123459769008e-01,2.373209299999999899e+01,-2.392822599999999689e+00,1.820000000000000062e+00,5.999999999999999778e-01
1.687999999999999901e+01,1.092733529627526856e+01,-5.400019136493726890e+00,-2.536399148319924191e+00,1.057100254052555588e+00,-1.629922349442515794e-01,-2.672989574667998802e-01,2.373209299999999899e+01,-2.392822599999999689e+00,1.820000000000000062e+00,5.999999999999999778e-01
1.689999999999999858e+01,1.090806899913373051e+01,-5.409314590873601780e+00,-2.541744296527311597e+00,1.057064284896870321e+00,-1.630085373619880873e-01,-2.672161323944761691e-01,2.373209299999999899e+01,-2.392822599999999689e+00,1.820000000000000062e+00,5.999999999999999778e-01
1.692000000000000171e+01,1.088875370713746982e+01,-5.418506280005842335e+00,-2.547087804280654844e+00,1.057028994654384046e+00,-1.630245179136843026e-01,-2.671349070992197761e-01,2.373209299999999899e+01,-2.392822599999999689e+00,1.820000000000000062e+00,5.999999999999999778e-01
1.694000000000000128e+01,1.086938998625198671e+01,-5.427593989973647837e+00,-2.552429703279366358e+00,1.056994371354746276e+00,-1.630401828241342388e-01,-2.670552520509469896e-01,2.373209299999999899e+01,-2.392822599999999689e+00,1.820000000000000062e+00,5.999999999999999778e-01
1.696000000000000085e+01,1.084997840293748617e+01,-5.436577509136264474e+00,-2.557770024637202155e+00,1.056960403208376142e+00,-1.630555382025329347e-01,-2.669771382129337844e-01,2.373209299999999899e+01,-2.392822599999999689e+00,1.820000000000000062e+00,5.999999999999999778e-01
1.698000000000000043e+01,1.083051952415332231e+01,-5.445456628140532551e+00,-2.563108798892063778e+00,1.056927078604798842e+00,-1.630705900444529288e-01,-2.669005370354811113e-01,2.373209299999999899e+01,-2.392822599999999689e+00,1.820000000000000062e+00,5.999999999999999778e-01
1.700000000000000000e+01,1.081101391736202366e+01,-5.454231139932434580e+00,-2.568446056015676326e+00,1.056894386110956763e+00,-1.630853442337928672e-01,-2.668254204495907334e-01,2.373209299999999899e+01,-2.392822599999999689e+00,1.820000000000000062e+00,5.999999999999999778e-01
1.701999999999999957e+01,1.079146215053287960e+01,-5.462900839768635386e+00,-2.573781825423139935e+00,1.056862314469498854e+00,-1.630998065446981893e-01,-2.667517608606550517e-01,2.373209299999999899e+01,-2.392822599999999689e+00,1.820000000000000062e+00,5.999999999999999778e-01
1.703999999999999915e+01,1.077186479214512183e+01,-5.471465525228013327e+00,-2.579116135982353786e+00,1.056830852597050452e+00,-1.631139826434544193e-01,-2.666795311421635839e-01,2.373209299999999899e+01,-2.392822599999999689e+00,1.820000000000000062e+00,5.999999999999999778e-01
1.705999999999999872e+01,1.075222241119068478e+01,-5.479924996223176414e+00,-2.584449016023315338e+00,1.056799989582463573e+00,-1.631278780903529790e-01,-2.666087046294289276e-01,2.373209299999999899e+01,-2.392822599999999689e+00,1.820000000000000062e+00,5.999999999999999778e-01
1.708000000000000185e+01,1.073253557717656292e+01,-5.488279055011949126e+00,-2.589780493347294321e+00,1.056769714685050543e+00,-1.631414983415299391e-01,-2.665392551133348720e-01,2.373209299999999899e+01,-2.392822599999999689e+00,1.820000000000000062e+00,5.999999999999999778e-01
1.710000000000000142e+01,1.071280486012677002e+01,-5.496527506208837899e+00,-2.595110595235881945e+00,1.056740017332803427e+00,-1.631548487507779033e-01,-2.664711568341094905e-01,2.373209299999999899e+01,-2.392822599999999689e+00,1.820000000000000062e+00,5.999999999999999778e-01
1.712000000000000099e+01,1.069303083058391302e+01,-5.504670156796461988e+00,-2.600439348459916200e+00,1.056710887120597908e+00,-1.631679345713311080e-01,-2.664043844751248225e-01,2.373209299999999899e+01,-2.392822599999999689e+00,1.820000000000000062e+00,5.999999999999999778e-01
1.714000000000000057e+01,1.067321405961036618e+01,-5.512706816136944354e+00,-2.605766779288282375e+00,1.056682313808386287e+00,-1.631807609576241269e-01,-2.663389131567265311e-01,2.373209299999999899e+01,-2.392822599999999689e+00,1.820000000000000062e+00,5.999999999999999778e-01
1.716000000000000014e+01,1.065335511878908115e+01,-5.520637295983261694e+00,-2.611092913496591006e+00,1.056654287319379604e+00,-1.631933329670244015e-01,-2.662747184300947589e-01,2.373209299999999899e+01,-2.392822599999999689e+00,1.820000000000000062e+00,5.999999999999999778e-01
1.717999999999999972e+01,1.063345458022401324e+01,-5.528461410490545624e+00,-2.616417776375733251e+00,1.056626797738219770e+00,-1.632056555615386539e-01,-2.662117762711389557e-01,2.373209299999999899e+01,-2.392822599999999689e+00,1.820000000000000062e+00,5.999999999999999778e-01
1.719999999999999929e+01,1.061351301654018897e+01,-5.536178976227335902e+00,-2.621741392740316368e+00,1.056599835309144142e+00,-1.632177336094937092e-01,-2.661500630744282891e-01,2.373209299999999899e+01,-2.392822599999999689e+00,1.820000000000000062e+00,5.999999999999999778e-01
1.721999999999999886e+01,1.059353100088341293e+01,-5.543789812186773247e+00,-2.627063786936973955e+00,1.056573390434143223e+00,-1.632295718871916712e-01,-2.660895556471596923e-01,2.373209299999999899e+01,-2.392822599999999689e+00,1.820000000000000062e+00,5.999999999999999778e-01
1.724000000000000199e+01,1.057350910691961587e+01,-5.551293739797736215e+00,-2.632384982852560729e+00,1.056547453671113468e+00,-1.632411750805399797e-01,-2.660302312031654903e-01,2.373209299999999899e+01,-2.392822599999999689e+00,1.820000000000000062e+00,5.999999999999999778e-01
1.726000000000000156e+01,1.055344790883385819e+01,-5.558690582935910562e+00,-2.637705003922224289e+00,1.056522015732005437e+00,-1.632525477866563768e-01,-2.659720673569616611e-01,2.373209299999999899e+01,-2.392822599999999689e+00,1.820000000000000062e+00,5.999999999999999778e-01
1.728000000000000114e+01,1.053334798132899763e+01,-5.565980167934792888e+00,-2.643023873137360091e+00,1.056497067480968610e+00,-1.632636945154491148e-01,-2.659150421178392842e-01,2.373209299999999899e+01,-2.392822599999999689e+00,1.820000000000000062e+00,5.999999999999999778e-01
1.730000000000000071e+01,1.051320989962401420e+01,-5.573162323596625889e+00,-2.648341613053449173e+00,1.056472599932495093e+00,-1.632746196911726844e-01,-2.658591338839997875e-01,2.373209299999999899e+01,-2.392822599999999689e+00,1.820000000000000062e+00,5.999999999999999778e-01
1.732000000000000028e+01,1.049303423945200642e+01,-5.580236881203252786e+00,-2.653658245797775983e+00,1.056448604249562440e+00,-1.632853276539593113e-01,-2.658043214367360463e-01,2.373209299999999899e+01,-2.392822599999999689e+00,1.820000000000000062e+00,5.999999999999999778e-01
1.733999999999999986e+01,1.047282157705787320e+01,-5.587203674526899810e+00,-2.658973793077033854e+00,1.056425071741775801e+00,-1.632958226613264174e-01,-2.657505839346602783e-01,2.373209299999999899e+01,-2.392822599999999689e+00,1.820000000000000062e+00,5.999999999999999778e-01
1.735999999999999943e+01,1.045257248919566351e+01,-5.594062539840874315e+00,-2.664288276184814563e+00,1.056401993863512745e+00,-1.633061088896604063e-01,-2.656979009079802334e-01,2.373209299999999899e+01,-2.392822599999999689e+00,1.820000000000000062e+00,5.999999999999999778e-01
1.737999999999999901e+01,1.043228755312562939e+01,-5.600813315930178504e+00,-2.669601716008981995e+00,1.056379362212068962e+00,-1.633161904356768834e-01,-2.656462522528246772e-01,2.373209299999999899e+01,-2.392822599999999689e+00,1.820000000000000062e+00,5.999999999999999778e-01
1.740000000000000213e+01,1.041196734661096635e+01,-5.607455844102038789e+00,-2.674914133038934771e+00,1.056357168525808188e+00,-1.633260713178578127e-01,-2.655956182256193898e-01,2.373209299999999899e+01,-2.392822599999999689e+00,1.820000000000000062e+00,5.999999999999999778e-01
1.742000000000000171e+01,1.039161244791424998e+01,-5.613989968196342772e+00,-2.680225547372757422e+00,1.056335404682315460e+00,-1.633357554778655241e-01,-2.655459794375146787e-01,2.373209299999999899e+01,-2.392822599999999689e+00,1.820000000000000062e+00,5.999999999999999778e-01
1.744000000000000128e+01,1.037122343579358485e+01,-5.620415534595985640e+00,-2.685535978724257422e+00,1.056314062696555700e+00,-1.633452467819342668e-01,-2.654973168488650725e-01,2.373209299999999899e+01,-2.392822599999999689e+00,1.820000000000000062e+00,5.999999999999999778e-01
1.746000000000000085e+01,1.035080088949846377e+01,-5.626732392237120628e+00,-2.690845446429896981e+00,1.056293134719038074e+00,-1.633545490222390595e-01,-2.654496117637625829e-01,2.373209299999999899e+01,-2.392822599999999689e+00,1.820000000000000062e+00,5.999999999999999778e-01
1.748000000000000043e+01,1.033034538876533937e+01,-5.632940392619311787e+00,-2.696153969455611588e+00,1.056272613033986341e+00,-1.633636659182426953e-01,-2.654028458246238120e-01,2.373209299999999899e+01,-2.392822599999999689e+00,1.820000000000000062e+00,5.999999999999999778e-01
1.750000000000000000e+01,1.030985751381292026e+01,-5.639039389815586389e+00,-2.701461566403523751e+00,1.056252490057516757e+00,-1.633726011180205717e-01,-2.653570010068319607e-01,2.373209299999999899e+01,-2.392822599999999689e+00,1.820000000000000062e+00,5.999999999999999778e-01
1.751999999999999957e+01,1.028933784533719553e+01,-5.645029240482388744e+00,-2.706768255518549271e+00,1.056232758335823974e+00,-1.633813581995640363e-01,-2.653120596134345144e-01,2.373209299999999899e+01,-2.392822599999999689e+00,1.820000000000000062e+00,5.999999999999999778e-01
1.753999999999999915e+01,1.026878696450618911e+01,-5.650909803869425652e+00,-2.712074054694897374e+00,1.056213410543375586e+00,-1.633899406720624170e-01,-2.652680042698965512e-01,2.373209299999999899e+01,-2.392822599999999689e+00,1.820000000000000062e+00,5.999999999999999778e-01
1.755999999999999872e+01,1.024820545295445484e+01,-5.656680941829409726e+00,-2.717378981482468259e+00,1.056194439481115577e+00,-1.633983519771637360e-01,-2.652248179189112265e-01,2.373209299999999899e+01,-2.392822599999999689e+00,1.820000000000000062e+00,5.999999999999999778e-01
1.758000000000000185e+01,1.022759389277731401e+01,-5.662342518827691684e+00,-2.722683053093144512e+00,1.056175838074678408e+00,-1.634065954902148010e-01,-2.651824838152668784e-01,2.373209299999999899e+01,-2.392822599999999689e+00,1.820000000000000062e+00,5.999999999999999778e-01
1.760000000000000142e+01,1.020695286652483880e+01,-5.667894401951784289e+00,-2.727986286406983929e+00,1.056157599372612221e+00,-1.634146745214806462e-01,-2.651409855207720323e-01,2.373209299999999899e+01,-2.392822599999999689e+00,1.820000000000000062e+00,5.999999999999999778e-01
1.762000000000000099e+01,1.018628295719559240e+01,-5.673336460920774371e+00,-2.733288697978307979e+00,1.056139716544614471e+00,-1.634225923173436290e-01,-2.651003068992381917e-01,2.373209299999999899e+01,-2.392822599999999689e+00,1.820000000000000062e+00,5.999999999999999778e-01
1.764000000000000057e+01,1.016558474823012226e+01,-5.678668568094623836e+00,-2.738590304041693901e+00,1.056122182879778437e+00,-1.634303520614825145e-01,-2.650604321115209716e-01,2.373209299999999899e+01,-2.392822599999999689e+00,1.820000000000000062e+00,5.999999999999999778e-01
1.766000000000000014e+01,1.014485882350422052e+01,-5.683890598483353429e+00,-2.743891120517865101e+00,1.056104991784851732e+00,-1.634379568760317147e-01,-2.650213456106195742e-01,2.373209299999999899e+01,-2.392822599999999689e+00,1.820000000000000062e+00,5.999999999999999778e-01
1.767999999999999972e+01,1.012410576732195189e+01,-5.689002429756111034e+00,-2.749191163019486073e+00,1.056088136782507014e+00,-1.634454098227211549e-01,-2.649830321368351616e-01,2.373209299999999899e+01,-2.392822599999999689e+00,1.820000000000000062e+00,5.999999999999999778e-01
1.769999999999999929e+01,1.010332616440844866e+01,-5.694003942250124517e+00,-2.754490446856860064e+00,1.056071611509626473e+00,-1.634527139039966825e-01,-2.649454767129882371e-01,2.373209299999999899e+01,-2.392822599999999689e+00,1.820000000000000062e+00,5.999999999999999778e-01
1.771999999999999886e+01,1.008252059990249094e+01,-5.698895018979532878e+00,-2.759788987043533037e+00,1.056055409715598747e+00,-1.634598720641216307e-01,-2.649086646396949796e-01,2.373209299999999899e+01,-2.392822599999999689e+00,1.820000000000000062e+00,5.999999999999999778e-01
1.774000000000000199e+01,1.006168965934886472e+01,-5.703675545644099287e+00,-2.765086798301802595e+00,1.056039525260630052e+00,-1.634668871902595078e-01,-2.648725814907026410e-01,2.373209299999999899e+01,-2.392822599999999689e+00,1.820000000000000062e+00,5.999999999999999778e-01
1.776000000000000156e+01,1.004083392869049973e+01,-5.708345410637803319e+00,-2.770383895068133207e+00,1.056023952114069075e+00,-1.634737621135383123e-01,-2.648372131082845082e-01,2.373209299999999899e+01,-2.392822599999999689e+00,1.820000000000000062e+00,5.999999999999999778e-01
1.778000000000000114e+01,1.001995399426041189e+01,-5.712904505057310622e+00,-2.775680291498483054e+00,1.056008684352746974e+00,-1.634804996100965024e-01,-2.648025455986937060e-01,2.373209299999999899e+01,-2.392822599999999689e+00,1.820000000000000062e+00,5.999999999999999778e-01
1.780000000000000071e+01,9.999050442773427250e+00,-5.717352722710319135e+00,-2.780976001473537185e+00,1.055993716159330909e+00,-1.634871024021110619e-01,-2.647685653276765083e-01,2.373209299999999899e+01,-2.392822599999999689e+00,1.820000000000000062e+00,5.999999999999999778e-01
1.782000000000000028e+01,9.978123861317714116e+00,-5.721689960123780949e+00,-2.786271038603854056e+00,1.055979041820693576e+00,-1.634935731588078867e-01,-2.647352589160446024e-01,2.373209299999999899e+01,-2.392822599999999689e+00,1.820000000000000062e+00,5.999999999999999778e-01
1.783999999999999986e+01,9.957174837346114415e+00,-5.725916116551999835e+00,-2.791565416234921937e+00,1.055964655726298274e+00,-1.634999144974544905e-01,-2.647026132353066386e-01,2.373209299999999899e+01,-2.392822599999999689e+00,1.820000000000000062e+00,5.999999999999999778e-01
1.785999999999999943e+01,9.936203958667283231e+00,-5.730031093984603530e+00,-2.796859147452130490e+00,1.055950552366597961e+00,-1.635061289843357524e-01,-2.646706154033584557e-01,2.373209299999999899e+01,-2.392822599999999689e+00,1.820000000000000062e+00,5.999999999999999778e-01
1.787999999999999901e+01,9.915211813436645372e+00,-5.734034797154388130e+00,-2.802152245085655746e+00,1.055936726331452302e+00,-1.635122191357124832e-01,-2.646392527802322592e-01,2.373209299999999899e+01,-2.392822599999999689e+00,1.820000000000000062e+00,5.999999999999999778e-01
1.790000000000000213e+01,9.894198990147160089e+00,-5.737927133545035474e+00,-2.807444721715261160e+00,1.055923172308558255e+00,-1.635181874187633388e-01,-2.646085129639042521e-01,2.373209299999999899e+01,-2.392822599999999689e+00,1.820000000000000062e+00,5.999999999999999778e-01
1.792000000000000171e+01,9.873166077619911718e+00,-5.741708013398702626e+00,-2.812736589675013832e+00,1.055909885081899313e+00,-1.635240362525103019e-01,-2.645783837861609422e-01,2.373209299999999899e+01,-2.392822599999999689e+00,1.820000000000000062e+00,5.999999999999999778e-01
1.794000000000000128e+01,9.852113664994520903e+00,-5.745377349723485239e+00,-2.818027861057921690e+00,1.055896859530208953e+00,-1.635297680087277883e-01,-2.645488533085231242e-01,2.373209299999999899e+01,-2.392822599999999689e+00,1.820000000000000062e+00,5.999999999999999778e-01
1.796000000000000085e+01,9.831042341719383515e+00,-5.748935058300746803e+00,-2.823318547720485849e+00,1.055884090625452298e+00,-1.635353850128358211e-01,-2.645199098182280939e-01,2.373209299999999899e+01,-2.392822599999999689e+00,1.820000000000000062e+00,5.999999999999999778e-01
1.798000000000000043e+01,9.809952697541749700e+00,-5.752381057692324440e+00,-2.828608661287177028e+00,1.055871573431323096e+00,-1.635408895447775512e-01,-2.644915418242694827e-01,2.373209299999999899e+01,-2.392822599999999689e+00,1.820000000000000062e+00,5.999999999999999778e-01
1.800000000000000000e+01,9.788845322497625290e+00,-5.755715269247598798e+00,-2.833898213154830259e+00,1.055859303101758462e+00,-1.635462838398809848e-01,-2.644637380534939353e-01,2.373209299999999899e+01,-2.392822599999999689e+00,1.820000000000000062e+00,5.999999999999999778e-01
1.801999999999999957e+01,9.767720806901518671e+00,-5.758937617110437834e+00,-2.839187214496964540e+00,1.055847274879470055e+00,-1.635515700897056945e-01,-2.644364874467551307e-01,2.373209299999999899e+01,-2.392822599999999689e+00,1.820000000000000062e+00,5.999999999999999778e-01
1.803999999999999915e+01,9.746579741336034886e+00,-5.762048028226008256e+00,-2.844475676268023889e+00,1.055835484094491905e+00,-1.635567504428743213e-01,-2.644097791551242582e-01,2.373209299999999899e+01,-2.392822599999999689e+00,1.820000000000000062e+00,5.999999999999999778e-01
1.805999999999999872e+01,9.725422716641309862e+00,-5.765046432347454619e+00,-2.849763609207545123e+00,1.055823926162746007e+00,-1.635618270058891988e-01,-2.643836025361565589e-01,2.373209299999999899e+01,-2.392822599999999689e+00,1.820000000000000062e+00,5.999999999999999778e-01
1.808000000000000185e+01,9.704250323904293651e+00,-5.767932762042448758e+00,-2.855051023844250135e+00,1.055812596584625007e+00,-1.635668018439345728e-01,-2.643579471502139344e-01,2.373209299999999899e+01,-2.392822599999999689e+00,1.820000000000000062e+00,5.999999999999999778e-01
1.810000000000000142e+01,9.683063154447895116e+00,-5.770706952699606873e+00,-2.860337930500065795e+00,1.055801490943591103e+00,-1.635716769816642491e-01,-2.643328027568427885e-01,2.373209299999999899e+01,-2.392822599999999689e+00,1.820000000000000062e+00,5.999999999999999778e-01
1.812000000000000099e+01,9.661861799819973839e+00,-5.773368942534776060e+00,-2.865624339294072342e+00,1.055790604904793373e+00,-1.635764544039751689e-01,-2.643081593112067140e-01,2.373209299999999899e+01,-2.392822599999999689e+00,1.820000000000000062e+00,5.999999999999999778e-01
1.814000000000000057e+01,9.640646851782198823e+00,-5.775918672597185832e+00,-2.870910260146379400e+00,1.055779934213701532e+00,-1.635811360567671346e-01,-2.642840069605739695e-01,2.373209299999999899e+01,-2.392822599999999689e+00,1.820000000000000062e+00,5.999999999999999778e-01
1.816000000000000014e+01,9.619418902298766838e+00,-5.778356086775470857e+00,-2.876195702781934926e+00,1.055769474694757459e+00,-1.635857238476886855e-01,-2.642603360408590230e-01,2.373209299999999899e+01,-2.392822599999999689e+00,1.820000000000000062e+00,5.999999999999999778e-01
1.817999999999999972e+01,9.598178543524991113e+00,-5.780681131803556916e+00,-2.881480676734263113e+00,1.055759222250043150e+00,-1.635902196468694836e-01,-2.642371370732173874e-01,2.373209299999999899e+01,-2.392822599999999689e+00,1.820000000000000062e+00,5.999999999999999778e-01
1.819999999999999929e+01,9.576926367795756789e+00,-5.782893757266421630e+00,-2.886765191349135229e+00,1.055749172857967322e+00,-1.635946252876396279e-01,-2.642144007606939682e-01,2.373209299999999899e+01,-2.392822599999999689e+00,1.820000000000000062e+00,5.999999999999999778e-01
1.821999999999999886e+01,9.555662967613848480e+00,-5.784993915605713966e+00,-2.892049255788174733e+00,1.055739322571967787e+00,-1.635989425672356168e-01,-2.641921179849238133e-01,2.373209299999999899e+01,-2.392822599999999689e+00,1.820000000000000062e+00,5.999999999999999778e-01
1.824000000000000199e+01,9.534388935638158813e+00,-5.786981562125248502e+00,-2.897332879032397557e+00,1.055729667519232029e+00,-1.636031732474936828e-01,-2.641702798028850996e-01,2.373209299999999899e+01,-2.392822599999999689e+00,1.820000000000000062e+00,5.999999999999999778e-01
1.826000000000000156e+01,9.513104864671770855e+00,-5.788856654996363815e+00,-2.902616069885684880e+00,1.055720203899434440e+00,-1.636073190555303869e-01,-2.641488774437038001e-01,2.373209299999999899e+01,-2.392822599999999689e+00,1.820000000000000062e+00,5.999999999999999778e-01
1.828000000000000114e+01,9.491811347649928621e+00,-5.790619155263149409e+00,-2.907898836978195956e+00,1.055710927983491088e+00,-1.636113816844107227e-01,-2.641279023055093100e-01,2.373209299999999899e+01,-2.392822599999999689e+00,1.820000000000000062e+00,5.999999999999999778e-01
1.830000000000000071e+01,9.470508977627885017e+00,-5.792269026847539415e+00,-2.913181188769717433e+00,1.055701836112331149e+00,-1.636153627938040922e-01,-2.641073459523406997e-01,2.373209299999999899e+01,-2.392822599999999689e+00,1.820000000000000062e+00,5.999999999999999778e-01
1.832000000000000028e+01,9.449198347768643202e+00,-5.793806236554273958e+00,-2.918463133552949618e+00,1.055692924695685431e+00,-1.636192640106281793e-01,-2.640872001111030931e-01,2.373209299999999899e+01,-2.392822599999999689e+00,1.820000000000000062e+00,5.999999999999999778e-01
1.833999999999999986e+01,9.427880051330587818e+00,-5.795230754075730850e+00,-2.923744679456734552e+00,1.055684190210891993e+00,-1.636230869296809720e-01,-2.640674566685735081e-01,2.373209299999999899e+01,-2.392822599999999689e+00,1.820000000000000062e+00,5.999999999999999778e-01
1.835999999999999943e+01,9.406554681655007855e+00,-5.796542551996621384e+00,-2.929025834449225041e+00,1.055675629201718646e+00,-1.636268331142611832e-01,-2.640481076684557116e-01,2.373209299999999899e+01,-2.392822599999999689e+00,1.820000000000000062e+00,5.999999999999999778e-01
1.837999999999999901e+01,9.385222832153521821e+00,-5.797741605798557352e+00,-2.934306606340991941e+00,1.055667238277202324e+00,-1.636305040967772073e-01,-2.640291453084833151e-01,2.373209299999999899e+01,-2.392822599999999689e+00,1.820000000000000062e+00,5.999999999999999778e-01
1.840000000000000213e+01,9.363885096295389232e+00,-5.798827893864485716e+00,-2.939587002788077719e+00,1.055659014110504224e+00,-1.636341013793448096e-01,-2.640105619375709978e-01,2.373209299999999899e+01,-2.392822599999999689e+00,1.820000000000000062e+00,5.999999999999999778e-01
1.842000000000000171e+01,9.342542067594738597e+00,-5.799801397482990062e+00,-2.944867031294991389e+00,1.055650953437783368e+00,-1.636376264343737119e-01,-2.639923500530126366e-01,2.373209299999999899e+01,-2.392822599999999689e+00,1.820000000000000062e+00,5.999999999999999778e-01
1.844000000000000128e+01,9.321194339597690615e+00,-5.800662100852460590e+00,-2.950146699217648827e+00,1.055643053057084613e+00,-1.636410807051433547e-01,-2.639745022977265654e-01,2.373209299999999899e+01,-2.392822599999999689e+00,1.820000000000000062e+00,5.999999999999999778e-01
1.846000000000000085e+01,9.299842505869390763e+00,-5.801409991085137108e+00,-2.955426013766258020e+00,1.055635309827244628e+00,-1.636444656063679726e-01,-2.639570114575468529e-01,2.373209299999999899e+01,-2.392822599999999689e+00,1.820000000000000062e+00,5.999999999999999778e-01
1.848000000000000043e+01,9.278487159980949528e+00,-5.802045058211017015e+00,-2.960704982008150132e+00,1.055627720666812763e+00,-1.636477825247510121e-01,-2.639398704585599331e-01,2.373209299999999899e+01,-2.392822599999999689e+00,1.820000000000000062e+00,5.999999999999999778e-01
1.850000000000000000e+01,9.257128895496299137e+00,-5.802567295181631835e+00,-2.965983610870559506e+00,1.055620282552989897e+00,-1.636510328195294184e-01,-2.639230723644866439e-01,2.373209299999999899e+01,-2.392822599999999689e+00,1.820000000000000062e+00,5.999999999999999778e-01
1.851999999999999957e+01,9.235768305958956148e+00,-5.802976697873698519e+00,-2.971261907143348591e+00,1.055612992520581050e+00,-1.636542178230075140e-01,-2.639066103741085079e-01,2.373209299999999899e+01,-2.392822599999999689e+00,1.820000000000000062e+00,5.999999999999999778e-01
1.853999999999999915e+01,9.214405984878711209e+00,-5.803273265092635746e+00,-2.976539877481686247e+00,1.055605847660965768e+00,-1.636573388410811625e-01,-2.638904778187379230e-01,2.373209299999999899e+01,-2.392822599999999689e+00,1.820000000000000062e+00,5.999999999999999778e-01
1.855999999999999872e+01,9.193042525718226443e+00,-5.803456998575950543e+00,-2.981817528408670981e+00,1.055598845121083373e+00,-1.636603971537518853e-01,-2.638746681597315957e-01,2.373209299999999899e+01,-2.392822599999999689e+00,1.820000000000000062e+00,5.999999999999999778e-01
1.858000000000000185e+01,9.171678521879567114e+00,-5.803527902996500565e+00,-2.987094866317909325e+00,1.055591982102434434e+00,-1.636633940156314304e-01,-2.638591749860468849e-01,2.373209299999999899e+01,-2.392822599999999689e+00,1.820000000000000062e+00,5.999999999999999778e-01
1.860000000000000142e+01,9.150314566690646245e+00,-5.803485985965621374e+00,-2.992371897476042264e+00,1.055585255860096217e+00,-1.636663306564368203e-01,-2.638439920118400006e-01,2.373209299999999899e+01,-2.392822599999999689e+00,1.820000000000000062e+00,5.999999999999999778e-01
1.862000000000000099e+01,9.128951253391594634e+00,-5.803331258036126705e+00,-2.997648628025226802e+00,1.055578663701755904e+00,-1.636692082814761307e-01,-2.638291130741061696e-01,2.373209299999999899e+01,-2.392822599999999689e+00,1.820000000000000062e+00,5.999999999999999778e-01
1.864000000000000057e+01,9.107589175121066916e+00,-5.803063732705181721e+00,-3.002925063985568244e+00,1.055572202986757135e+00,-1.636720280721251086e-01,-2.638145321303605462e-01,2.373209299999999899e+01,-2.392822599999999689e+00,1.820000000000000062e+00,5.999999999999999778e-01
1.866000000000000014e+01,9.086228924902474802e+00,-5.802683426417046597e+00,-3.008201211257508945e+00,1.055565871125161870e+00,-1.636747911862947436e-01,-2.638002432563595900e-01,2.373209299999999899e+01,-2.392822599999999689e+00,1.820000000000000062e+00,5.999999999999999778e-01
1.867999999999999972e+01,9.064871095630149256e+00,-5.802190358565691319e+00,-3.013477075624169998e+00,1.055559665576828232e+00,-1.636774987588900387e-01,-2.637862406438624685e-01,2.373209299999999899e+01,-2.392822599999999689e+00,1.820000000000000062e+00,5.999999999999999778e-01
1.869999999999999929e+01,9.043516280055438727e+00,-5.801584551497287023e+00,-3.018752662753649396e+00,1.055553583850501465e+00,-1.636801519022601237e-01,-2.637725185984316489e-01,2.373209299999999899e+01,-2.392822599999999689e+00,1.820000000000000062e+00,5.999999999999999778e-01
1.871999999999999886e+01,9.022165070772745210e+00,-5.800866030512564997e+00,-3.024027978201275779e+00,1.055547623502921306e+00,-1.636827517066397619e-01,-2.637590715372722383e-01,2.373209299999999899e+01,-2.392822599999999689e+00,1.820000000000000062e+00,5.999999999999999778e-01
1.874000000000000199e+01,9.000818060205496352e+00,-5.800034823869052225e+00,-3.029303027411821336e+00,1.055541782137942253e+00,-1.636852992405825324e-01,-2.637458939871095143e-01,2.373209299999999899e+01,-2.392822599999999689e+00,1.820000000000000062e+00,5.999999999999999778e-01
1.876000000000000156e+01,8.979475840592060720e+00,-5.799090962783181702e+00,-3.034577815721670291e+00,1.055536057405668915e+00,-1.636877955513858507e-01,-2.637329805821043149e-01,2.373209299999999899e+01,-2.392822599999999689e+00,1.820000000000000062e+00,5.999999999999999778e-01
1.878000000000000114e+01,8.958139003971600900e+00,-5.798034481432273957e+00,-3.039852348360946976e+00,1.055530447001605587e+00,-1.636902416655077186e-01,-2.637203260618050660e-01,2.373209299999999899e+01,-2.392822599999999689e+00,1.820000000000000062e+00,5.999999999999999778e-01
1.880000000000000071e+01,8.936808142169880398e+00,-5.796865416956392458e+00,-3.045126630455604388e+00,1.055524948665818918e+00,-1.636926385889757585e-01,-2.637079252691367226e-01,2.373209299999999899e+01,-2.392822599999999689e+00,1.820000000000000062e+00,5.999999999999999778e-01
1.882000000000000028e+01,8.915483846785003053e+00,-5.795583809460078228e+00,-3.050400667029470991e+00,1.055519560182115679e+00,-1.636949873077882811e-01,-2.636957731484254608e-01,2.373209299999999899e+01,-2.392822599999999689e+00,1.820000000000000062e+00,5.999999999999999778e-01
1.883999999999999986e+01,8.894166709173111585e+00,-5.794189702013957444e+00,-3.055674463006259334e+00,1.055514279377233411e+00,-1.636972887883077488e-01,-2.636838647434590066e-01,2.373209299999999899e+01,-2.392822599999999689e+00,1.820000000000000062e+00,5.999999999999999778e-01
1.885999999999999943e+01,8.872857320434029305e+00,-5.792683140656222918e+00,-3.060948023211537361e+00,1.055509104120043951e+00,-1.636995439776467720e-01,-2.636721951955815491e-01,2.373209299999999899e+01,-2.392822599999999689e+00,1.820000000000000062e+00,5.999999999999999778e-01
1.887999999999999901e+01,8.851556271396859188e+00,-5.791064174393993902e+00,-3.066221352374658426e+00,1.055504032320772057e+00,-1.637017538040466402e-01,-2.636607597418234028e-01,2.373209299999999899e+01,-2.392822599999999689e+00,1.820000000000000062e+00,5.999999999999999778e-01
1.890000000000000213e+01,8.830264152605529659e+00,-5.789332855204554207e+00,-3.071494455130659329e+00,1.055499061930225135e+00,-1.637039191772486357e-01,-2.636495537130640887e-01,2.373209299999999899e+01,-2.392822599999999689e+00,1.820000000000000062e+00,5.999999999999999778e-01
1.892000000000000171e+01,8.808981554304303074e+00,-5.787489238036462424e+00,-3.076767336022117494e+00,1.055494190939037402e+00,-1.637060409888582424e-01,-2.636385725322290541e-01,2.373209299999999899e+01,-2.392822599999999689e+00,1.820000000000000062e+00,5.999999999999999778e-01
1.894000000000000128e+01,8.787709066423230908e+00,-5.785533380810544024e+00,-3.082039999500973959e+00,1.055489417376926253e+00,-1.637081201127023877e-01,-2.636278117125190334e-01,2.373209299999999899e+01,-2.392822599999999689e+00,1.820000000000000062e+00,5.999999999999999778e-01
1.896000000000000085e+01,8.766447278563578749e+00,-5.783465344420760879e+00,-3.087312449930322611e+00,1.055484739311961295e+00,-1.637101574051797181e-01,-2.636172668556716059e-01,2.373209299999999899e+01,-2.392822599999999689e+00,1.820000000000000062e+00,5.999999999999999778e-01
1.898000000000000043e+01,8.745196779983203328e+00,-5.781285192734957334e+00,-3.092584691586163448e+00,1.055480154849846475e+00,-1.637121537056042131e-01,-2.636069336502546157e-01,2.373209299999999899e+01,-2.392822599999999689e+00,1.820000000000000062e+00,5.999999999999999778e-01
1.900000000000000000e+01,8.723958159581895799e+00,-5.778992992595484601e+00,-3.097856728659121206e+00,1.055475662133213310e+00,-1.637141098365422487e-01,-2.635968078699906791e-01,2.373209299999999899e+01,-2.392822599999999689e+00,1.820000000000000062e+00,5.999999999999999778e-01
1.901999999999999957e+01,8.702732005886684163e+00,-5.776588813819707902e+00,-3.103128565256133786e+00,1.055471259340927670e+00,-1.637160266041429724e-01,-2.635868853721126115e-01,2.373209299999999899e+01,-2.392822599999999689e+00,1.820000000000000062e+00,5.999999999999999778e-01
1.903999999999999915e+01,8.681518907037103716e+00,-5.774072729200391052e+00,-3.108400205402104710e+00,1.055466944687407205e+00,-1.637179047984625435e-01,-2.635771620957489958e-01,2.373209299999999899e+01,-2.392822599999999689e+00,1.820000000000000062e+00,5.999999999999999778e-01
1.905999999999999872e+01,8.660319450770433747e+00,-5.771444814505961141e+00,-3.113671653041526266e+00,1.055462716421952107e+00,-1.637197451937819070e-01,-2.635676340603395063e-01,2.373209299999999899e+01,-2.392822599999999689e+00,1.820000000000000062e+00,5.999999999999999778e-01
1.908000000000000185e+01,8.639134224406902263e+00,-5.768705148480654188e+00,-3.118942912040069793e+00,1.055458572828085861e+00,-1.637215485489185718e-01,-2.635582973640794857e-01,2.373209299999999899e+01,-2.392822599999999689e+00,1.820000000000000062e+00,5.999999999999999778e-01
1.910000000000000142e+01,8.617963814834856962e+00,-5.765853812844542681e+00,-3.124213986186144876e+00,1.055454512222909091e+00,-1.637233156075322271e-01,-2.635491481823932780e-01,2.373209299999999899e+01,-2.392822599999999689e+00,1.820000000000000062e+00,5.999999999999999778e-01
1.912000000000000099e+01,8.596808808495913112e+00,-5.762890892293444089e+00,-3.129484879192429236e+00,1.055450532956463405e+00,-1.637250470984245865e-01,-2.635401827664359264e-01,2.373209299999999899e+01,-2.392822599999999689e+00,1.820000000000000062e+00,5.999999999999999778e-01
1.914000000000000057e+01,8.575669791370065909e+00,-5.759816474498710370e+00,-3.134755594697369308e+00,1.055446633411107227e+00,-1.637267437358332911e-01,-2.635313974416225724e-01,2.373209299999999899e+01,-2.392822599999999689e+00,1.820000000000000062e+00,5.999999999999999778e-01
1.916000000000000014e+01,8.554547348960785058e+00,-5.756630650106903779e+00,-3.140026136266650170e+00,1.055442812000902730e+00,-1.637284062197202350e-01,-2.635227886061853875e-01,2.373209299999999899e+01,-2.392822599999999689e+00,1.820000000000000062e+00,5.999999999999999778e-01
1.917999999999999972e+01,8.533442066280077398e+00,-5.753333512739350120e+00,-3.145296507394637953e+00,1.055439067171012768e+00,-1.637300352360542000e-01,-2.635143527297574284e-01,2.373209299999999899e+01,-2.392822599999999689e+00,1.820000000000000062e+00,5.999999999999999778e-01
1.919999999999999929e+01,8.512354527833531748e+00,-5.749925158991580965e+00,-3.150566711505793371e+00,1.055435397397109121e+00,-1.637316314570880227e-01,-2.635060863519825269e-01,2.373209299999999899e+01,-2.392822599999999689e+00,1.820000000000000062e+00,5.999999999999999778e-01
1.921999999999999886e+01,8.491285317605337113e+00,-5.746405688432655090e+00,-3.155836751956059505e+00,1.055431801184791851e+00,-1.637331955416303775e-01,-2.634979860811518804e-01,2.373209299999999899e+01,-2.392822599999999689e+00,1.820000000000000062e+00,5.999999999999999778e-01
1.924000000000000199e+01,8.470235019043283131e+00,-5.742775203604368883e+00,-3.161106632034219821e+00,1.055428277069017318e+00,-1.637347281353122852e-01,-2.634900485928655112e-01,2.373209299999999899e+01,-2.392822599999999689e+00,1.820000000000000062e+00,5.999999999999999778e-01
1.926000000000000156e+01,8.449204215043740973e+00,-5.739033810020346849e+00,-3.166376354963232664e+00,1.055424823613538399e+00,-1.637362298708484876e-01,-2.634822706287193728e-01,2.373209299999999899e+01,-2.392822599999999689e+00,1.820000000000000062e+00,5.999999999999999778e-01
1.928000000000000114e+01,8.428193487936624706e+00,-5.735181616165021978e+00,-3.171645923901536435e+00,1.055421439410353379e+00,-1.637377013682935756e-01,-2.634746489950167692e-01,2.373209299999999899e+01,-2.392822599999999689e+00,1.820000000000000062e+00,5.999999999999999778e-01
1.930000000000000071e+01,8.407203419470334893e+00,-5.731218733492499773e+00,-3.176915341944333449e+00,1.055418123079165049e+00,-1.637391432352932885e-01,-2.634671805615043105e-01,2.373209299999999899e+01,-2.392822599999999689e+00,1.820000000000000062e+00,5.999999999999999778e-01
1.932000000000000028e+01,8.386234590796687982e+00,-5.727145276425308573e+00,-3.182184612124844048e+00,1.055414873266850240e+00,-1.637405560673307614e-01,-2.634598622601315721e-01,2.373209299999999899e+01,-2.392822599999999689e+00,1.820000000000000062e+00,5.999999999999999778e-01
1.933999999999999986e+01,8.365287582455833260e+00,-5.722961362353036208e+00,-3.187453737415539390e+00,1.055411688646938240e+00,-1.637419404479681095e-01,-2.634526910838341229e-01,2.373209299999999899e+01,-2.392822599999999689e+00,1.820000000000000062e+00,5.999999999999999778e-01
1.935999999999999943e+01,8.344362974361153817e+00,-5.718667111630855615e+00,-3.192722720729350261e+00,1.055408567919098317e+00,-1.637432969490831836e-01,-2.634456640853397591e-01,2.373209299999999899e+01,-2.392822599999999689e+00,1.820000000000000062e+00,5.999999999999999778e-01
1.937999999999999901e+01,8.323461345784156862e+00,-5.714262647577936782e+00,-3.197991564920848795e+00,1.055405509808638120e+00,-1.637446261311018003e-01,-2.634387783759973289e-01,2.373209299999999899e+01,-2.392822599999999689e+00,1.820000000000000062e+00,5.999999999999999778e-01
1.940000000000000213e+01,8.302583275339351587e+00,-5.709748096475747658e+00,-3.203260272787411989e+00,1.055402513066009407e+00,-1.637459285432252831e-01,-2.634320311246275415e-01,2.373209299999999899e+01,-2.392822599999999689e+00,1.820000000000000062e+00,5.999999999999999778e-01
1.942000000000000171e+01,8.281729340969119946e+00,-5.705123587566243160e+00,-3.208528847070357681e+00,1.055399576466323763e+00,-1.637472047236536721e-01,-2.634254195563959233e-01,2.373209299999999899e+01,-2.392822599999999689e+00,1.820000000000000062e+00,5.999999999999999778e-01
1.944000000000000128e+01,8.260900119928578533e+00,-5.700389253049944038e+00,-3.213797290456061440e+00,1.055396698808877209e+00,-1.637484551998045212e-01,-2.634189409517069813e-01,2.373209299999999899e+01,-2.392822599999999689e+00,1.820000000000000062e+00,5.999999999999999778e-01
1.946000000000000085e+01,8.240096188770428043e+00,-5.695545228083903844e+00,-3.219065605577050349e+00,1.055393878916683237e+00,-1.637496804885274215e-01,-2.634125926451195698e-01,2.373209299999999899e+01,-2.392822599999999689e+00,1.820000000000000062e+00,5.999999999999999778e-01
1.948000000000000043e+01,8.219318123329808046e+00,-5.690591650779569299e+00,-3.224333795013075488e+00,1.055391115636014510e+00,-1.637508810963142492e-01,-2.634063720242829088e-01,2.373209299999999899e+01,-2.392822599999999689e+00,1.820000000000000062e+00,5.999999999999999778e-01
1.950000000000000000e+01,8.198566498709132233e+00,-5.685528662200526995e+00,-3.229601861292163090e+00,1.055388407835953002e+00,-1.637520575195053896e-01,-2.634002765288928627e-01,2.373209299999999899e+01,-2.392822599999999689e+00,1.820000000000000062e+00,5.999999999999999778e-01
1.951999999999999957e+01,8.177841889262928987e+00,-5.680356406360144383e+00,-3.234869806891644828e+00,1.055385754407948573e+00,-1.637532102444918813e-01,-2.633943036496682599e-01,2.373209299999999899e+01,-2.392822599999999689e+00,1.820000000000000062e+00,5.999999999999999778e-01
1.953999999999999915e+01,8.157144868582680175e+00,-5.675075030219100647e+00,-3.240137634239168563e+00,1.055383154265385315e+00,-1.637543397479135077e-01,-2.633884509273467511e-01,2.373209299999999899e+01,-2.392822599999999689e+00,1.820000000000000062e+00,5.999999999999999778e-01
1.955999999999999872e+01,8.136476009481649285e+00,-5.669684683682810089e+00,-3.245405345713689549e+00,1.055380606343156558e+00,-1.637554464968530854e-01,-2.633827159516998750e-01,2.373209299999999899e+01,-2.392822599999999689e+00,1.820000000000000062e+00,5.999999999999999778e-01
1.958000000000000185e+01,8.115835883979716670e+00,-5.664185519598738061e+00,-3.250672943646440327e+00,1.055378109597247427e+00,-1.637565309490269239e-01,-2.633770963605672755e-01,2.373209299999999899e+01,-2.392822599999999689e+00,1.820000000000000062e+00,5.999999999999999778e-01
1.960000000000000142e+01,8.095225063288209455e+00,-5.658577693753608528e+00,-3.255940430321882850e+00,1.055375663004324505e+00,-1.637575935529715088e-01,-2.633715898389090149e-01,2.373209299999999899e+01,-2.392822599999999689e+00,1.820000000000000062e+00,5.999999999999999778e-01
1.962000000000000099e+01,8.074644117794740339e+00,-5.652861364870508609e+00,-3.261207807978641959e+00,1.055373265561335039e+00,-1.637586347482264948e-01,-2.633661941178766508e-01,2.373209299999999899e+01,-2.392822599999999689e+00,1.820000000000000062e+00,5.999999999999999778e-01
1.964000000000000057e+01,8.054093617048039278e+00,-5.647036694605881202e+00,-3.266475078810420207e+00,1.055370916285111038e+00,-1.637596549655141454e-01,-2.633609069739015762e-01,2.373209299999999899e+01,-2.392822599999999689e+00,1.820000000000000062e+00,5.999999999999999778e-01
1.966000000000000014e+01,8.033574129742792280e+00,-5.641103847546417249e+00,-3.271742244966893143e+00,1.055368614211982914e+00,-1.637606546269152197e-01,-2.633557262278015676e-01,2.373209299999999899e+01,-2.392822599999999689e+00,1.820000000000000062e+00,5.999999999999999778e-01
1.967999999999999972e+01,8.013086223704485533e+00,-5.635062991205841421e+00,-3.277009308554589939e+00,1.055366358397399340e+00,-1.637616341460413072e-01,-2.633506497439040417e-01,2.373209299999999899e+01,-2.392822599999999689e+00,1.820000000000000062e+00,5.999999999999999778e-01
1.969999999999999929e+01,7.992630465874253964e+00,-5.628914296021589436e+00,-3.282276271637754039e+00,1.055364147915554662e+00,-1.637625939282039422e-01,-2.633456754291866875e-01,2.373209299999999899e+01,-2.392822599999999689e+00,1.820000000000000062e+00,5.999999999999999778e-01
1.971999999999999886e+01,7.972207422293730694e+00,-5.622657935351386804e+00,-3.287543136239187813e+00,1.055361981859022746e+00,-1.637635343705801660e-01,-2.633408012324342518e-01,2.373209299999999899e+01,-2.392822599999999689e+00,1.820000000000000062e+00,5.999999999999999778e-01
1.974000000000000199e+01,7.951817658089913365e+00,-5.616294085469718311e+00,-3.292809904341080784e+00,1.055359859338398598e+00,-1.637644558623750357e-01,-2.633360251434120336e-01,2.373209299999999899e+01,-2.392822599999999689e+00,1.820000000000000062e+00,5.999999999999999778e-01
1.976000000000000156e+01,7.931461737460029582e+00,-5.609822925564198925e+00,-3.298076577885820093e+00,1.055357779481945535e+00,-1.637653587849807191e-01,-2.633313451920550885e-01,2.373209299999999899e+01,-2.392822599999999689e+00,1.820000000000000062e+00,5.999999999999999778e-01
1.978000000000000114e+01,7.911140223656412118e+00,-5.603244637731837230e+00,-3.303343158776787636e+00,1.055355741435250572e+00,-1.637662435121325921e-01,-2.633267594476733087e-01,2.373209299999999899e+01,-2.392822599999999689e+00,1.820000000000000062e+00,5.999999999999999778e-01
1.980000000000000071e+01,7.890853678971389229e+00,-5.596559406975199380e+00,-3.308609648879138554e+00,1.055353744360884694e+00,-1.637671104100621999e-01,-2.633222660181718799e-01,2.373209299999999899e+01,-2.392822599999999689e+00,1.820000000000000062e+00,5.999999999999999778e-01
1.982000000000000028e+01,7.870602664722179398e+00,-5.589767421198470032e+00,-3.313876050020564623e+00,1.055351787438070676e+00,-1.637679598376471646e-01,-2.633178630492869488e-01,2.373209299999999899e+01,-2.392822599999999689e+00,1.820000000000000062e+00,5.999999999999999778e-01
1.983999999999999986e+01,7.850387741235799410e+00,-5.582868871203413796e+00,-3.319142363992045652e+00,1.055349869862356904e+00,-1.637687921465582064e-01,-2.633135487238359995e-01,2.373209299999999899e+01,-2.392822599999999689e+00,1.820000000000000062e+00,5.999999999999999778e-01
1.985999999999999943e+01,7.830209467833984860e+00,-5.575863950685229220e+00,-3.324408592548582231e+00,1.055347990845297179e+00,-1.637696076814031398e-01,-2.633093212609827760e-01,2.373209299999999899e+01,-2.392822599999999689e+00,1.820000000000000062e+00,5.999999999999999778e-01
1.987999999999999901e+01,7.810068402818124866e+00,-5.568752856228309511e+00,-3.329674737409914709e+00,1.055346149614136753e+00,-1.637704067798680940e-01,-2.633051789155168021e-01,2.373209299999999899e+01,-2.392822599999999689e+00,1.820000000000000062e+00,5.999999999999999778e-01
1.990000000000000213e+01,7.789965103454206563e+00,-5.561535787301900235e+00,-3.334940800261231075e+00,1.055344345411504792e+00,-1.637711897728559851e-01,-2.633011199771465582e-01,2.373209299999999899e+01,-2.392822599999999689e+00,1.820000000000000062e+00,5.999999999999999778e-01
1.992000000000000171e+01,7.769900125957779125e+00,-5.554212946255654870e+00,-3.340206782753855741e+00,1.055342577495111511e+00,-1.637719569846221024e-01,-2.632971427698067024e-01,2.373209299999999899e+01,-2.392822599999999689e+00,1.820000000000000062e+00,5.999999999999999778e-01
1.994000000000000128e+01,7.749874025478929340e+00,-5.546784538315093549e+00,-3.345472686505928550e+00,1.055340845137452632e+00,-1.637727087329071407e-01,-2.632932456509786689e-01,2.373209299999999899e+01,-2.392822599999999689e+00,1.820000000000000062e+00,5.999999999999999778e-01
1.996000000000000085e+01,7.729887356087276729e+00,-5.539250771576963217e+00,-3.350738513103069582e+00,1.055339147625518059e+00,-1.637734453290674574e-01,-2.632894270110245905e-01,2.373209299999999899e+01,-2.392822599999999689e+00,1.820000000000000062e+00,5.999999999999999778e-01
1.998000000000000043e+01,7.709940670756981085e+00,-5.531611857004497423e+00,-3.356004264099028411e+00,1.055337484260506997e+00,-1.637741670782029424e-01,-2.632856852725342089e-01,2.373209299999999899e+01,-2.392822599999999689e+00,1.820000000000000062e+00,5.999999999999999778e-01
2.000000000000000000e+01,7.690034521351774011e+00,-5.523868008422579301e+00,-3.361269941016324481e+00,1.055335854357548397e+00,-1.637748742792821677e-01,-2.632820188896846103e-01,2.353595999999999933e+01,0.000000000000000000e+00,1.199999999999999956e+00,1.199999999999999956e+00
2.001999999999999957e+01,7.670173372351113628e+00,-5.516022535487206113e+00,-3.366220123585677015e+00,1.054711407102968179e+00,-1.637862918043661298e-01,-2.319124392719333905e-01,2.353595999999999933e+01,0.000000000000000000e+00,1.199999999999999956e+00,1.199999999999999956e+00
2.003999999999999915e+01,7.650368683543211645e+00,-5.508089198792452734e+00,-3.370553149668187309e+00,1.053330754884540754e+00,-1.638095111027727535e-01,-2.015507753427774607e-01,2.353595999999999933e+01,0.000000000000000000e+00,1.199999999999999956e+00,1.199999999999999956e+00
2.005999999999999872e+01,7.630629403536407729e+00,-5.500083390374210346e+00,-3.374288358231597229e+00,1.051326711310699213e+00,-1.638324139411090341e-01,-1.721207183922735251e-01,2.353595999999999933e+01,0.000000000000000000e+00,1.199999999999999956e+00,1.199999999999999956e+00
2.008000000000000185e+01,7.610961983516243201e+00,-5.492019809124274232e+00,-3.377443879561520479e+00,1.048816336837665730e+00,-1.638455663437750898e-01,-1.435767482743491863e-01,2.353595999999999933e+01,0.000000000000000000e+00,1.199999999999999956e+00,1.199999999999999956e+00
2.010000000000000142e+01,7.591370711178565323e+00,-5.483912437355113134e+00,-3.380037197482169464e+00,1.045902668084417897e+00,-1.638417902272464866e-01,-1.158989601997283125e-01,2.353595999999999933e+01,0.000000000000000000e+00,1.199999999999999956e+00,1.199999999999999956e+00
2.012000000000000099e+01,7.571858010781698844e+00,-5.475774526020607880e+00,-3.382085617032974945e+00,1.042676241699786344e+00,-1.638158225018622183e-01,-8.908869289781057299e-02,2.353595999999999933e+01,0.000000000000000000e+00,1.199999999999999956e+00,1.199999999999999956e+00
2.014000000000000057e+01,7.552424713096521636e+00,-5.467618586265149183e+00,-3.383606648916843707e+00,1.039216421535868573e+00,-1.637640328980510540e-01,-6.316452072087719305e-02,2.353595999999999933e+01,0.000000000000000000e+00,1.199999999999999956e+00,1.199999999999999956e+00
2.016000000000000014e+01,7.533070298736924464e+00,-5.459456385861609640e+00,-3.384618315123351984e+00,1.035592542891377477e+00,-1.636841803424470276e-01,-3.815834760341879628e-02,2.353595999999999933e+01,0.000000000000000000e+00,1.199999999999999956e+00,1.199999999999999956e+00
2.017999999999999972e+01,7.513793117944207900e+00,-5.451298949782799497e+00,-3.385139376305676961e+00,1.031864893259353932e+00,-1.635751940840171059e-01,-1.411147746266384548e-02,2.353595999999999933e+01,0.000000000000000000e+00,1.199999999999999956e+00,1.199999999999999956e+00
2.019999999999999929e+01,7.494590589404526604e+00,-5.443156564641594919e+00,-3.385189480127783312e+00,1.028085553771029614e+00,-1.634369708380427055e-01,8.940144319515005294e-03,2.353595999999999933e+01,0.000000000000000000e+00,1.199999999999999956e+00,1.199999999999999956e+00
2.021999999999999886e+01,7.475459382515885487e+00,-5.435038798877728006e+00,-3.384787598216520532e+00,1.024298086213779602e+00,-1.632701431159227501e-01,3.111291925784014784e-02,2.353595999999999933e+01,0.000000000000000000e+00,1.199999999999999956e+00,1.199999999999999956e+00
2.024000000000000199e+01,7.456395588193832857e+00,-5.426954580398436256e+00,-3.383950073086122057e+00,1.020537481469439234e+00,-1.630758650771871321e-01,5.251839092481960097e-02,2.353595999999999933e+01,0.000000000000000000e+00,1.199999999999999956e+00,1.199999999999999956e+00
2.026000000000000156e+01,7.437394860750128345e+00,-5.418912277711263492e+00,-3.382691480591754729e+00,1.016832099121438571e+00,-1.628557117464358717e-01,7.323045141712430928e-02,2.353595999999999933e+01,0.000000000000000000e+00,1.199999999999999956e+00,1.199999999999999956e+00
2.028000000000000114e+01,7.418452531094699154e+00,-5.410919762036940028e+00,-3.381025095528311208e+00,1.013204970400841676e+00,-1.626115981301578806e-01,9.330583385315949219e-02,2.353595999999999933e+01,0.000000000000000000e+00,1.199999999999999956e+00,1.199999999999999956e+00
2.030000000000000071e+01,7.399563699363115532e+00,-5.402984458939264378e+00,-3.378963205937614678e+00,1.009674768677550238e+00,-1.623457139464248022e-01,1.127868943603326651e-01,2.353595999999999933e+01,0.000000000000000000e+00,1.199999999999999956e+00,1.199999999999999956e+00
2.032000000000000028e+01,7.380723311520054786e+00,-5.395113391491419996e+00,-3.376517377390750418e+00,1.006256572019157858e+00,-1.620604698615996375e-01,1.317038649165714892e-01,2.353595999999999933e+01,0.000000000000000000e+00,1.199999999999999956e+00,1.199999999999999956e+00
2.033999999999999986e+01,7.361926223390909740e+00,-5.387313216290436912e+00,-3.373698676095083115e+00,1.002962462025933643e+00,-1.617584508280801303e-01,1.500767408543586257e-01,2.353595999999999933e+01,0.000000000000000000e+00,1.199999999999999956e+00,1.199999999999999956e+00
2.035999999999999943e+01,7.343167254803114830e+00,-5.379590253446784764e+00,-3.370517856909543752e+00,9.998019934817210519e-01,-1.614423734842477809e-01,1.679169185766530847e-01,2.353595999999999933e+01,0.000000000000000000e+00,1.199999999999999956e+00,1.199999999999999956e+00
2.037999999999999901e+01,7.324441235912838799e+00,-5.371950511525815486e+00,-3.366985520407901333e+00,9.967825622446623290e-01,-1.611150455994900532e-01,1.852286640809834017e-01,2.353595999999999933e+01,0.000000000000000000e+00,1.199999999999999956e+00,1.199999999999999956e+00
2.040000000000000213e+01,7.305743047310390814e+00,-5.364399708293139390e+00,-3.363112241792904467e+00,9.939096934828794971e-01,-1.607793263462884148e-01,2.020104665395094090e-01,2.353595999999999933e+01,0.000000000000000000e+00,1.199999999999999956e+00,1.199999999999999956e+00
2.042000000000000171e+01,7.287067655110144315e+00,-5.356943288009963666e+00,-3.358908673592717165e+00,9.911872683063053246e-01,-1.604380868273007632e-01,2.182563106404075137e-01,2.353595999999999933e+01,0.000000000000000000e+00,1.199999999999999956e+00,1.199999999999999956e+00
2.044000000000000128e+01,7.268410141917841294e+00,-5.349586435931576567e+00,-3.354385623566425334e+00,9.886177036739024482e-01,-1.600941708132989638e-01,2.339568850679191458e-01,2.353595999999999933e+01,0.000000000000000000e+00,1.199999999999999956e+00,1.199999999999999956e+00
2.046000000000000085e+01,7.249765734315572807e+00,-5.342334090578487960e+00,-3.349554109032465199e+00,9.862020978878440758e-01,-1.597503560713150195e-01,2.491007315611499795e-01,2.353595999999999933e+01,0.000000000000000000e+00,1.199999999999999956e+00,1.199999999999999956e+00
2.048000000000000043e+01,7.231129827302816615e+00,-5.335190954272438724e+00,-3.344425388848973668e+00,9.839403518236169432e-01,-1.594093169824334078e-01,2.636753290897297930e-01,2.353595999999999933e+01,0.000000000000000000e+00,1.199999999999999956e+00,1.199999999999999956e+00
2.050000000000000000e+01,7.212498005973611903e+00,-5.328161502356868695e+00,-3.339010974458886949e+00,9.818312741500072605e-01,-1.590735893609398210e-01,2.776681007093335096e-01,2.353595999999999933e+01,0.000000000000000000e+00,1.199999999999999956e+00,1.199999999999999956e+00
2.051999999999999957e+01,7.193866064590206832e+00,-5.321249991452750017e+00,-3.333322621706942712e+00,9.798726770785571860e-01,-1.587455384868812214e-01,2.910673265806423826e-01,2.353595999999999933e+01,0.000000000000000000e+00,1.199999999999999956e+00,1.199999999999999956e+00
2.053999999999999915e+01,7.175230023128231771e+00,-5.314460467035956981e+00,-3.327372305483263570e+00,9.780614676026269105e-01,-1.584273313530141225e-01,3.038629453704309591e-01,2.353595999999999933e+01,0.000000000000000000e+00,1.199999999999999956e+00,1.199999999999999956e+00
2.055999999999999872e+01,7.156586141313808547e+00,-5.307796770562085875e+00,-3.321172179594541696e+00,9.763937377284315211e-01,-1.581209140124913981e-01,3.160472275880273907e-01,2.353595999999999933e+01,0.000000000000000000e+00,1.199999999999999956e+00,1.199999999999999956e+00
2.058000000000000185e+01,7.137930930145286013e+00,-5.301262546309741808e+00,-3.314734524560576823e+00,9.748648558744257286e-01,-1.578279947116681403e-01,3.276153079574276594e-01,2.353595999999999933e+01,0.000000000000000000e+00,1.199999999999999956e+00,1.199999999999999956e+00
2.060000000000000142e+01,7.119261160887291773e+00,-5.294861248064614223e+00,-3.308071686242068044e+00,9.734695604448989625e-01,-1.575500332267778802e-01,3.385655691333916972e-01,2.353595999999999933e+01,0.000000000000000000e+00,1.199999999999999956e+00,1.199999999999999956e+00
2.062000000000000099e+01,7.100573871538114368e+00,-5.288596145724958397e+00,-3.301196008298454387e+00,9.722020555966476296e-01,-1.572882365227300239e-01,3.488998752694842387e-01,2.353595999999999933e+01,0.000000000000000000e+00,1.199999999999999956e+00,1.199999999999999956e+00
2.064000000000000057e+01,7.081866370798270971e+00,-5.282470331874769442e+00,-3.294119761439556537e+00,9.710561084381270636e-01,-1.570435605474236052e-01,3.586236604228572045e-01,2.353595999999999933e+01,0.000000000000000000e+00,1.199999999999999956e+00,1.199999999999999956e+00
2.066000000000000014e+01,7.063136239603746702e+00,-5.276486728344083055e+00,-3.286855072273122680e+00,9.700251463423537057e-01,-1.568167176943310315e-01,3.677458828582231276e-01,2.353595999999999933e+01,0.000000000000000000e+00,1.199999999999999956e+00,1.199999999999999956e+00
2.067999999999999972e+01,7.044381330327145641e+00,-5.270648092756018421e+00,-3.279413854275996520e+00,9.691023527180033792e-01,-1.566081892330537240e-01,3.762788614293798295e-01,2.353595999999999933e+01,0.000000000000000000e+00,1.199999999999999956e+00,1.199999999999999956e+00
2.069999999999999929e+01,7.025599763789771579e+00,-5.264957025046798300e+00,-3.271807743052978612e+00,9.682807594529990736e-01,-1.564182418379946038e-01,3.842380139768443725e-01,2.353595999999999933e+01,0.000000000000000000e+00,1.199999999999999956e+00,1.199999999999999956e+00
2.071999999999999886e+01,7.006789924263957303e+00,-5.259415973936977906e+00,-3.264048037623981990e+00,9.675533342938916759e-01,-1.562469472466785358e-01,3.916415198849713675e-01,2.353595999999999933e+01,0.000000000000000000e+00,1.199999999999999956e+00,1.199999999999999956e+00
2.074000000000000199e+01,6.987950452675208091e+00,-5.254027243328480701e+00,-3.256145649028304501e+00,9.669130616156468294e-01,-1.560942040508868089e-01,3.985099295815839882e-01,2.353595999999999933e+01,0.000000000000000000e+00,1.199999999999999956e+00,1.199999999999999956e+00
2.076000000000000156e+01,6.969080238236146307e+00,-5.248792998601615523e+00,-3.248111057084757114e+00,9.663530153283648172e-01,-1.559597606581863971e-01,4.048657429881127867e-01,2.353595999999999933e+01,0.000000000000000000e+00,1.199999999999999956e+00,1.199999999999999956e+00
2.078000000000000114e+01,6.950178408758019621e+00,-5.243715272788024961e+00,-3.239954275723830879e+00,9.658664230179632160e-01,-1.558432385464232905e-01,4.107329770033686933e-01,2.353595999999999933e+01,0.000000000000000000e+00,1.199999999999999956e+00,1.199999999999999956e+00
2.080000000000000071e+01,6.931244319890635275e+00,-5.238795972598578210e+00,-3.231684826932808008e+00,9.654467207885463198e-01,-1.557441550546279918e-01,4.161367393565976736e-01,2.353595999999999933e+01,0.000000000000000000e+00,1.199999999999999956e+00,1.199999999999999956e+00
2.082000000000000028e+01,6.912277543538511537e+00,-5.234036884288904901e+00,-3.223311723039765209e+00,9.650875986330665901e-01,-1.556619450954851158e-01,4.211028229359761732e-01,2.353595999999999933e+01,0.000000000000000000e+00,1.199999999999999956e+00,1.199999999999999956e+00
2.083999999999999986e+01,6.893277855690960187e+00,-5.229439679349010994e+00,-3.214843456814231892e+00,9.647830364818956728e-01,-1.555959813232752620e-01,4.256573313016819293e-01,2.353595999999999933e+01,0.000000000000000000e+00,1.199999999999999956e+00,1.199999999999999956e+00
2.085999999999999943e+01,6.874245223887924361e+00,-5.225005920006921656e+00,-3.206287998681433660e+00,9.645273313503222035e-01,-1.555455924356296260e-01,4.298263427897240918e-01,2.353595999999999933e+01,0.000000000000000000e+00,1.199999999999999956e+00,1.199999999999999956e+00
2.087999999999999901e+01,6.855179794523290404e+00,-5.220737064539341610e+00,-3.197652800229682235e+00,9.643151162177239222e-01,-1.555100794191175695e-01,4.336356175989595774e-01,2.353595999999999933e+01,0.000000000000000000e+00,1.199999999999999956e+00,1.199999999999999956e+00
2.090000000000000213e+01,6.836081880164408986e+00,-5.216634472384870769e+00,-3.188944803129357464e+00,9.641413714216633402e-01,-1.554887296621932646e-01,4.371103496555037715e-01,2.353595999999999933e+01,0.000000000000000000e+00,1.199999999999999956e+00,1.199999999999999956e+00
2.092000000000000171e+01,6.816951947042127813e+00,-5.212699409057340638e+00,-3.180170452568062966e+00,9.640014294427919905e-01,-1.554808289516584063e-01,4.402749629296749956e-01,2.353595999999999933e+01,0.000000000000000000e+00,1.199999999999999956e+00,1.199999999999999956e+00
2.094000000000000128e+01,6.797790602840844798e+00,-5.208933050858417069e+00,-3.171335714330109301e+00,9.638909739979140134e-01,-1.554856714400801865e-01,4.431529502527131181e-01,2.353595999999999933e+01,0.000000000000000000e+00,1.199999999999999956e+00,1.199999999999999956e+00
2.096000000000000085e+01,6.778598584893932966e+00,-5.205336489389831733e+00,-3.162446094699908894e+00,9.638060343574331723e-01,-1.555025677227056258e-01,4.457667515174693618e-01,2.353595999999999933e+01,0.000000000000000000e+00,1.199999999999999956e+00,1.199999999999999956e+00
2.098000000000000043e+01,6.759376748867095941e+00,-5.201910735866514202e+00,-3.153506662439312436e+00,9.637429757689361942e-01,-1.555308511955781348e-01,4.481376673975726588e-01,2.353595999999999933e+01,0.000000000000000000e+00,1.199999999999999956e+00,1.199999999999999956e+00
2.100000000000000000e+01,6.740126057991243869e+00,-5.198656725232624787e+00,-3.144522072170768290e+00,9.636984868098668056e-01,-1.555698828846123760e-01,4.502858043180879566e-01,2.353595999999999933e+01,0.000000000000000000e+00,1.199999999999999956e+00,1.199999999999999956e+00
2.101999999999999957e+01,6.720847572887731936e+00,-5.195575320083057669e+00,-3.135496588585157340e+00,9.636695644173162156e-01,-1.556190549413242197e-01,4.522300462877945626e-01,2.353595999999999933e+01,0.000000000000000000e+00,1.199999999999999956e+00,1.199999999999999956e+00
2.103999999999999915e+01,6.701542442012359047e+00,-5.192667314393470512e+00,-3.126434110980378378e+00,9.636534972588960413e-01,-1.556777929976492225e-01,4.539880492915336352e-01,2.353595999999999933e+01,0.000000000000000000e+00,1.199999999999999956e+00,1.199999999999999956e+00
2.105999999999999872e+01,6.682211892730500757e+00,-5.189933437062312471e+00,-3.117338197720594728e+00,9.636478480211636555e-01,-1.557455575624401845e-01,4.555762541797055976e-01,2.353595999999999933e+01,0.000000000000000000e+00,1.199999999999999956e+00,1.199999999999999956e+00
2.108000000000000185e+01,6.662857223023956443e+00,-5.187374355268728365e+00,-3.108212090284086848e+00,9.636504351055125150e-01,-1.558218446280544012e-01,4.570099143288673393e-01,2.353595999999999933e+01,0.000000000000000000e+00,1.199999999999999956e+00,1.199999999999999956e+00
2.110000000000000142e+01,6.643479793820532997e+00,-5.184990677650579194e+00,-3.099058736638294675e+00,9.636593141389848682e-01,-1.559061856387546074e-01,4.583031347400690070e-01,2.353595999999999933e+01,0.000000000000000000e+00,1.199999999999999956e+00,1.199999999999999956e+00
2.112000000000000099e+01,6.624081021929733026e+00,-5.182782957307168203e+00,-3.089880813743177690e+00,9.636727596312456567e-01,-1.559981469548779587e-01,4.594689196570870826e-01,2.353595999999999933e+01,0.000000000000000000e+00,1.199999999999999956e+00,1.199999999999999956e+00
2.114000000000000057e+01,6.604662373562072197e+00,-5.180751694631585025e+00,-3.080680749038206212e+00,9.636892470402274036e-01,-1.560973289289332988e-01,4.605192262006371773e-01,2.353595999999999933e+01,0.000000000000000000e+00,1.199999999999999956e+00,1.199999999999999956e+00
2.116000000000000014e+01,6.585225358405217833e+00,-5.178897339977901915e+00,-3.071460740814392132e+00,9.637074354483101679e-01,-1.562033646927115105e-01,4.614650219099099004e-01,2.353595999999999933e+01,0.000000000000000000e+00,1.199999999999999956e+00,1.199999999999999956e+00
2.117999999999999972e+01,6.565771524227137945e+00,-5.177220296168709268e+00,-3.062222777411220953e+00,9.637261509984134111e-01,-1.563159187386218285e-01,4.623163444483316953e-01,2.353595999999999933e+01,0.000000000000000000e+00,1.199999999999999956e+00,1.199999999999999956e+00
2.119999999999999929e+01,6.546302451974562508e+00,-5.175720920848730700e+00,-3.052968655209856941e+00,9.637443711947607516e-01,-1.564346853640798396e-01,4.630823620600028057e-01,2.353595999999999933e+01,0.000000000000000000e+00,1.199999999999999956e+00,1.199999999999999956e+00
2.121999999999999886e+01,6.526819751334071107e+00,-5.174399528690450722e+00,-3.043699995419284932e+00,9.637612101358157268e-01,-1.565593870349996919e-01,4.637714336540801341e-01,2.353595999999999933e+01,0.000000000000000000e+00,1.199999999999999956e+00,1.199999999999999956e+00
2.124000000000000199e+01,6.507325056722907064e+00,-5.173256393457854152e+00,-3.034418259671928464e+00,9.637759047163069193e-01,-1.566897727132994800e-01,4.643911676462991189e-01,2.353595999999999933e+01,0.000000000000000000e+00,1.199999999999999956e+00,1.199999999999999956e+00
2.126000000000000156e+01,6.487820023676959202e+00,-5.172291749934473160e+00,-3.025124764460491278e+00,9.637878018106232902e-01,-1.568256161837578433e-01,4.649484789014636799e-01,2.353595999999999933e+01,0.000000000000000000e+00,1.199999999999999956e+00,1.199999999999999956e+00
2.128000000000000114e+01,6.468306325604176621e+00,-5.171505795722025844e+00,-3.015820694459037110e+00,9.637963464304198924e-01,-1.569667144074529674e-01,4.654496433007932477e-01,2.353595999999999933e+01,0.000000000000000000e+00,1.199999999999999956e+00,1.199999999999999956e+00
2.130000000000000071e+01,6.448785650872835618e+00,-5.170898692915939066e+00,-3.006507114779307877e+00,9.638010708342917843e-01,-1.571128859222365171e-01,4.659003496068334083e-01,2.353595999999999933e+01,0.000000000000000000e+00,1.199999999999999956e+00,1.199999999999999956e+00
2.132000000000000028e+01,6.429259700205482098e+00,-5.170470569664047389e+00,-2.997184982218570770e+00,9.638015845561649364e-01,-1.572639693051000875e-01,4.663057484198078195e-01,2.353595999999999933e+01,0.000000000000000000e+00,1.199999999999999956e+00,1.199999999999999956e+00
2.133999999999999986e+01,6.409730184350932447e+00,-5.170221521614688953e+00,-2.987855155558401865e+00,9.637975653109951413e-01,-1.574198217067271366e-01,4.666704981164267463e-01,2.353595999999999933e+01,0.000000000000000000e+00,1.199999999999999956e+00,1.199999999999999956e+00
2.135999999999999943e+01,6.390198822008405166e+00,-5.170151613260349777e+00,-2.978518404975190936e+00,9.637887507308948720e-01,-1.575803174648501281e-01,4.669988077387224323e-01,2.353595999999999933e+01,0.000000000000000000e+00,1.199999999999999956e+00,1.199999999999999956e+00
2.137999999999999901e+01,6.370667337979552869e+00,-5.170260879182867697e+00,-2.969175420623187289e+00,9.637749308814380633e-01,-1.577453468001137893e-01,4.672944768596554166e-01,2.353595999999999933e+01,0.000000000000000000e+00,1.199999999999999956e+00,1.199999999999999956e+00
2.140000000000000213e+01,6.351137461525909522e+00,-5.170549325206073021e+00,-2.959826820449900975e+00,9.637559415061980328e-01,-1.579148145958628457e-01,4.675609324969121627e-01,2.353595999999999933e+01,0.000000000000000000e+00,1.199999999999999956e+00,1.199999999999999956e+00
2.142000000000000171e+01,6.331610924910974880e+00,-5.171016929461575096e+00,-2.950473157301898297e+00,9.637316579471957301e-01,-1.580886392615171443e-01,4.678012631790428588e-01,2.353595999999999933e+01,0.000000000000000000e+00,1.199999999999999956e+00,1.199999999999999956e+00
2.144000000000000128e+01,6.312089462107797644e+00,-5.171663643373202390e+00,-2.941114925376706601e+00,9.637019896895683280e-01,-1.582667516778770711e-01,4.680182502910939513e-01,2.353595999999999933e+01,0.000000000000000000e+00,1.199999999999999956e+00,1.199999999999999956e+00
2.146000000000000085e+01,6.292574807654540692e+00,-5.172489392565414512e+00,-2.931752566073834831e+00,9.636668754801641645e-01,-1.584490942217350040e-01,4.682143968420676705e-01,2.353595999999999933e+01,0.000000000000000000e+00,1.199999999999999956e+00,1.199999999999999956e+00
2.148000000000000043e+01,6.273068695642002091e+00,-5.173494077700780736e+00,-2.922386473294969367e+00,9.636262789717159327e-01,-1.586356198664872763e-01,4.683919538055104081e-01,2.353595999999999933e+01,0.000000000000000000e+00,1.199999999999999956e+00,1.199999999999999956e+00
2.150000000000000000e+01,6.253572858818523983e+00,-5.174677575251400263e+00,-2.913016998240333777e+00,9.635801848465768149e-01,-1.588262913549872979e-01,4.685529441886366331e-01,2.353595999999999933e+01,0.000000000000000000e+00,1.199999999999999956e+00,1.199999999999999956e+00
2.151999999999999957e+01,6.234089027799042171e+00,-5.176039738208912055e+00,-2.903644453745081844e+00,9.635285953765859723e-01,-1.590210804406059220e-01,4.686991849857590209e-01,2.353595999999999933e+01,0.000000000000000000e+00,1.199999999999999956e+00,1.199999999999999956e+00
2.153999999999999915e+01,6.214618930366293981e+00,-5.177580396737513801e+00,-2.894269118196495683e+00,9.634715273783531764e-01,-1.592199671923303916e-01,4.688323071693343835e-01,2.353595999999999933e+01,0.000000000000000000e+00,1.199999999999999956e+00,1.199999999999999956e+00
2.155999999999999872e+01,6.195164290853365507e+00,-5.179299358774169804e+00,-2.884891239069745428e+00,9.634090095260348097e-01,-1.594229393597053068e-01,4.689537738673971168e-01,2.353595999999999933e+01,0.000000000000000000e+00,1.199999999999999956e+00,1.199999999999999956e+00
2.158000000000000185e+01,6.175726829597819822e+00,-5.181196410579971712e+00,-2.875511036117040398e+00,9.633410799864490226e-01,-1.596299917934721202e-01,4.690648968701389698e-01,2.353595999999999933e+01,0.000000000000000000e+00,1.199999999999999956e+00,1.199999999999999956e+00
2.160000000000000142e+01,6.156308262458647818e+00,-5.183271317246385124e+00,-2.866128704242218550e+00,9.632677843440997645e-01,-1.598411259178749988e-01,4.691668516013837165e-01,2.353595999999999933e+01,0.000000000000000000e+00,1.199999999999999956e+00,1.199999999999999956e+00
2.162000000000000099e+01,6.136910300388172423e+00,-5.185523823159889467e+00,-2.856744416090184036e+00,9.631891737863114145e-01,-1.600563492507555696e-01,4.692606906830782409e-01,2.353595999999999933e+01,0.000000000000000000e+00,1.199999999999999956e+00,1.199999999999999956e+00
2.164000000000000057e+01,6.117534649051875384e+00,-5.187953652428322293e+00,-2.847358324378117977e+00,9.631053035211908364e-01,-1.602756749677411441e-01,4.693473562129681365e-01,2.353595999999999933e+01,0.000000000000000000e+00,1.199999999999999956e+00,1.199999999999999956e+00
2.166000000000000014e+01,6.098183008489858281e+00,-5.190560509272003742e+00,-2.837970563993061912e+00,9.630162314035202176e-01,-1.604991215070319110e-01,4.694276908675765192e-01,2.353595999999999933e+01,0.000000000000000000e+00,1.199999999999999956e+00,1.199999999999999956e+00
2.167999999999999972e+01,6.078857072814333407e+00,-5.193344078382550855e+00,-2.828581253878314161e+00,9.629220167459262569e-01,-1.607267122115025038e-01,4.695024479346234236e-01,2.353595999999999933e+01,0.000000000000000000e+00,1.199999999999999956e+00,1.199999999999999956e+00
2.169999999999999929e+01,6.059558529938158244e+00,-5.196304025252073799e+00,-2.819190498729075234e+00,9.628227192947665936e-01,-1.609584750050473967e-01,4.695723003712421462e-01,2.353595999999999933e+01,0.000000000000000000e+00,1.199999999999999956e+00,1.199999999999999956e+00
2.171999999999999886e+01,6.040289061329990439e+00,-5.199439996475274661e+00,-2.809798390515923394e+00,9.627183983521248045e-01,-1.611944421003120298e-01,4.696378489768505693e-01,2.353595999999999933e+01,0.000000000000000000e+00,1.199999999999999956e+00,1.199999999999999956e+00
2.174000000000000199e+01,6.021050341792140159e+00,-5.202751620026798030e+00,-2.800405009853000671e+00,9.626091120271045298e-01,-1.614346497351591969e-01,4.696996297623873828e-01,2.353595999999999933e+01,0.000000000000000000e+00,1.199999999999999956e+00,1.199999999999999956e+00
2.176000000000000156e+01,6.001844039257647090e+00,-5.206238505516009418e+00,-2.791010427226219726e+00,9.624949166012762847e-01,-1.616791379354208247e-01,4.697581205908603064e-01,2.353595999999999933e+01,0.000000000000000000e+00,1.199999999999999956e+00,1.199999999999999956e+00
2.178000000000000114e+01,5.982671814603524041e+00,-5.209900244421232784e+00,-2.781614704095371149e+00,9.623758659946514138e-01,-1.619279503016769206e-01,4.698137471577988333e-01,2.353595999999999933e+01,0.000000000000000000e+00,1.199999999999999956e+00,1.199999999999999956e+00
2.180000000000000071e+01,5.963535321477473339e+00,-5.213736410305313207e+00,-2.772217893882694906e+00,9.622520113199547476e-01,-1.621811338179849349e-01,4.698668883742678770e-01,2.353595999999999933e+01,0.000000000000000000e+00,1.199999999999999956e+00,1.199999999999999956e+00
2.182000000000000028e+01,5.944436206135704559e+00,-5.217746559014257102e+00,-2.762820042859285952e+00,9.621234005142359491e-01,-1.624387386806537548e-01,4.699178812095765601e-01,2.353595999999999933e+01,0.000000000000000000e+00,1.199999999999999956e+00,1.199999999999999956e+00
2.183999999999999986e+01,5.925376107289778815e+00,-5.221930228860542478e+00,-2.753421190939610685e+00,9.619900780380191696e-01,-1.627008181453167557e-01,4.699670250457045895e-01,2.353595999999999933e+01,0.000000000000000000e+00,1.199999999999999956e+00,1.199999999999999956e+00
2.185999999999999943e+01,5.906356655960666835e+00,-5.226286940792601143e+00,-2.744021372393421476e+00,9.618520846332394569e-01,-1.629674283907068810e-01,4.700145855907473247e-01,2.353595999999999933e+01,0.000000000000000000e+00,1.199999999999999956e+00,1.199999999999999956e+00
2.187999999999999901e+01,5.887379475338437196e+00,-5.230816198551827334e+00,-2.734620616483448785e+00,9.617094571321651575e-01,-1.632386283976756669e-01,4.700607983943391743e-01,2.353595999999999933e+01,0.000000000000000000e+00,1.199999999999999956e+00,1.199999999999999956e+00
2.190000000000000213e+01,5.868446180646201604e+00,-5.235517488818392629e+00,-2.725218948036438160e+00,9.615622283103665291e-01,-1.635144798421257206e-01,4.701058720040277028e-01,2.353595999999999933e+01,0.000000000000000000e+00,1.199999999999999956e+00,1.199999999999999956e+00
2.192000000000000171e+01,5.849558379007120834e+00,-5.240390281347019119e+00,-2.715816387954352873e+00,9.614104267775643864e-01,-1.637950470006444281e-01,4.701499907979203585e-01,2.353595999999999933e+01,0.000000000000000000e+00,1.199999999999999956e+00,1.199999999999999956e+00
2.194000000000000128e+01,5.830717669313448148e+00,-5.245434029093788197e+00,-2.706412953671892829e+00,9.612540769008925956e-01,-1.640803966677350234e-01,4.701933175255899600e-01,2.353595999999999933e+01,0.000000000000000000e+00,1.199999999999999956e+00,1.199999999999999956e+00
2.196000000000000085e+01,5.811925642096721134e+00,-5.250648168334972610e+00,-2.697008659565866218e+00,9.610931987557345124e-01,-1.643705980836411840e-01,4.702359955861800112e-01,2.353595999999999933e+01,0.000000000000000000e+00,1.199999999999999956e+00,1.199999999999999956e+00
2.198000000000000043e+01,5.793183879398345226e+00,-5.256032118778792395e+00,-2.687603517321411672e+00,9.609278080998588933e-01,-1.646657228718523824e-01,4.702781510698793022e-01,2.353595999999999933e+01,0.000000000000000000e+00,1.199999999999999956e+00,1.199999999999999956e+00
2.200000000000000000e+01,5.774493954639922322e+00,-5.261585283670926927e+00,-2.678197536259553146e+00,9.607579163670831868e-01,-1.649658449854611575e-01,4.703198945864103808e-01,2.353595999999999933e+01,0.000000000000000000e+00,1.199999999999999956e+00,1.199999999999999956e+00
2.201999999999999957e+01,5.755857432492779147e+00,-5.267307049894547788e+00,-2.668790723630138917e+00,9.605835306771468574e-01,-1.652710406616194616e-01,4.703613229018868136e-01,2.353595999999999933e+01,0.000000000000000000e+00,1.199999999999999956e+00,1.199999999999999956e+00
2.203999999999999915e+01,5.737275868746227303e+00,-5.273196788065569685e+00,-2.659383084873795600e+00,9.604046538588786319e-01,-1.655813883834115208e-01,4.704025204033110974e-01,2.353595999999999933e+01,0.000000000000000000e+00,1.199999999999999956e+00,1.199999999999999956e+00
2.205999999999999872e+01,5.718750810174178412e+00,-5.279253852623756238e+00,-2.649974623856170552e+00,9.602212844841043760e-01,-1.658969688485235905e-01,4.704435604081006472e-01,2.353595999999999933e+01,0.000000000000000000e+00,1.199999999999999956e+00,1.199999999999999956e+00
2.208000000000000185e+01,5.700283794399787496e+00,-5.285477581920273948e+00,-2.640565343077400762e+00,9.600334169100604997e-01,-1.662178649441494738e-01,4.704845063343181533e-01,2.353595999999999933e+01,0.000000000000000000e+00,1.199999999999999956e+00,1.199999999999999956e+00
2.210000000000000142e+01,5.681876349757866151e+00,-5.291867298302222800e+00,-2.631155243859451431e+00,9.598410413283658960e-01,-1.665441617276228747e-01,4.705254127457366153e-01,2.353595999999999933e+01,0.000000000000000000e+00,1.199999999999999956e+00,1.199999999999999956e+00
2.212000000000000099e+01,5.663529995154854113e+00,-5.298422308194638219e+00,-2.621744326513697931e+00,9.596441438188576534e-01,-1.668759464123158731e-01,4.705663262844687056e-01,2.353595999999999933e+01,0.000000000000000000e+00,1.199999999999999956e+00,1.199999999999999956e+00
2.214000000000000057e+01,5.645246239926176024e+00,-5.305141902180410263e+00,-2.612332590490882733e+00,9.594427064068217215e-01,-1.672133083583861313e-01,4.706072865026248442e-01,2.353595999999999933e+01,0.000000000000000000e+00,1.199999999999999956e+00,1.199999999999999956e+00
2.216000000000000014e+01,5.627026583690857287e+00,-5.312025355078531241e+00,-2.602920034515362246e+00,9.592367071223475428e-01,-1.675563390679953024e-01,4.706483266033207324e-01,2.353595999999999933e+01,0.000000000000000000e+00,1.199999999999999956e+00,1.199999999999999956e+00
2.217999999999999972e+01,5.608872516203293301e+00,-5.319071926021043062e+00,-2.593506656705361735e+00,9.590261200607144154e-01,-1.679051321846564693e-01,4.706894741003224136e-01,2.353595999999999933e+01,0.000000000000000000e+00,1.199999999999999956e+00,1.199999999999999956e+00
2.219999999999999929e+01,5.590785517202108146e+00,-5.326280858529026219e+00,-2.584092454680780193e+00,9.588109154428698933e-01,-1.682597834964015548e-01,4.707307514046852326e-01,2.353595999999999933e+01,0.000000000000000000e+00,1.199999999999999956e+00,1.199999999999999956e+00
2.221999999999999886e+01,5.572767056256045848e+00,-5.333651380587941304e+00,-2.574677425659930297e+00,9.585910596752000856e-01,-1.686203909424888736e-01,4.707721763459014053e-01,2.353595999999999933e+01,0.000000000000000000e+00,1.199999999999999956e+00,1.199999999999999956e+00
2.224000000000000199e+01,5.554818592606871164e+00,-5.341182704722609031e+00,-2.565261566546451988e+00,9.583665154079111792e-01,-1.689870546233974702e-01,4.708137626343129045e-01,2.353595999999999933e+01,0.000000000000000000e+00,1.199999999999999956e+00,1.199999999999999956e+00
2.226000000000000156e+01,5.536941575009260319e+00,-5.348874028072087228e+00,-2.555844874007516143e+00,9.581372415914467533e-01,-1.693598768138798172e-01,4.708555202708630261e-01,2.353595999999999933e+01,0.000000000000000000e+00,1.199999999999999956e+00,1.199999999999999956e+00
2.228000000000000114e+01,5.519137441567693259e+00,-5.356724532464679278e+00,-2.546427344544311300e+00,9.579031935304598289e-01,-1.697389619788654824e-01,4.708974559096432144e-01,2.353595999999999933e+01,0.000000000000000000e+00,1.199999999999999956e+00,1.199999999999999956e+00
2.230000000000000071e+01,5.501407619570347407e+00,-5.364733384493289847e+00,-2.537008974555711394e+00,9.576643229349377506e-01,-1.701244167920290540e-01,4.709395731781374494e-01,2.353595999999999933e+01,0.000000000000000000e+00,1.199999999999999956e+00,1.199999999999999956e+00
2.232000000000000028e+01,5.483753525320026689e+00,-5.372899735591331272e+00,-2.527589760395926088e+00,9.574205779681493889e-01,-1.705163501568525974e-01,4.709818729595663389e-01,2.353595999999999933e+01,0.000000000000000000e+00,1.199999999999999956e+00,1.199999999999999956e+00
2.233999999999999986e+01,5.466176563962144463e+00,-5.381222722109351153e+00,-2.518169698426846459e+00,9.571719032911457647e-01,-1.709148732300301565e-01,4.710243536412834775e-01,2.353595999999999933e+01,0.000000000000000000e+00,1.199999999999999956e+00,1.199999999999999956e+00
2.235999999999999943e+01,5.448678129309802998e+00,-5.389701465392554347e+00,-2.508748785065736175e+00,9.569182401035969399e-01,-1.713200994470752137e-01,4.710670113327721786e-01,2.353595999999999933e+01,0.000000000000000000e+00,1.199999999999999956e+00,1.199999999999999956e+00
2.237999999999999901e+01,5.431259603666002356e+00,-5.398335071859364120e+00,-2.499327016828837067e+00,9.566595261807956385e-01,-1.717321445500062660e-01,4.711098400564255884e-01,2.353595999999999933e+01,0.000000000000000000e+00,1.199999999999999956e+00,1.199999999999999956e+00
2.240000000000000213e+01,5.413922357643026650e+00,-5.407122633081162810e+00,-2.489904390371409093e+00,9.563956959066961527e-01,-1.721511266169965526e-01,4.711528319139671739e-01,2.353595999999999933e+01,0.000000000000000000e+00,1.199999999999999956e+00,1.199999999999999956e+00
2.242000000000000171e+01,5.396667749979049411e+00,-5.416063225863338104e+00,-2.480480902524662579e+00,9.561266803028910521e-01,-1.725771660938854035e-01,4.711959772310729821e-01,2.353595999999999933e+01,0.000000000000000000e+00,1.199999999999999956e+00,1.199999999999999956e+00
2.244000000000000128e+01,5.379497127352002472e+00,-5.425155912327753072e+00,-2.471056550329997048e+00,9.558524070534565320e-01,-1.730103858274575634e-01,4.712392646824936082e-01,2.353595999999999933e+01,0.000000000000000000e+00,1.199999999999999956e+00,1.199999999999999956e+00
2.246000000000000085e+01,5.362411824190755461e+00,-5.434399739996745637e+00,-2.461631331070915696e+00,9.555728005256226565e-01,-1.734509111004055859e-01,4.712826813997354480e-01,2.353595999999999933e+01,0.000000000000000000e+00,1.199999999999999956e+00,1.199999999999999956e+00
2.248000000000000043e+01,5.345413162483658276e+00,-5.443793741878752535e+00,-2.452205242302944566e+00,9.552877817862437393e-01,-1.738988696678980816e-01,4.713262130631483693e-01,2.353595999999999933e+01,0.000000000000000000e+00,1.199999999999999956e+00,1.199999999999999956e+00
2.250000000000000000e+01,5.328502451584479438e+00,-5.453336936555656322e+00,-2.442778281881853086e+00,9.549972686140614231e-01,-1.743543917956832667e-01,4.713698439800748097e-01,2.353595999999999933e+01,0.000000000000000000e+00,1.199999999999999956e+00,1.199999999999999956e+00
2.251999999999999957e+01,5.311680988015801574e+00,-5.463028328271938072e+00,-2.433350447990436649e+00,9.547011755077675632e-01,-1.748176102996630288e-01,4.714135571505440048e-01,2.353595999999999933e+01,0.000000000000000000e+00,1.199999999999999956e+00,1.199999999999999956e+00
2.253999999999999915e+01,5.294950055269899813e+00,-5.472866907025707661e+00,-2.423921739164100142e+00,9.543994136898844571e-01,-1.752886605868781700e-01,4.714573343218410040e-01,2.353595999999999933e+01,0.000000000000000000e+00,1.199999999999999956e+00,1.199999999999999956e+00
2.255999999999999872e+01,5.278310923607161698e+00,-5.482851648661697830e+00,-2.414492154315450279e+00,9.540918911064890651e-01,-1.757676806978502038e-01,4.715011560331422991e-01,2.353595999999999933e+01,0.000000000000000000e+00,1.199999999999999956e+00,1.199999999999999956e+00
2.258000000000000185e+01,5.261764849852074377e+00,-5.492981514966282397e+00,-2.405061692758086789e+00,9.537785124228160827e-01,-1.762548113502285241e-01,4.715450016512864329e-01,2.353595999999999933e+01,0.000000000000000000e+00,1.199999999999999956e+00,1.199999999999999956e+00
2.260000000000000142e+01,5.245313077186827933e+00,-5.503255453764584360e+00,-2.395630354229757675e+00,9.534591790147778356e-01,-1.767501959836957071e-01,4.715888493986371555e-01,2.353595999999999933e+01,0.000000000000000000e+00,1.199999999999999956e+00,1.199999999999999956e+00
2.262000000000000099e+01,5.228956834942564136e+00,-5.513672399019744041e+00,-2.386198138915029965e+00,9.531337889564447385e-01,-1.772539808060861755e-01,4.716326763738983852e-01,2.353595999999999933e+01,0.000000000000000000e+00,1.199999999999999956e+00,1.199999999999999956e+00
2.264000000000000057e+01,5.212697338388306179e+00,-5.524231270934393478e+00,-2.376765047467606529e+00,9.528022370035319488e-01,-1.777663148406760096e-01,4.716764585666514686e-01,2.353595999999999933e+01,0.000000000000000000e+00,1.199999999999999956e+00,1.199999999999999956e+00
2.266000000000000014e+01,5.196535788517604004e+00,-5.534930976054407203e+00,-2.367331081032411522e+00,9.524644145729385114e-01,-1.782873499746033819e-01,4.717201708663072979e-01,2.353595999999999933e+01,0.000000000000000000e+00,1.199999999999999956e+00,1.199999999999999956e+00
2.267999999999999972e+01,5.180473371832917451e+00,-5.545770407374970290e+00,-2.357896241267545268e+00,9.521202097183866231e-01,-1.788172410083806729e-01,4.717637870660947308e-01,2.353595999999999933e+01,0.000000000000000000e+00,1.199999999999999956e+00,1.199999999999999956e+00
2.269999999999999929e+01,5.164511260127773618e+00,-5.556748444449031155e+00,-2.348460530366205390e+00,9.517695071022077569e-01,-1.793561457064602738e-01,4.718072798626453679e-01,2.353595999999999933e+01,0.000000000000000000e+00,1.199999999999999956e+00,1.199999999999999956e+00
2.271999999999999886e+01,5.148650610266713556e+00,-5.567863953498172869e+00,-2.339023951078656349e+00,9.514121879633218315e-01,-1.799042248488166018e-01,4.718506208516787259e-01,2.353595999999999933e+01,0.000000000000000000e+00,1.199999999999999956e+00,1.199999999999999956e+00
2.274000000000000199e+01,5.132892563963060262e+00,-5.579115787525970482e+00,-2.329586506734318885e+00,9.510481300814535022e-01,-1.804616422835070288e-01,4.718937805202430558e-01,2.353595999999999933e+01,0.000000000000000000e+00,1.199999999999999956e+00,1.199999999999999956e+00
2.276000000000000156e+01,5.117238247554523056e+00,-5.590502786433872551e+00,-2.320148201264046861e+00,9.506772077376272057e-01,-1.810285649801743613e-01,4.719367282359234195e-01,2.353595999999999933e+01,0.000000000000000000e+00,1.199999999999999956e+00,1.199999999999999956e+00
2.278000000000000114e+01,5.101688771776658804e+00,-5.602023777139654825e+00,-2.310709039222647920e+00,9.502992916709814830e-01,-1.816051630844529863e-01,4.719794322333907277e-01,2.353595999999999933e+01,0.000000000000000000e+00,1.199999999999999956e+00,1.199999999999999956e+00
2.280000000000000071e+01,5.086245231534208600e+00,-5.613677573698503842e+00,-2.301269025811694569e+00,9.499142490319381071e-01,-1.821916099732395766e-01,4.720218595986321874e-01,2.353595999999999933e+01,0.000000000000000000e+00,1.199999999999999956e+00,1.199999999999999956e+00
2.282000000000000028e+01,5.070908705670325922e+00,-5.625462977426767708e+00,-2.291828166902672770e+00,9.495219433317612090e-01,-1.827880823107882746e-01,4.720639762511729121e-01,2.353595999999999933e+01,0.000000000000000000e+00,1.199999999999999956e+00,1.199999999999999956e+00
2.283999999999999986e+01,5.055680256733706912e+00,-5.637378777028430044e+00,-2.282386469060504464e+00,9.491222343885346024e-01,-1.833947601055885279e-01,4.721057469245749649e-01,2.353595999999999933e+01,0.000000000000000000e+00,1.199999999999999956e+00,1.199999999999999956e+00
2.285999999999999943e+01,5.040560930743638757e+00,-5.649423748724349714e+00,-2.272943939567472871e+00,9.487149782695865063e-01,-1.840118267679818342e-01,4.721471351454764598e-01,2.353595999999999933e+01,0.000000000000000000e+00,1.199999999999999956e+00,1.199999999999999956e+00
2.287999999999999901e+01,5.025551756952980398e+00,-5.661596656384315196e+00,-2.263500586447581675e+00,9.483000272303825362e-01,-1.846394691684710154e-01,4.721881032114152443e-01,2.353595999999999933e+01,0.000000000000000000e+00,1.199999999999999956e+00,1.199999999999999956e+00
2.290000000000000213e+01,5.010653747609080000e+00,-5.673896251661970425e+00,-2.254056418491367619e+00,9.478772296499088368e-01,-1.852778776966735597e-01,4.722286121676659842e-01,2.353595999999999933e+01,0.000000000000000000e+00,1.199999999999999956e+00,1.199999999999999956e+00
2.292000000000000171e+01,4.995867897712644279e+00,-5.686321274132650316e+00,-2.244611445281182949e+00,9.474464299625587893e-01,-1.859272463208667681e-01,4.722686217833054201e-01,2.353595999999999933e+01,0.000000000000000000e+00,1.199999999999999956e+00,1.199999999999999956e+00
2.294000000000000128e+01,4.981195184774566798e+00,-5.698870451434183693e+00,-2.235165677216964575e+00,9.470074685865375042e-01,-1.865877726480696108e-01,4.723080905267106333e-01,2.353595999999999933e+01,0.000000000000000000e+00,1.199999999999999956e+00,1.199999999999999956e+00
2.296000000000000085e+01,4.966636568570727661e+00,-5.711542499410710683e+00,-2.225719125542495291e+00,9.465601818487908714e-01,-1.872596579846020626e-01,4.723469755406854986e-01,2.353595999999999933e+01,0.000000000000000000e+00,1.199999999999999956e+00,1.199999999999999956e+00
2.298000000000000043e+01,4.952192990894769054e+00,-5.724336122259567894e+00,-2.216271802372167254e+00,9.461044019064642763e-01,-1.879431073970586341e-01,4.723852326174052263e-01,2.353595999999999933e+01,0.000000000000000000e+00,1.199999999999999956e+00,1.199999999999999956e+00
2.300000000000000000e+01,4.937865375308858162e+00,-5.737250012681297306e+00,-2.206823720718242843e+00,9.456399566648917565e-01,-1.886383297736283216e-01,4.724228161733629028e-01,2.353595999999999933e+01,0.000000000000000000e+00,1.199999999999999956e+00,1.199999999999999956e+00
2.301999999999999957e+01,4.923654626892449038e+00,-5.750282852032824188e+00,-2.197374894518620003e+00,9.451666696921122712e-01,-1.893455378856879756e-01,4.724596792244998289e-01,2.353595999999999933e+01,0.000000000000000000e+00,1.199999999999999956e+00,1.199999999999999956e+00
2.303999999999999915e+01,4.909561631989046937e+00,-5.763433310483866201e+00,-2.187925338665087427e+00,9.446843601299075299e-01,-1.900649484495908759e-01,4.724957733617004552e-01,2.353595999999999933e+01,0.000000000000000000e+00,1.199999999999999956e+00,1.199999999999999956e+00
2.305999999999999872e+01,4.895587257950992921e+00,-5.776700047176623443e+00,-2.178475069032067335e+00,9.441928426013496134e-01,-1.907967821885665494e-01,4.725310487268318260e-01,2.353595999999999933e+01,0.000000000000000000e+00,1.199999999999999956e+00,1.199999999999999956e+00
2.308000000000000185e+01,4.881732352882278470e+00,-5.790081710388813363e+00,-2.169024102505828555e+00,9.436919271148460631e-01,-1.915412638946413781e-01,4.725654539895105533e-01,2.353595999999999933e+01,0.000000000000000000e+00,1.199999999999999956e+00,1.199999999999999956e+00
2.310000000000000142e+01,4.867997745379398999e+00,-5.803576937700097638e+00,-2.159572457014157010e+00,9.431814189646646751e-01,-1.922986224904829344e-01,4.725989363247825592e-01,2.353595999999999933e+01,0.000000000000000000e+00,1.199999999999999956e+00,1.199999999999999956e+00
2.312000000000000099e+01,4.854384244270265825e+00,-5.817184356161967607e+00,-2.150120151556461856e+00,9.426611186279172383e-01,-1.930690910910635993e-01,4.726314413919054380e-01,2.353595999999999933e+01,0.000000000000000000e+00,1.199999999999999956e+00,1.199999999999999956e+00
2.314000000000000057e+01,4.840892638351195210e+00,-5.830902582471146900e+00,-2.140667206234291076e+00,9.421308216579786787e-01,-1.938529070650318598e-01,4.726629133144295003e-01,2.353595999999999933e+01,0.000000000000000000e+00,1.199999999999999956e+00,1.199999999999999956e+00
2.316000000000000014e+01,4.827523696121984287e+00,-5.844730223146563652e+00,-2.131213642282234311e+00,9.415903185743141890e-01,-1.946503120956704080e-01,4.726932946617789510e-01,2.353595999999999933e+01,0.000000000000000000e+00,1.199999999999999956e+00,1.199999999999999956e+00
2.317999999999999972e+01,4.814278165519103148e+00,-5.858665874709964250e+00,-2.121759482099174754e+00,9.410393947486834776e-01,-1.954615522413126194e-01,4.727225264325446430e-01,2.353595999999999933e+01,0.000000000000000000e+00,1.199999999999999956e+00,1.199999999999999956e+00
2.319999999999999929e+01,4.801156773647027975e+00,-5.872708123870221009e+00,-2.112304749279856786e+00,9.404778302876896090e-01,-1.962868779950785458e-01,4.727505480397068416e-01,2.353595999999999933e+01,0.000000000000000000e+00,1.199999999999999956e+00,1.199999999999999956e+00
2.321999999999999886e+01,4.788160226507734762e+00,-5.886855547711403958e+00,-2.102849468646728504e+00,9.399053999116342428e-01,-1.971265443437824894e-01,4.727772972980181510e-01,2.353595999999999933e+01,0.000000000000000000e+00,1.199999999999999956e+00,1.199999999999999956e+00
2.324000000000000199e+01,4.775289208728392687e+00,-5.901106713884670896e+00,-2.093393666282012067e+00,9.393218728296407471e-01,-1.979808108258530874e-01,4.728027104137866865e-01,2.353595999999999933e+01,0.000000000000000000e+00,1.199999999999999956e+00,1.199999999999999956e+00
2.326000000000000156e+01,4.762544383287285577e+00,-5.915460180804047674e+00,-2.083937369559953900e+00,9.387270126110019985e-01,-1.988499415880960741e-01,4.728267219773128471e-01,2.353595999999999933e+01,0.000000000000000000e+00,1.199999999999999956e+00,1.199999999999999956e+00
2.328000000000000114e+01,4.749926391238008527e+00,-5.929914497846155541e+00,-2.074480607179195690e+00,9.381205770527065724e-01,-1.997342054411180012e-01,4.728492649582448082e-01,2.353595999999999933e+01,0.000000000000000000e+00,1.199999999999999956e+00,1.199999999999999956e+00
2.330000000000000071e+01,4.737435851431973433e+00,-5.944468205553953055e+00,-2.065023409195207549e+00,9.375023180430953618e-01,-2.006338759132164640e-01,4.728702707041329001e-01,2.353595999999999933e+01,0.000000000000000000e+00,1.199999999999999956e+00,1.199999999999999956e+00
2.332000000000000028e+01,4.725073360239275821e+00,-5.959119835844557400e+00,-2.055565807052715854e+00,9.368719814215964448e-01,-2.015492313025295801e-01,4.728896689424776367e-01,2.353595999999999933e+01,0.000000000000000000e+00,1.199999999999999956e+00,1.199999999999999956e+00
2.333999999999999986e+01,4.712839491267984293e+00,-5.973867912221200172e+00,-2.046107833618052041e+00,9.362293068344839098e-01,-2.024805547272232886e-01,4.729073877865817566e-01,2.353595999999999933e+01,0.000000000000000000e+00,1.199999999999999956e+00,1.199999999999999956e+00
2.335999999999999943e+01,4.700734795081900508e+00,-5.988710949989392240e+00,-2.036649523211343737e+00,9.355740275866031297e-01,-2.034281341734805737e-01,4.729233537455332370e-01,2.353595999999999933e+01,0.000000000000000000e+00,1.199999999999999956e+00,1.199999999999999956e+00
2.337999999999999901e+01,4.688759798916864341e+00,-6.003647456477350097e+00,-2.027190911638462545e+00,9.349058704890010896e-01,-2.043922625410411475e-01,4.729374917386639510e-01,2.353595999999999933e+01,0.000000000000000000e+00,1.199999999999999956e+00,1.199999999999999956e+00
2.340000000000000213e+01,4.676915006395675256e+00,-6.018675931260749401e+00,-2.017732036222634751e+00,9.342245557023998170e-01,-2.053732376860237796e-01,4.729497251148469528e-01,2.353595999999999933e+01,0.000000000000000000e+00,1.199999999999999956e+00,1.199999999999999956e+00
2.342000000000000171e+01,4.665200897241706279e+00,-6.033794866391863465e+00,-2.008272935835614614e+00,9.335297965764454142e-01,-2.063713624607469710e-01,4.729599756770136998e-01,2.353595999999999933e+01,0.000000000000000000e+00,1.199999999999999956e+00,1.199999999999999956e+00
2.344000000000000128e+01,4.653617926991305609e+00,-6.049002746633146188e+00,-1.998813650928310315e+00,9.328212994846629691e-01,-2.073869447502449670e-01,4.729681637122924998e-01,2.353595999999999933e+01,0.000000000000000000e+00,1.199999999999999956e+00,1.199999999999999956e+00
2.346000000000000085e+01,4.642166526705079121e+00,-6.064298049695314496e+00,-1.989354223560749757e+00,9.320987636550447375e-01,-2.084202975051581419e-01,4.729742080281896799e-01,2.353595999999999933e+01,0.000000000000000000e+00,1.199999999999999956e+00,1.199999999999999956e+00
2.348000000000000043e+01,4.630847102678153249e+00,-6.079679246479984478e+00,-1.979894697431257677e+00,9.313618809961962119e-01,-2.094717387706565848e-01,4.729780259952560684e-01,2.353595999999999933e+01,0.000000000000000000e+00,1.199999999999999956e+00,1.199999999999999956e+00
2.350000000000000000e+01,4.619660036149539906e+00,-6.095144801326907391e+00,-1.970435117904709710e+00,9.306103359189589197e-01,-2.105415917110354806e-01,4.729795335967018066e-01,2.353595999999999933e+01,0.000000000000000000e+00,1.199999999999999956e+00,1.199999999999999956e+00
2.351999999999999957e+01,4.608605683010728704e+00,-6.110693172265860618e+00,-1.960975532039722413e+00,9.298438051534289039e-01,-2.116301846295993161e-01,4.729786454854448263e-01,2.353595999999999933e+01,0.000000000000000000e+00,1.199999999999999956e+00,1.199999999999999956e+00
2.353999999999999915e+01,4.597684373513628131e+00,-6.126322811273232638e+00,-1.951515988614622499e+00,9.290619575612824033e-01,-2.127378509834297604e-01,4.729752750491000302e-01,2.353595999999999933e+01,0.000000000000000000e+00,1.199999999999999956e+00,1.199999999999999956e+00
2.355999999999999872e+01,4.586896411978017341e+00,-6.142032164533338445e+00,-1.942056538152032941e+00,9.282644539433188013e-01,-2.138649293926083161e-01,4.729693344834382529e-01,2.353595999999999933e+01,0.000000000000000000e+00,1.199999999999999956e+00,1.199999999999999956e+00
2.358000000000000185e+01,4.576242076498655997e+00,-6.157819672704503589e+00,-1.932597232941900556e+00,9.274509468421258118e-01,-2.150117636434412394e-01,4.729607348748663953e-01,2.353595999999999933e+01,0.000000000000000000e+00,1.199999999999999956e+00,1.199999999999999956e+00
2.360000000000000142e+01,4.565721618652217373e+00,-6.173683771189947933e+00,-1.923138127062779423e+00,9.266210803397683105e-01,-2.161787026852082516e-01,4.729493862925020498e-01,2.353595999999999933e+01,0.000000000000000000e+00,1.199999999999999956e+00,1.199999999999999956e+00
2.362000000000000099e+01,4.555335263204238316e+00,-6.189622890413480683e+00,-1.913679276401170970e+00,9.257744898503954545e-01,-2.173661006199312240e-01,4.729351978904373088e-01,2.353595999999999933e+01,0.000000000000000000e+00,1.199999999999999956e+00,1.199999999999999956e+00
2.364000000000000057e+01,4.545083207816268178e+00,-6.205635456100034197e+00,-1.904220738668713109e+00,9.249108019076588416e-01,-2.185743166846310648e-01,4.729180780208085411e-01,2.353595999999999933e+01,0.000000000000000000e+00,1.199999999999999956e+00,1.199999999999999956e+00
2.366000000000000014e+01,4.534965622753431624e+00,-6.221719889561037498e+00,-1.894762573416993279e+00,9.240296339468263564e-01,-2.198037152255139515e-01,4.728979343583086803e-01,2.353595999999999933e+01,0.000000000000000000e+00,1.199999999999999956e+00,1.199999999999999956e+00
2.367999999999999972e+01,4.524982650592623834e+00,-6.237874607984627673e+00,-1.885304842049752017e+00,9.231305940814724664e-01,-2.210546656634982399e-01,4.728746740367988921e-01,2.353595999999999933e+01,0.000000000000000000e+00,1.199999999999999956e+00,1.199999999999999956e+00
2.369999999999999929e+01,4.515134405931581441e+00,-6.254098024730692096e+00,-1.875847607832228148e+00,9.222132808746185129e-01,-2.223275424504641828e-01,4.728482037986944109e-01,2.353595999999999933e+01,0.000000000000000000e+00,1.199999999999999956e+00,1.199999999999999956e+00
2.371999999999999886e+01,4.505420975099076131e+00,-6.270388549630720121e+00,-1.866390935897381809e+00,9.212772831041911026e-01,-2.236227250155776169e-01,4.728184301578167714e-01,2.353595999999999933e+01,0.000000000000000000e+00,1.199999999999999956e+00,1.199999999999999956e+00
2.374000000000000199e+01,4.495842415866501796e+00,-6.286744589292426966e+00,-1.856934893248720631e+00,9.203221795226582680e-01,-2.249405977010074387e-01,4.727852595764195365e-01,2.353595999999999933e+01,0.000000000000000000e+00,1.199999999999999956e+00,1.199999999999999956e+00
2.376000000000000156e+01,4.486398757161138562e+00,-6.303164547409113361e+00,-1.847479548759437318e+00,9.193475386106968461e-01,-2.262815496863243847e-01,4.727485986571077214e-01,2.353595999999999933e+01,0.000000000000000000e+00,1.199999999999999956e+00,1.199999999999999956e+00
2.378000000000000114e+01,4.477089998781401903e+00,-6.319646825073694352e+00,-1.838024973167553977e+00,9.183529183247359784e-01,-2.276459749008356293e-01,4.727083543503812213e-01,2.353595999999999933e+01,0.000000000000000000e+00,1.199999999999999956e+00,1.199999999999999956e+00
2.380000000000000071e+01,4.467916111114390354e+00,-6.336189821097329755e+00,-1.828571239066752785e+00,9.173378658382120854e-01,-2.290342719230762381e-01,4.726644341785409265e-01,2.353595999999999933e+01,0.000000000000000000e+00,1.199999999999999956e+00,1.199999999999999956e+00
2.382000000000000028e+01,4.458877034856067567e+00,-6.352791932332564784e+00,-1.819118420892559707e+00,9.163019172763634534e-01,-2.304468438666443242e-01,4.726167464766981019e-01,2.353595999999999933e+01,0.000000000000000000e+00,1.199999999999999956e+00,1.199999999999999956e+00
2.383999999999999986e+01,4.449972680734447295e+00,-6.369451554000876925e+00,-1.809666594903529768e+00,9.152445974443799148e-01,-2.318840982515322224e-01,4.725652006516296577e-01,2.353595999999999933e+01,0.000000000000000000e+00,1.199999999999999956e+00,1.199999999999999956e+00
2.385999999999999943e+01,4.441202929236136576e+00,-6.386167080024499398e+00,-1.800215839157071063e+00,9.141654195487152190e-01,-2.333464468600706110e-01,4.725097074592156110e-01,2.353595999999999933e+01,0.000000000000000000e+00,1.199999999999999956e+00,1.199999999999999956e+00
2.387999999999999901e+01,4.432567630336649245e+00,-6.402936903362384413e+00,-1.790766233479528458e+00,9.130638849113560385e-01,-2.348343055765681198e-01,4.724501793011856021e-01,2.353595999999999933e+01,0.000000000000000000e+00,1.199999999999999956e+00,1.199999999999999956e+00
2.390000000000000213e+01,4.424066603234888539e+00,-6.419759416350129477e+00,-1.781317859430132655e+00,9.119394826768320028e-01,-2.363480942096927162e-01,4.723865305418854521e-01,2.353595999999999933e+01,0.000000000000000000e+00,1.199999999999999956e+00,1.199999999999999956e+00
2.392000000000000171e+01,4.415699636092238478e+00,-6.436633011043690900e+00,-1.771870800258408485e+00,9.107916895117353917e-01,-2.378882362966064645e-01,4.723186778457525992e-01,2.353595999999999933e+01,0.000000000000000000e+00,1.199999999999999956e+00,1.199999999999999956e+00
2.394000000000000128e+01,4.407466485776708964e+00,-6.453556079566657111e+00,-1.762425140854620986e+00,9.096199692965091232e-01,-2.394551588878299497e-01,4.722465405361586654e-01,2.353595999999999933e+01,0.000000000000000000e+00,1.199999999999999956e+00,1.199999999999999956e+00
2.396000000000000085e+01,4.399366877612611582e+00,-6.470527014460849102e+00,-1.752980967692825631e+00,9.084237728092444675e-01,-2.410492923117776298e-01,4.721700409762408790e-01,2.353595999999999933e+01,0.000000000000000000e+00,1.199999999999999956e+00,1.199999999999999956e+00
2.398000000000000043e+01,4.391400505136251908e+00,-6.487544209039984189e+00,-1.743538368766077262e+00,9.072025374012181453e-01,-2.426710699178718234e-01,4.720891049722959476e-01,2.353595999999999933e+01,0.000000000000000000e+00,1.199999999999999956e+00,1.199999999999999956e+00
2.400000000000000000e+01,4.383567029858141950e+00,-6.504606057746091352e+00,-1.734097433513341224e+00,9.059556866638798223e-01,-2.443209277971086779e-01,4.720036622002545812e-01,2.353595999999999933e+01,0.000000000000000000e+00,1.199999999999999956e+00,1.199999999999999956e+00
2.401999999999999957e+01,4.375866081032270927e+00,-6.521710956508367296e+00,-1.724658252737640618e+00,9.046826300869881265e-01,-2.459993044789177963e-01,4.719136466556864140e-01,2.353595999999999933e+01,0.000000000000000000e+00,1.199999999999999956e+00,1.199999999999999956e+00
2.403999999999999915e+01,4.368297255432967319e+00,-6.538857303104096630e+00,-1.715220918514964055e+00,9.033827627075751154e-01,-2.477066406031251666e-01,4.718189971277073624e-01,2.353595999999999933e+01,0.000000000000000000e+00,1.199999999999999956e+00,1.199999999999999956e+00
2.406000000000000227e+01,4.360860117139922387e+00,-6.556043497521246266e+00,-1.705785524093455408e+00,9.020554647494029021e-01,-2.494433785657996783e-01,4.717196576970683619e-01,2.353595999999999933e+01,0.000000000000000000e+00,1.199999999999999956e+00,1.199999999999999956e+00
2.408000000000000185e+01,4.353554197331948927e+00,-6.573267942322299717e+00,-1.696352163782396838e+00,9.007001012525593930e-01,-2.512099621377349434e-01,4.716155782586001211e-01,2.353595999999999933e+01,0.000000000000000000e+00,1.199999999999999956e+00,1.199999999999999956e+00
2.410000000000000142e+01,4.346378994090069448e+00,-6.590529043008854337e+00,-1.686920932830499931e+00,8.993160216928223205e-01,-2.530068360542921946e-01,4.715067150680684049e-01,2.353595999999999933e+01,0.000000000000000000e+00,1.199999999999999956e+00,1.199999999999999956e+00
2.412000000000000099e+01,4.339333972210546619e+00,-6.607825208386477023e+00,-1.677491927293015994e+00,8.979025595904053247e-01,-2.548344455753054350e-01,4.713930313133582461e-01,2.353595999999999933e+01,0.000000000000000000e+00,1.199999999999999956e+00,1.199999999999999956e+00
2.414000000000000057e+01,4.332418563028470615e+00,-6.625154850929252603e+00,-1.668065243887180360e+00,8.964590321076820745e-01,-2.566932360137292868e-01,4.712744977097539922e-01,2.353595999999999933e+01,0.000000000000000000e+00,1.199999999999999956e+00,1.199999999999999956e+00
2.416000000000000014e+01,4.325632164252541934e+00,-6.642516387143433398e+00,-1.658640979835514617e+00,8.949847396354690954e-01,-2.585836522316905528e-01,4.711510931189111795e-01,2.353595999999999933e+01,0.000000000000000000e+00,1.199999999999999956e+00,1.199999999999999956e+00
2.417999999999999972e+01,4.318974139811681212e+00,-6.659908237929542452e+00,-1.649219232696516269e+00,8.934789653674340970e-01,-2.605061381025888245e-01,4.710228051909293723e-01,2.353595999999999933e+01,0.000000000000000000e+00,1.199999999999999956e+00,1.199999999999999956e+00
2.419999999999999929e+01,4.312443819714128601e+00,-6.677328828942238559e+00,-1.639800100182283282e+00,8.919409748621830447e-01,-2.624611359378796749e-01,4.708896310287260523e-01,2.353595999999999933e+01,0.000000000000000000e+00,1.199999999999999956e+00,1.199999999999999956e+00
2.421999999999999886e+01,4.306040499919674858e+00,-6.694776590947201456e+00,-1.630383679962635224e+00,8.903700155925671211e-01,-2.644490858771645359e-01,4.707515778736841572e-01,2.353595999999999933e+01,0.000000000000000000e+00,1.199999999999999956e+00,1.199999999999999956e+00
2.424000000000000199e+01,4.299763442225684962e+00,-6.712249960174248464e+00,-1.620970069455320628e+00,8.887653164817443940e-01,-2.664704252402066431e-01,4.706086638112987330e-01,2.353595999999999933e+01,0.000000000000000000e+00,1.199999999999999956e+00,1.199999999999999956e+00
2.426000000000000156e+01,4.293611874167572395e+00,-6.729747378665837942e+00,-1.611559365601923144e+00,8.871260874255232354e-01,-2.685255878394917639e-01,4.704609184952761036e-01,2.353595999999999933e+01,0.000000000000000000e+00,1.199999999999999956e+00,1.199999999999999956e+00
2.428000000000000114e+01,4.287584988934371566e+00,-6.747267294620062472e+00,-1.602151664629116734e+00,8.854515188005149806e-01,-2.706150032519558102e-01,4.703083838882504697e-01,2.353595999999999933e+01,0.000000000000000000e+00,1.199999999999999956e+00,1.199999999999999956e+00
2.430000000000000071e+01,4.281681945300055858e+00,-6.764808162727193874e+00,-1.592747061794957730e+00,8.837407809576244277e-01,-2.727390960485089888e-01,4.701511150169678799e-01,2.353595999999999933e+01,0.000000000000000000e+00,1.199999999999999956e+00,1.199999999999999956e+00
2.432000000000000028e+01,4.275901867571236359e+00,-6.782368444498766635e+00,-1.583345651119948849e+00,8.819930237004183216e-01,-2.748982849799991857e-01,4.699891807394551146e-01,2.353595999999999933e+01,0.000000000000000000e+00,1.199999999999999956e+00,1.199999999999999956e+00
2.433999999999999986e+01,4.270243845551862982e+00,-6.799946608588151697e+00,-1.573947525102663336e+00,8.802073757479234040e-01,-2.770929821182743780e-01,4.698226645213345876e-01,2.353595999999999933e+01,0.000000000000000000e+00,1.199999999999999956e+00,1.199999999999999956e+00
2.435999999999999943e+01,4.264706934525528403e+00,-6.817541131101509500e+00,-1.564552774419778913e+00,8.783829441814333672e-01,-2.793235919510254073e-01,4.696516652180720008e-01,2.353595999999999933e+01,0.000000000000000000e+00,1.199999999999999956e+00,1.199999999999999956e+00
2.437999999999999901e+01,4.259290155255951227e+00,-6.835150495897957867e+00,-1.555161487610434934e+00,8.765188138749315794e-01,-2.815905104291177019e-01,4.694762978595487524e-01,2.353595999999999933e+01,0.000000000000000000e+00,1.199999999999999956e+00,1.199999999999999956e+00
2.440000000000000213e+01,4.253992494006199721e+00,-6.852773194877742391e+00,-1.545773750744910524e+00,8.746140469087820835e-01,-2.838941239651514015e-01,4.692966944329385326e-01,2.353595999999999933e+01,0.000000000000000000e+00,1.199999999999999956e+00,1.199999999999999956e+00
2.442000000000000171e+01,4.248812902577160600e+00,-6.870407728257135638e+00,-1.536389647077697207e+00,8.726676819663942153e-01,-2.862348083820254740e-01,4.691130046594415015e-01,2.353595999999999933e+01,0.000000000000000000e+00,1.199999999999999956e+00,1.199999999999999956e+00
2.444000000000000128e+01,4.243750298365751128e+00,-6.888052604828759584e+00,-1.527009256685138983e+00,8.706787337136332461e-01,-2.886129278103207185e-01,4.689253967599871231e-01,2.353595999999999933e+01,0.000000000000000000e+00,1.199999999999999956e+00,1.199999999999999956e+00
2.446000000000000085e+01,4.238803564443304417e+00,-6.905706342205951920e+00,-1.517632656087913201e+00,8.686461921608340520e-01,-2.910288335333610088e-01,4.687340582045677051e-01,2.353595999999999933e+01,0.000000000000000000e+00,1.199999999999999956e+00,1.199999999999999956e+00
2.448000000000000043e+01,4.233971549654524935e+00,-6.923367467049776458e+00,-1.508259917858735921e+00,8.665690220073734018e-01,-2.934828627788588218e-01,4.685391964394065023e-01,2.353595999999999933e+01,0.000000000000000000e+00,1.199999999999999956e+00,1.199999999999999956e+00
2.450000000000000000e+01,4.229253068737351740e+00,-6.941034515277226369e+00,-1.498891110215797351e+00,8.644461619688754705e-01,-2.959753374561012729e-01,4.683410395857060537e-01,2.353595999999999933e+01,0.000000000000000000e+00,1.199999999999999956e+00,1.199999999999999956e+00
2.451999999999999957e+01,4.224646902464017195e+00,-6.958706032249125428e+00,-1.489526296602562860e+00,8.622765240872670711e-01,-2.985065628376851188e-01,4.681398371032641781e-01,2.353595999999999933e+01,0.000000000000000000e+00,1.199999999999999956e+00,1.199999999999999956e+00
2.453999999999999915e+01,4.220151797803517013e+00,-6.976380572936207614e+00,-1.480165535254710729e+00,8.600589930240623016e-01,-3.010768261848631999e-01,4.679358604117979104e-01,2.353595999999999933e+01,0.000000000000000000e+00,1.199999999999999956e+00,1.199999999999999956e+00
2.456000000000000227e+01,4.215766468105645259e+00,-6.994056702061831388e+00,-1.470808878755130999e+00,8.577924253374458186e-01,-3.036863953156184737e-01,4.677294034623793451e-01,2.353595999999999933e+01,0.000000000000000000e+00,1.199999999999999956e+00,1.199999999999999956e+00
2.458000000000000185e+01,4.211489593306674273e+00,-7.011732994219748605e+00,-1.461456373578059464e+00,8.554756487439444390e-01,-3.063355171146367462e-01,4.675207832509741812e-01,2.353595999999999933e+01,0.000000000000000000e+00,1.199999999999999956e+00,1.199999999999999956e+00
2.460000000000000142e+01,4.207319820156684820e+00,-7.029408033965348856e+00,-1.452108059623590686e+00,8.531074613657260164e-01,-3.090244159844015570e-01,4.673103402656875183e-01,2.353595999999999933e+01,0.000000000000000000e+00,1.199999999999999956e+00,1.199999999999999956e+00
2.462000000000000099e+01,4.203255762468468326e+00,-7.047080415878786752e+00,-1.442763969743981134e+00,8.506866309648493107e-01,-3.117532922366850201e-01,4.670984388589706215e-01,2.353595999999999933e+01,0.000000000000000000e+00,1.199999999999999956e+00,1.199999999999999956e+00
2.464000000000000057e+01,4.199296001387840427e+00,-7.064748744598394303e+00,-1.433424129263332958e+00,8.482118941661090927e-01,-3.145223204237562742e-01,4.668854675357376194e-01,2.353595999999999933e+01,0.000000000000000000e+00,1.199999999999999956e+00,1.199999999999999956e+00
2.466000000000000014e+01,4.195439085685116254e+00,-7.082411634822808999e+00,-1.424088555492435182e+00,8.456819556704834318e-01,-3.173316476086705529e-01,4.666718391480866868e-01,2.353595999999999933e+01,0.000000000000000000e+00,1.199999999999999956e+00,1.199999999999999956e+00
2.467999999999999972e+01,4.191683532067420614e+00,-7.100067711280248162e+00,-1.414757257240722543e+00,8.430954874615932404e-01,-3.201813915740400751e-01,4.664579909871307550e-01,2.353595999999999933e+01,0.000000000000000000e+00,1.199999999999999956e+00,1.199999999999999956e+00
2.469999999999999929e+01,4.188027825511396962e+00,-7.117715608663409022e+00,-1.405430234327506689e+00,8.404511280080346758e-01,-3.230716389687166568e-01,4.662443847623231608e-01,2.353595999999999933e+01,0.000000000000000000e+00,1.199999999999999956e+00,1.199999999999999956e+00
2.471999999999999886e+01,4.184470419615809789e+00,-7.135353971528505035e+00,-1.396107477094826299e+00,8.377474814649441548e-01,-3.260024433918402575e-01,4.660315064586253442e-01,2.353595999999999933e+01,0.000000000000000000e+00,1.199999999999999956e+00,1.199999999999999956e+00
2.474000000000000199e+01,4.181009736973437363e+00,-7.152981454157017360e+00,-1.386788965924455663e+00,8.349831168787071878e-01,-3.289738234137201678e-01,4.658198660619153886e-01,2.353595999999999933e+01,0.000000000000000000e+00,1.199999999999999956e+00,1.199999999999999956e+00
2.476000000000000156e+01,4.177644169561562038e+00,-7.170596720378791922e+00,-1.377474670761801523e+00,8.321565673993289725e-01,-3.319857605330222561e-01,4.656099971431881812e-01,2.353595999999999933e+01,0.000000000000000000e+00,1.199999999999999956e+00,1.199999999999999956e+00
2.478000000000000114e+01,4.174372079150295178e+00,-7.188198443355219069e+00,-1.368164550649604738e+00,8.292663295056468264e-01,-3.350381970697304257e-01,4.654024562923556596e-01,2.353595999999999933e+01,0.000000000000000000e+00,1.199999999999999956e+00,1.199999999999999956e+00
2.480000000000000071e+01,4.171191797727891171e+00,-7.205785305321309231e+00,-1.358858553274544079e+00,8.263108622492929545e-01,-3.381310339933387699e-01,4.651978223928308065e-01,2.353595999999999933e+01,0.000000000000000000e+00,1.199999999999999956e+00,1.199999999999999956e+00
2.482000000000000028e+01,4.168101627942138343e+00,-7.223355997285602292e+00,-1.349556614530009302e+00,8.232885865241013068e-01,-3.412641286857078793e-01,4.649966957285751046e-01,2.353595999999999933e+01,0.000000000000000000e+00,1.199999999999999956e+00,1.199999999999999956e+00
2.483999999999999986e+01,4.165099843556851589e+00,-7.240909218686981674e+00,-1.340258658098474553e+00,8.201978843685094889e-01,-3.444372926379904443e-01,4.647996969159125524e-01,2.353595999999999933e+01,0.000000000000000000e+00,1.199999999999999956e+00,1.199999999999999956e+00
2.485999999999999943e+01,4.162184689922454162e+00,-7.258443677007592854e+00,-1.330964595057045230e+00,8.170370983094273898e-01,-3.476502890809956559e-01,4.646074656531700153e-01,2.353595999999999933e+01,0.000000000000000000e+00,1.199999999999999956e+00,1.199999999999999956e+00
2.487999999999999901e+01,4.159354384459584608e+00,-7.275958087341252600e+00,-1.321674323509885340e+00,8.138045307570407338e-01,-3.509028305483228860e-01,4.644206592820922519e-01,2.353595999999999933e+01,0.000000000000000000e+00,1.199999999999999956e+00,1.199999999999999956e+00
2.490000000000000213e+01,4.156607117154664799e+00,-7.293451171916889741e+00,-1.312387728251341867e+00,8.104984434610812416e-01,-3.541945763715564355e-01,4.642399511560035275e-01,2.353595999999999933e+01,0.000000000000000000e+00,1.199999999999999956e+00,1.199999999999999956e+00
2.492000000000000171e+01,4.153941051066348145e+00,-7.310921659576779419e+00,-1.303104680463670784e+00,8.071170570402379507e-01,-3.575251301067758347e-01,4.640660288108434117e-01,2.353595999999999933e+01,0.000000000000000000e+00,1.199999999999999956e+00,1.199999999999999956e+00
2.494000000000000128e+01,4.151354322841795508e+00,-7.328368285209522881e+00,-1.293825037453336879e+00,8.036585505976004962e-01,-3.608940368916099262e-01,4.638995919364872211e-01,2.353595999999999933e+01,0.000000000000000000e+00,1.199999999999999956e+00,1.199999999999999956e+00
2.496000000000000085e+01,4.148845043241759178e+00,-7.345789789137985082e+00,-1.284548642429895304e+00,8.001210614363170048e-01,-3.643007807320478575e-01,4.637413501471659427e-01,2.353595999999999933e+01,0.000000000000000000e+00,1.199999999999999956e+00,1.199999999999999956e+00
2.498000000000000043e+01,4.146411297673530783e+00,-7.363184916462630625e+00,-1.275275324331471394e+00,7.965026848910227164e-01,-3.677447817182285528e-01,4.635920205513137105e-01,2.353595999999999933e+01,0.000000000000000000e+00,1.199999999999999956e+00,1.199999999999999956e+00
2.500000000000000000e+01,4.144051146730888924e+00,-7.380552416360976586e+00,-1.266004897700835352e+00,7.928014742920430624e-01,-3.712253931684656449e-01,4.634523251227867235e-01,2.353595999999999933e+01,0.000000000000000000e+00,1.199999999999999956e+00,1.199999999999999956e+00
2.501999999999999957e+01,4.141762626740319142e+00,-7.397891041344166752e+00,-1.256737162616009096e+00,7.890154410809039343e-01,-3.747418987008403479e-01,4.633229878770922516e-01,2.353595999999999933e+01,0.000000000000000000e+00,1.199999999999999956e+00,1.199999999999999956e+00
2.503999999999999915e+01,4.139543750312918213e+00,-7.415199546471980874e+00,-1.247471904679254839e+00,7.851425550972858103e-01,-3.782935092318168713e-01,4.632047318580324591e-01,2.353595999999999933e+01,0.000000000000000000e+00,1.199999999999999956e+00,1.199999999999999956e+00
2.506000000000000227e+01,4.137392506901596434e+00,-7.432476688527904329e+00,-1.238208895068168447e+00,7.811807450592412883e-01,-3.818793599015188889e-01,4.630982759419757788e-01,2.353595999999999933e+01,0.000000000000000000e+00,1.199999999999999956e+00,1.199999999999999956e+00
2.508000000000000185e+01,4.135306863363402030e+00,-7.449721225156229032e+00,-1.228947890652436037e+00,7.771278992602540514e-01,-3.854985069255593144e-01,4.630043314688053191e-01,2.353595999999999933e+01,0.000000000000000000e+00,1.199999999999999956e+00,1.199999999999999956e+00
2.510000000000000142e+01,4.133284764527062727e+00,-7.466931913963516187e+00,-1.219688634179616260e+00,7.729818665085459450e-01,-3.891499243736580849e-01,4.629235987104284300e-01,2.353595999999999933e+01,0.000000000000000000e+00,1.199999999999999956e+00,1.199999999999999956e+00
2.512000000000000099e+01,4.131324133766135276e+00,-7.484107511587118289e+00,-1.210430854533071976e+00,7.687404573359419846e-01,-3.928325008757222458e-01,4.628567631895457168e-01,2.353595999999999933e+01,0.000000000000000000e+00,1.199999999999999956e+00,1.199999999999999956e+00
2.514000000000000057e+01,4.129422873578501907e+00,-7.501246772733857426e+00,-1.201174267064904821e+00,7.644014455055681001e-01,-3.965450362566192433e-01,4.628044918631408766e-01,2.353595999999999933e+01,0.000000000000000000e+00,1.199999999999999956e+00,1.199999999999999956e+00
2.516000000000000014e+01,4.127578866173330141e+00,-7.518348449192353122e+00,-1.191918574006439524e+00,7.599625698496852433e-01,-4.002862381015614424e-01,4.627674291868436596e-01,2.353595999999999933e+01,0.000000000000000000e+00,1.199999999999999956e+00,1.199999999999999956e+00
2.517999999999999972e+01,4.125789974067046728e+00,-7.535411288822935205e+00,-1.182663464958464861e+00,7.554215364710457070e-01,-4.040547182548533400e-01,4.627461930779089294e-01,2.353595999999999933e+01,0.000000000000000000e+00,1.199999999999999956e+00,1.199999999999999956e+00
2.519999999999999929e+01,4.124054040690344536e+00,-7.552434034529495577e+00,-1.173408617463070458e+00,7.507760213432845831e-01,-4.078489892557491392e-01,4.627413707960250644e-01,2.353595999999999933e+01,0.000000000000000000e+00,1.199999999999999956e+00,1.199999999999999956e+00
2.521999999999999886e+01,4.122368891008772351e+00,-7.569415423218115002e+00,-1.164153697658518061e+00,7.460236733480241078e-01,-4.116674607163459676e-01,4.627535147624894929e-01,2.353595999999999933e+01,0.000000000000000000e+00,1.199999999999999956e+00,1.199999999999999956e+00
2.524000000000000199e+01,4.120732332160000233e+00,-7.586354184747756690e+00,-1.154898361018166231e+00,7.411621177885528988e-01,-4.155084356478067620e-01,4.627831383394521714e-01,2.353595999999999933e+01,0.000000000000000000e+00,1.199999999999999956e+00,1.199999999999999956e+00
2.526000000000000156e+01,4.119142154111488097e+00,-7.603249040878827358e+00,-1.145642253174021130e+00,7.361889604221359962e-01,-4.193701067427886842e-01,4.628307115919135795e-01,2.353595999999999933e+01,0.000000000000000000e+00,1.199999999999999956e+00,1.199999999999999956e+00
2.528000000000000114e+01,4.117596130342922045e+00,-7.620098704225895858e+00,-1.136385010825023745e+00,7.311017920551896587e-01,-4.232505526237562710e-01,4.628966570559572835e-01,2.353595999999999933e+01,0.000000000000000000e+00,1.199999999999999956e+00,1.199999999999999956e+00
2.530000000000000071e+01,4.116092018558494381e+00,-7.636901877221403012e+00,-1.127126262729710060e+00,7.258981937476954860e-01,-4.271477340688975555e-01,4.629813455372944198e-01,2.353595999999999933e+01,0.000000000000000000e+00,1.199999999999999956e+00,1.199999999999999956e+00
2.532000000000000028e+01,4.114627561434840430e+00,-7.653657251097731873e+00,-1.117865630782394426e+00,7.205757426753061079e-01,-4.310594902296473463e-01,4.630850919645935204e-01,2.353595999999999933e+01,0.000000000000000000e+00,1.199999999999999956e+00,1.199999999999999956e+00
2.533999999999999986e+01,4.113200487411241113e+00,-7.670363504895552964e+00,-1.108602731171530742e+00,7.151320186995648864e-01,-4.349835348563603210e-01,4.632081513222656710e-01,2.353595999999999933e+01,0.000000000000000000e+00,1.199999999999999956e+00,1.199999999999999956e+00
2.535999999999999943e+01,4.111808511529527976e+00,-7.687019304506955919e+00,-1.099337175618420037e+00,7.095646116984944962e-01,-4.389174525514739078e-01,4.633507146873763749e-01,2.353595999999999933e+01,0.000000000000000000e+00,1.199999999999999956e+00,1.199999999999999956e+00
2.537999999999999901e+01,4.110449336331980952e+00,-7.703623301762445585e+00,-1.090068572693932758e+00,7.038711297114439436e-01,-4.428586950725585947e-01,4.635129053951768663e-01,2.353595999999999933e+01,0.000000000000000000e+00,1.199999999999999956e+00,1.199999999999999956e+00
2.540000000000000213e+01,4.109120652826436348e+00,-7.720174133571485520e+00,-1.080796529210432455e+00,6.980492079534694749e-01,-4.468045777109674876e-01,4.636947753573963937e-01,2.353595999999999933e+01,0.000000000000000000e+00,1.199999999999999956e+00,1.199999999999999956e+00
2.542000000000000171e+01,4.107820141528738311e+00,-7.736670421126885522e+00,-1.071520651685609504e+00,6.920965187555878639e-01,-4.507522757753616993e-01,4.638963015569375625e-01,2.353595999999999933e+01,0.000000000000000000e+00,1.199999999999999956e+00,1.199999999999999956e+00
2.544000000000000128e+01,4.106545473593641304e+00,-7.753110769183942708e+00,-1.062240547874464092e+00,6.860107824879034810e-01,-4.546988212131907181e-01,4.641173827419840525e-01,2.353595999999999933e+01,0.000000000000000000e+00,1.199999999999999956e+00,1.199999999999999956e+00
2.546000000000000085e+01,4.105294312046253502e+00,-7.769493765425854015e+00,-1.052955828365226720e+00,6.797897795227805240e-01,-4.586410994072276370e-01,4.643578363417900645e-01,2.353595999999999933e+01,0.000000000000000000e+00,1.199999999999999956e+00,1.199999999999999956e+00
2.548000000000000043e+01,4.104064313127118169e+00,-7.785817979927543320e+00,-1.043666108234566625e+00,6.734313632948037975e-01,-4.625758461884751371e-01,4.646173956255938431e-01,2.353595999999999933e+01,0.000000000000000000e+00,1.199999999999999956e+00,1.199999999999999956e+00
2.550000000000000000e+01,4.102853127765048846e+00,-7.802081964730647634e+00,-1.034371008757019261e+00,6.669334745131255682e-01,-4.664996451111346754e-01,4.648957071252070583e-01,2.353595999999999933e+01,0.000000000000000000e+00,1.199999999999999956e+00,1.199999999999999956e+00
2.551999999999999957e+01,4.101658403192832480e+00,-7.818284253542979734e+00,-1.025070159163160355e+00,6.602941565797958434e-01,-4.704089250398304500e-01,4.651923283408982979e-01,2.353595999999999933e+01,0.000000000000000000e+00,1.199999999999999956e+00,1.199999999999999956e+00
2.553999999999999915e+01,4.100477784721939578e+00,-7.834423361576347666e+00,-1.015763198440673865e+00,6.535115722646733794e-01,-4.742999581038486179e-01,4.655067257492322419e-01,2.353595999999999933e+01,0.000000000000000000e+00,1.199999999999999956e+00,1.199999999999999956e+00
2.556000000000000227e+01,4.099308917693345933e+00,-7.850497785537116968e+00,-1.006449777172095050e+00,6.465840216833450560e-01,-4.781688580777349595e-01,4.658382731305588109e-01,2.353595999999999933e+01,0.000000000000000000e+00,1.199999999999999956e+00,1.199999999999999956e+00
2.558000000000000185e+01,4.098149449622524365e+00,-7.866506003784351719e+00,-9.971295594026673426e-01,6.395099616189634517e-01,-4.820115792521195708e-01,4.661862502328823488e-01,2.353595999999999933e+01,0.000000000000000000e+00,1.199999999999999956e+00,1.199999999999999956e+00
2.560000000000000142e+01,4.096997032557557539e+00,-7.882446476670748936e+00,-9.878022245314259653e-01,6.322880262218509850e-01,-4.858239158630233145e-01,4.665498417878838344e-01,2.353595999999999933e+01,0.000000000000000000e+00,1.199999999999999956e+00,1.199999999999999956e+00
2.562000000000000099e+01,4.095849325670124941e+00,-7.898317647081846360e+00,-9.784674692183157330e-01,6.249170491119082627e-01,-4.896015021520578880e-01,4.669281368939204868e-01,2.353595999999999933e+01,0.000000000000000000e+00,1.199999999999999956e+00,1.199999999999999956e+00
2.564000000000000057e+01,4.094703998099852527e+00,-7.914117941189164007e+00,-9.691250092998622279e-01,6.173960868980850059e-01,-4.933398131337524140e-01,4.673201287798827708e-01,2.353595999999999933e+01,0.000000000000000000e+00,1.199999999999999956e+00,1.199999999999999956e+00
2.566000000000000014e+01,4.093558732073096174e+00,-7.929845769432927405e+00,-9.597745817056496653e-01,6.097244441162034123e-01,-4.970341661496066599e-01,4.677247149628377954e-01,2.353595999999999933e+01,0.000000000000000000e+00,1.199999999999999956e+00,1.199999999999999956e+00
2.567999999999999972e+01,4.092411226317667072e+00,-7.945499527749871227e+00,-9.504159463676072894e-01,6.019016995710394502e-01,-5.006797232912587603e-01,4.681406978114180939e-01,2.353595999999999933e+01,0.000000000000000000e+00,1.199999999999999956e+00,1.199999999999999956e+00
2.569999999999999929e+01,4.091259199795254986e+00,-7.961077599061248122e+00,-9.410488881138788786e-01,5.939277340505552116e-01,-5.042714947772168887e-01,4.685667855259054715e-01,2.353595999999999933e+01,0.000000000000000000e+00,1.199999999999999956e+00,1.199999999999999956e+00
2.571999999999999886e+01,4.090100395773329289e+00,-7.976578355035558232e+00,-9.316732185388404419e-01,5.858027593593194693e-01,-5.078043433687894348e-01,4.690015935448934581e-01,2.353595999999999933e+01,0.000000000000000000e+00,1.199999999999999956e+00,1.199999999999999956e+00
2.574000000000000199e+01,4.088932586258028579e+00,-7.992000158139624055e+00,-9.222887778406455572e-01,5.775273485942863383e-01,-5.112729899109967890e-01,4.694436463872657117e-01,2.353595999999999933e+01,0.000000000000000000e+00,1.199999999999999956e+00,1.199999999999999956e+00
2.576000000000000156e+01,4.087753576808989209e+00,-8.007341363990439831e+00,-9.128954366175147106e-01,5.691024675590690141e-01,-5.146720200831845782e-01,4.698913799369839883e-01,2.353595999999999933e+01,0.000000000000000000e+00,1.199999999999999956e+00,1.199999999999999956e+00
2.578000000000000114e+01,4.086561211756106538e+00,-8.022600324018666740e+00,-9.034930976138485503e-01,5.605295071825536768e-01,-5.179958924416129262e-01,4.703431441768185506e-01,2.353595999999999933e+01,0.000000000000000000e+00,1.199999999999999956e+00,1.199999999999999956e+00
2.580000000000000071e+01,4.085353379836851317e+00,-8.037775388452708114e+00,-8.940816974071374990e-01,5.518103167741242876e-01,-5.212389478322924097e-01,4.707972063756665770e-01,2.353595999999999933e+01,0.000000000000000000e+00,1.199999999999999956e+00,1.199999999999999956e+00
2.582000000000000028e+01,4.084128020270917148e+00,-8.052864909629935397e+00,-8.846612080265631173e-01,5.429472379109593350e-01,-5.243954202465997971e-01,4.712517547324857059e-01,2.353595999999999933e+01,0.000000000000000000e+00,1.199999999999999956e+00,1.199999999999999956e+00
2.583999999999999986e+01,4.082883129286558166e+00,-8.067867245638803197e+00,-8.752316384941423166e-01,5.339431387129818241e-01,-5.274594491845753241e-01,4.717049024781221345e-01,2.353595999999999933e+01,0.000000000000000000e+00,1.199999999999999956e+00,1.199999999999999956e+00
2.585999999999999943e+01,4.081616767110000765e+00,-8.082780764292298414e+00,-8.657930362792600754e-01,5.248014482183790408e-01,-5.304250935811307688e-01,4.721546924344549589e-01,2.353595999999999933e+01,0.000000000000000000e+00,1.199999999999999956e+00,1.199999999999999956e+00
2.587999999999999901e+01,4.080327065425623623e+00,-8.097603847429351021e+00,-8.563454886574657365e-01,5.155261905275825285e-01,-5.332863473385549558e-01,4.725991020283320521e-01,2.353595999999999933e+01,0.000000000000000000e+00,1.199999999999999956e+00,1.199999999999999956e+00
2.590000000000000213e+01,4.079012235310248258e+00,-8.112334895536511326e+00,-8.468891239644792401e-01,5.061220183368249081e-01,-5.360371564946029288e-01,4.730360487557806470e-01,2.353595999999999933e+01,0.000000000000000000e+00,1.199999999999999956e+00,1.199999999999999956e+00
2.592000000000000171e+01,4.077670575639737116e+00,-8.126972332677361521e+00,-8.374241127364635551e-01,4.965942454346429225e-01,-5.386714380390383861e-01,4.734633960899808924e-01,2.353595999999999933e+01,0.000000000000000000e+00,1.199999999999999956e+00,1.199999999999999956e+00
2.594000000000000128e+01,4.076300481960154265e+00,-8.141514611711791360e+00,-8.279506687277691235e-01,4.869488776869785873e-01,-5.411831003727662903e-01,4.738789598245578549e-01,2.353595999999999933e+01,0.000000000000000000e+00,1.199999999999999956e+00,1.199999999999999956e+00
2.596000000000000085e+01,4.074900455808989186e+00,-8.155960219781475118e+00,-8.184690497975447565e-01,4.771926419900537342e-01,-5.435660653826953626e-01,4.742805148419341754e-01,2.353595999999999933e+01,0.000000000000000000e+00,1.199999999999999956e+00,1.199999999999999956e+00
2.598000000000000043e+01,4.073469114464341345e+00,-8.170307684031657303e+00,-8.089795586568285790e-01,4.673330126263851025e-01,-5.458142920823317867e-01,4.746658022948629374e-01,2.353595999999999933e+01,0.000000000000000000e+00,1.199999999999999956e+00,1.199999999999999956e+00
2.600000000000000000e+01,4.072005201091553950e+00,-8.184555577532833581e+00,-7.994825434679875276e-01,4.573782344198296101e-01,-5.479218017430269594e-01,4.750325371878885705e-01,2.353595999999999933e+01,0.000000000000000000e+00,1.199999999999999956e+00,1.199999999999999956e+00
2.601999999999999957e+01,4.070507595247579324e+00,-8.198702525359083282e+00,-7.899783982886475764e-01,4.473373420522543942e-01,-5.498827044140579545e-01,4.753784163444166877e-01,2.353595999999999933e+01,0.000000000000000000e+00,1.199999999999999956e+00,1.199999999999999956e+00
2.603999999999999915e+01,4.068975323693452495e+00,-8.212747210772944229e+00,-7.804675633525525180e-01,4.372201748793463350e-01,-5.516912267016845783e-01,4.757011267443454483e-01,2.353595999999999933e+01,0.000000000000000000e+00,1.199999999999999956e+00,1.199999999999999956e+00
2.606000000000000227e+01,4.067407571454734416e+00,-8.226688381459805299e+00,-7.709505251800946590e-01,4.270373865683722570e-01,-5.533417406484523182e-01,4.759983542168334525e-01,2.353595999999999933e+01,0.000000000000000000e+00,1.199999999999999956e+00,1.199999999999999956e+00
2.608000000000000185e+01,4.065803693058793300e+00,-8.240524855748159183e+00,-7.614278165115687669e-01,4.168004488785977957e-01,-5.548287935248417124e-01,4.762677924727257150e-01,2.353595999999999933e+01,0.000000000000000000e+00,1.199999999999999956e+00,1.199999999999999956e+00
2.610000000000000142e+01,4.064163223866524177e+00,-8.254255528745758852e+00,-7.519000160565099122e-01,4.065216489177812531e-01,-5.561471383165286220e-01,4.765071524613696541e-01,2.353595999999999933e+01,0.000000000000000000e+00,1.199999999999999956e+00,1.199999999999999956e+00
2.612000000000000099e+01,4.062485891404766569e+00,-8.267879378316100869e+00,-7.423677480527776096e-01,3.962140792377695231e-01,-5.572917646627112420e-01,4.767141720369149627e-01,2.353595999999999933e+01,0.000000000000000000e+00,1.199999999999999956e+00,1.199999999999999956e+00
2.614000000000000057e+01,4.060771626594553041e+00,-8.281395470814837623e+00,-7.328316816293414249e-01,3.858916201805984159e-01,-5.582579299749351742e-01,4.768866259195481683e-01,2.353595999999999933e+01,0.000000000000000000e+00,1.199999999999999956e+00,1.199999999999999956e+00
2.616000000000000014e+01,4.059020574759687250e+00,-8.294802966502018648e+00,-7.232925299670150965e-01,3.755689139551310340e-01,-5.590411904423963074e-01,4.770223359372620098e-01,2.353595999999999933e+01,0.000000000000000000e+00,1.199999999999999956e+00,1.199999999999999956e+00
2.617999999999999972e+01,4.057233106290377478e+00,-8.308101124543689764e+00,-7.137510492516725424e-01,3.652613300141524522e-01,-5.596374316096320856e-01,4.771191815334473452e-01,2.353595999999999933e+01,0.000000000000000000e+00,1.199999999999999956e+00,1.199999999999999956e+00
2.619999999999999929e+01,4.055409826828076270e+00,-8.321289307515527867e+00,-7.042080374147858812e-01,3.549849214133221076e-01,-5.600428981966137920e-01,4.771751105245512492e-01,2.353595999999999933e+01,0.000000000000000000e+00,1.199999999999999956e+00,1.199999999999999956e+00
2.621999999999999886e+01,4.053551586830715259e+00,-8.334366985322152033e+00,-6.946643326564567733e-01,3.447563719660459713e-01,-5.602542228202740393e-01,4.771881500899651796e-01,2.353595999999999933e+01,0.000000000000000000e+00,1.199999999999999956e+00,1.199999999999999956e+00
2.624000000000000199e+01,4.051659490372536254e+00,-8.347333738448600826e+00,-6.851208117465024117e-01,3.345929341608522289e-01,-5.602684532711117438e-01,4.771564179729049782e-01,2.353595999999999933e+01,0.000000000000000000e+00,1.199999999999999956e+00,1.199999999999999956e+00
2.626000000000000156e+01,4.049734903030125288e+00,-8.360189260465430650e+00,-6.755783880996275581e-01,3.245123579779511935e-01,-5.600830779992709285e-01,4.770781338660579629e-01,2.353595999999999933e+01,0.000000000000000000e+00,1.199999999999999956e+00,1.199999999999999956e+00
2.628000000000000114e+01,4.047779458706345146e+00,-8.372933359715938550e+00,-6.660380096213053269e-01,3.145328109260323024e-01,-5.596960494718042911e-01,4.769516309489978401e-01,2.353595999999999933e+01,0.000000000000000000e+00,1.199999999999999956e+00,1.199999999999999956e+00
2.630000000000000071e+01,4.045795065247025590e+00,-8.385565960123258833e+00,-6.565006563217298252e-01,3.046727898146855962e-01,-5.591058050769543986e-01,4.767753675356898313e-01,2.353595999999999933e+01,0.000000000000000000e+00,1.199999999999999956e+00,1.199999999999999956e+00
2.632000000000000028e+01,4.043783908711672481e+00,-8.398087101066334270e+00,-6.469673376961436739e-01,2.949510249768925729e-01,-5.583112852722641462e-01,4.765479387798294830e-01,2.353595999999999933e+01,0.000000000000000000e+00,1.199999999999999956e+00,1.199999999999999956e+00
2.633999999999999986e+01,4.041748456169292680e+00,-8.410496936287012559e+00,-6.374390898710048381e-01,2.853863778537632512e-01,-5.573119487010089745e-01,4.762680883734157766e-01,2.353595999999999933e+01,0.000000000000000000e+00,1.199999999999999956e+00,1.199999999999999956e+00
2.635999999999999943e+01,4.039691456903778288e+00,-8.422795731805329922e+00,-6.279169725168894933e-01,2.759977330434619236e-01,-5.561077840354538004e-01,4.759347201601553112e-01,2.353595999999999933e+01,0.000000000000000000e+00,1.199999999999999956e+00,1.199999999999999956e+00
2.637999999999999901e+01,4.037615941930019048e+00,-8.434983862836341828e+00,-6.184020655307393977e-01,2.668038860910882937e-01,-5.546993183451913723e-01,4.755469095704827343e-01,2.353595999999999933e+01,0.000000000000000000e+00,1.199999999999999956e+00,1.199999999999999956e+00
2.640000000000000213e+01,4.035525221741940172e+00,-8.447061809719007996e+00,-6.088954654920796239e-01,2.578234284491714989e-01,-5.530876218335281091e-01,4.751039147697869169e-01,2.353595999999999933e+01,0.000000000000000000e+00,1.199999999999999956e+00,1.199999999999999956e+00
2.642000000000000171e+01,4.033422882236555651e+00,-8.459030152885352649e+00,-5.993982819001507645e-01,2.490746311627404230e-01,-5.512743088335861907e-01,4.746051873966010137e-01,2.353595999999999933e+01,0.000000000000000000e+00,1.199999999999999956e+00,1.199999999999999956e+00
2.644000000000000128e+01,4.031312778783579631e+00,-8.470889566915840163e+00,-5.899116332015029718e-01,2.405753289227000047e-01,-5.492615350073755121e-01,4.740503827539038206e-01,2.353595999999999933e+01,0.000000000000000000e+00,1.199999999999999956e+00,1.199999999999999956e+00
2.646000000000000085e+01,4.029199028437472130e+00,-8.482640813744042774e+00,-5.804366426204554674e-01,2.323428061815838441e-01,-5.470519907443337493e-01,4.734393693052040275e-01,2.353595999999999933e+01,0.000000000000000000e+00,1.199999999999999956e+00,1.199999999999999956e+00
2.648000000000000043e+01,4.027086000317430248e+00,-8.494284735089816962e+00,-5.709744338078823755e-01,2.243936870331549316e-01,-5.446488908094629933e-01,4.727722373186428739e-01,2.353595999999999933e+01,0.000000000000000000e+00,1.199999999999999956e+00,1.199999999999999956e+00
2.650000000000000000e+01,4.024978304210018010e+00,-8.505822244214682470e+00,-5.615261263269737402e-01,2.167438305199158033e-01,-5.420559603439087937e-01,4.720493064978003583e-01,2.353595999999999933e+01,0.000000000000000000e+00,1.199999999999999956e+00,1.199999999999999956e+00
2.651999999999999957e+01,4.022880777478040848e+00,-8.517254317105630079e+00,-5.520928309978543336e-01,2.094082329503021978e-01,-5.392774173713711372e-01,4.712711324379431077e-01,2.353595999999999933e+01,0.000000000000000000e+00,1.199999999999999956e+00,1.199999999999999956e+00
2.653999999999999915e+01,4.020798470387140888e+00,-8.528581983203508798e+00,-5.426756451261258718e-01,2.024009386819809742e-01,-5.363179520109319087e-01,4.704385117516297621e-01,2.353595999999999933e+01,0.000000000000000000e+00,1.199999999999999956e+00,1.199999999999999956e+00
2.656000000000000227e+01,4.018736629987603060e+00,-8.539806315799447489e+00,-5.332756476434233894e-01,1.957349606628999428e-01,-5.331827026396706026e-01,4.695524857181867517e-01,2.353595999999999933e+01,0.000000000000000000e+00,1.199999999999999956e+00,1.199999999999999956e+00
2.658000000000000185e+01,4.016700682712282422e+00,-8.550928422226940384e+00,-5.238938941908340974e-01,1.894222118228705565e-01,-5.298772292859235122e-01,4.686143423275965780e-01,2.353595999999999933e+01,0.000000000000000000e+00,1.199999999999999956e+00,1.199999999999999956e+00
2.660000000000000142e+01,4.014696215871731866e+00,-8.561949433978366386e+00,-5.145314121784144712e-01,1.834734481822497820e-01,-5.264074845655087875e-01,4.676256166105323131e-01,2.353595999999999933e+01,0.000000000000000000e+00,1.199999999999999956e+00,1.199999999999999956e+00
2.662000000000000099e+01,4.012728958243964250e+00,-8.572870496872763368e+00,-5.051891958559531215e-01,1.778982242985478468e-01,-5.227797824981813557e-01,4.665880891720723400e-01,2.353595999999999933e+01,0.000000000000000000e+00,1.199999999999999956e+00,1.199999999999999956e+00
2.664000000000000057e+01,4.010804759968404909e+00,-8.583692761396708448e+00,-4.958682014314895192e-01,1.727048614150200057e-01,-5.190007655597007608e-01,4.655037828762282337e-01,2.353595999999999933e+01,0.000000000000000000e+00,1.199999999999999956e+00,1.199999999999999956e+00
2.666000000000000014e+01,4.008929571961248328e+00,-8.594417373332523979e+00,-4.865693422748321173e-01,1.679004284162288196e-01,-5.150773703360942424e-01,4.643749576607884011e-01,2.353595999999999933e+01,0.000000000000000000e+00,1.199999999999999956e+00,1.199999999999999956e+00
2.667999999999999972e+01,4.007109425072442832e+00,-8.605045464777901998e+00,-4.772934842433944058e-01,1.634907354427152515e-01,-5.110167921510956335e-01,4.632041034959492598e-01,2.353595999999999933e+01,0.000000000000000000e+00,1.199999999999999956e+00,1.199999999999999956e+00
2.669999999999999929e+01,4.005350409203016326e+00,-8.615578145648980168e+00,-4.680414411670529296e-01,1.594803397781997811e-01,-5.068264490356136909e-01,4.619939315345040765e-01,2.353595999999999933e+01,0.000000000000000000e+00,1.199999999999999956e+00,1.199999999999999956e+00
2.671999999999999886e+01,4.003658652595555978e+00,-8.626016495745208346e+00,-4.588139705274394409e-01,1.558725634050968367e-01,-5.025139453998866967e-01,4.607473635347216767e-01,2.353595999999999933e+01,0.000000000000000000e+00,1.199999999999999956e+00,1.199999999999999956e+00
2.674000000000000199e+01,4.002040301500732866e+00,-8.636361557439599324e+00,-4.496117693651409120e-01,1.526695214332675632e-01,-4.980870357552785732e-01,4.594675196682518337e-01,2.353595999999999933e+01,0.000000000000000000e+00,1.199999999999999956e+00,1.199999999999999956e+00
2.676000000000000156e+01,4.000501500409256117e+00,-8.646614329042639824e+00,-4.404354704457474345e-01,1.498721604471346946e-01,-4.935535888141408534e-01,4.581577048533610474e-01,2.353595999999999933e+01,0.000000000000000000e+00,1.199999999999999956e+00,1.199999999999999956e+00
2.678000000000000114e+01,3.999048373022046299e+00,-8.656775758872655047e+00,-4.312856387126366431e-01,1.474803056902940224e-01,-4.889215522735456676e-01,4.568213937776162692e-01,2.353595999999999933e+01,0.000000000000000000e+00,1.199999999999999956e+00,1.199999999999999956e+00
2.680000000000000071e+01,3.997687004112414844e+00,-8.666846740050322850e+00,-4.221627680509024150e-01,1.454927159158173611e-01,-4.841989185627594283e-01,4.554622147931061127e-01,2.353595999999999933e+01,0.000000000000000000e+00,1.199999999999999956e+00,1.199999999999999956e+00
2.682000000000000028e+01,3.996423422413137416e+00,-8.676828106020622045e+00,-4.130672783830273698e-01,1.439071446743586391e-01,-4.793936918058671059e-01,4.540839328809650466e-01,2.353595999999999933e+01,0.000000000000000000e+00,1.199999999999999956e+00,1.199999999999999956e+00
2.683999999999999986e+01,3.995263584639261900e+00,-8.686720626792197919e+00,-4.039995131128734096e-01,1.427204067894709549e-01,-4.745138562207427135e-01,4.526904318901399660e-01,2.353595999999999933e+01,0.000000000000000000e+00,1.199999999999999956e+00,1.199999999999999956e+00
2.685999999999999943e+01,3.994213360734834239e+00,-8.696525005872143055e+00,-3.949597369304276850e-01,1.419284487776687476e-01,-4.695673461443301000e-01,4.512856962580363285e-01,2.353595999999999933e+01,0.000000000000000000e+00,1.199999999999999956e+00,1.199999999999999956e+00
2.687999999999999901e+01,3.993278520409086596e+00,-8.706241877863734047e+00,-3.859481339856078441e-01,1.415264220063369993e-01,-4.645620178426309588e-01,4.498737924181512859e-01,2.353595999999999933e+01,0.000000000000000000e+00,1.199999999999999956e+00,1.199999999999999956e+00
2.690000000000000213e+01,3.992464721005502426e+00,-8.715871806685928647e+00,-3.769648064353917083e-01,1.415087574416215022e-01,-4.595056232325140932e-01,4.484588500924663879e-01,2.353595999999999933e+01,0.000000000000000000e+00,1.199999999999999956e+00,1.199999999999999956e+00
2.692000000000000171e+01,3.991777496726041541e+00,-8.725415284366373925e+00,-3.680097733646917613e-01,1.418692409166109336e-01,-4.544057856120009564e-01,4.470450436548050188e-01,2.353595999999999933e+01,0.000000000000000000e+00,1.199999999999999956e+00,1.199999999999999956e+00
2.694000000000000128e+01,3.991222249213019158e+00,-8.734872730354373616e+00,-3.590829700778154221e-01,1.426010879430085476e-01,-4.492699774665123713e-01,4.456365737362371626e-01,2.353595999999999933e+01,0.000000000000000000e+00,1.199999999999999956e+00,1.199999999999999956e+00
2.696000000000000085e+01,3.990804239473010551e+00,-8.744244491296647936e+00,-3.501842477541068921e-01,1.436970171927433593e-01,-4.441055003910585608e-01,4.442376492256693288e-01,2.353595999999999933e+01,0.000000000000000000e+00,1.199999999999999956e+00,1.199999999999999956e+00
2.698000000000000043e+01,3.990528581110909467e+00,-8.753530841216676350e+00,-3.413133734584998802e-01,1.451493218854885414e-01,-4.389194671428195971e-01,4.428524697987541447e-01,2.353595999999999933e+01,0.000000000000000000e+00,1.199999999999999956e+00,1.199999999999999956e+00
2.700000000000000000e+01,3.990400234828031412e+00,-8.762731982037827549e+00,-3.324700304952600272e-01,1.469499384301215794e-01,-4.337187858152203868e-01,4.414852090869392787e-01,2.353595999999999933e+01,0.000000000000000000e+00,1.199999999999999956e+00,1.199999999999999956e+00
2.701999999999999957e+01,3.990424004126012392e+00,-8.771848044391163057e+00,-3.236538190911777968e-01,1.490905117795195134e-01,-4.285101461035985548e-01,4.401399985765627187e-01,2.353595999999999933e+01,0.000000000000000000e+00,1.199999999999999956e+00,1.199999999999999956e+00
2.703999999999999915e+01,3.990604532148199546e+00,-8.780879088650637598e+00,-3.148642573928939759e-01,1.515624570659950543e-01,-4.233000076139843415e-01,4.388209123060329842e-01,2.353595999999999933e+01,0.000000000000000000e+00,1.199999999999999956e+00,1.199999999999999956e+00
2.706000000000000227e+01,3.990946299582223578e+00,-8.789825106141156752e+00,-3.061007827618935084e-01,1.543570171869387275e-01,-4.180945901503796414e-01,4.375319524078852274e-01,2.353595999999999933e+01,0.000000000000000000e+00,1.199999999999999956e+00,1.199999999999999956e+00
2.708000000000000185e+01,3.991453623541388218e+00,-8.798686020468467817e+00,-2.973627533499701991e-01,1.574653161051575434e-01,-4.128998659022156681e-01,4.362770355223600793e-01,2.353595999999999933e+01,0.000000000000000000e+00,1.199999999999999956e+00,1.199999999999999956e+00
2.710000000000000142e+01,3.992130657338271327e+00,-8.807461688923945431e+00,-2.886494499376227596e-01,1.608784077148057712e-01,-4.077215534423153098e-01,4.350599800905021741e-01,2.353595999999999933e+01,0.000000000000000000e+00,1.199999999999999956e+00,1.199999999999999956e+00
2.712000000000000099e+01,3.992981391061379615e+00,-8.816151903921838340e+00,-2.799600780178526094e-01,1.645873202009503489e-01,-4.025651134365837436e-01,4.338844945179325951e-01,2.353595999999999933e+01,0.000000000000000000e+00,1.199999999999999956e+00,1.199999999999999956e+00
2.714000000000000057e+01,3.994009652864621618e+00,-8.824756394431314988e+00,-2.712937701081646891e-01,1.685830958883598740e-01,-3.974357459596676856e-01,4.327541661856247335e-01,2.353595999999999933e+01,0.000000000000000000e+00,1.199999999999999956e+00,1.199999999999999956e+00
2.716000000000000014e+01,3.995219110879628222e+00,-8.833274827370550142e+00,-2.626495882741739507e-01,1.728568266330391956e-01,-3.923383893058061123e-01,4.316724512713594475e-01,2.353595999999999933e+01,0.000000000000000000e+00,1.199999999999999956e+00,1.199999999999999956e+00
2.717999999999999972e+01,3.996613275662329823e+00,-8.841706808935027695e+00,-2.540265268490569106e-01,1.773996848586127661e-01,-3.872777201808791370e-01,4.306426653351214107e-01,2.353595999999999933e+01,0.000000000000000000e+00,1.199999999999999956e+00,1.199999999999999956e+00
2.719999999999999929e+01,3.998195503087553337e+00,-8.850051885837082466e+00,-2.454235153341056686e-01,1.822029503793570759e-01,-3.822581551600663374e-01,4.296679746135478872e-01,2.353595999999999933e+01,0.000000000000000000e+00,1.199999999999999956e+00,1.199999999999999956e+00
2.721999999999999886e+01,3.999968997608525090e+00,-8.858309546438384530e+00,-2.368394214668040343e-01,1.872580331831233957e-01,-3.772838532953761703e-01,4.287513879626209667e-01,2.353595999999999933e+01,0.000000000000000000e+00,1.199999999999999956e+00,1.199999999999999956e+00
2.724000000000000199e+01,4.001936815801931502e+00,-8.866479221761576213e+00,-2.282730544441017584e-01,1.925564923713039001e-01,-3.723587197584204422e-01,4.278957493840421789e-01,2.353595999999999933e+01,0.000000000000000000e+00,1.199999999999999956e+00,1.199999999999999956e+00
2.726000000000000156e+01,4.004101870123403017e+00,-8.874560286371465878e+00,-2.197231682898748151e-01,1.980900514701708359e-01,-3.674864104060084902e-01,4.271037310690458111e-01,2.353595999999999933e+01,0.000000000000000000e+00,1.199999999999999956e+00,1.199999999999999956e+00
2.728000000000000114e+01,4.006466932802874581e+00,-8.882552059120122578e+00,-2.111884653568844861e-01,2.038506103391773405e-01,-3.626703371592534531e-01,4.263778268936850857e-01,2.353595999999999933e+01,0.000000000000000000e+00,1.199999999999999956e+00,1.199999999999999956e+00
2.730000000000000071e+01,4.009034639814061940e+00,-8.890453803753830542e+00,-2.026675999548496754e-01,2.098302539079625051e-01,-3.579136740907585268e-01,4.257203463017315004e-01,2.353595999999999933e+01,0.000000000000000000e+00,1.199999999999999956e+00,1.199999999999999956e+00
2.732000000000000028e+01,4.011807494857215772e+00,-8.898264729383155824e+00,-1.941591820974885030e-01,2.160212579756440598e-01,-3.532193641189338429e-01,4.251334085151302067e-01,2.353595999999999933e+01,0.000000000000000000e+00,1.199999999999999956e+00,1.199999999999999956e+00
2.733999999999999986e+01,4.014787873299278331e+00,-8.905983990820367069e+00,-1.856617813625351943e-01,2.224160923042533267e-01,-3.485901262134459277e-01,4.246189370173114597e-01,2.353595999999999933e+01,0.000000000000000000e+00,1.199999999999999956e+00,1.199999999999999956e+00
2.735999999999999943e+01,4.017978026020480264e+00,-8.913610688791111514e+00,-1.771739308597671536e-01,2.290074212335634352e-01,-3.440284630210959649e-01,4.241786542614336408e-01,2.353595999999999933e+01,0.000000000000000000e+00,1.199999999999999956e+00,1.199999999999999956e+00
2.737999999999999901e+01,4.021380083121259830e+00,-8.921143870029631273e+00,-1.686941313029565737e-01,2.357881020377133874e-01,-3.395366688269496058e-01,4.238140765636803087e-01,2.353595999999999933e+01,0.000000000000000000e+00,1.199999999999999956e+00,1.199999999999999956e+00
2.740000000000000213e+01,4.024996057448075426e+00,-8.928582527268892122e+00,-1.602208551823690597e-01,2.427511812355079013e-01,-3.351168377711967739e-01,4.235265091509203272e-01,2.353595999999999933e+01,0.000000000000000000e+00,1.199999999999999956e+00,1.199999999999999956e+00
2.742000000000000171e+01,4.028827847901220061e+00,-8.935925599138831998e+00,-1.517525510349445328e-01,2.498898890565761921e-01,-3.307708722479227315e-01,4.233170413422179257e-01,2.353595999999999933e+01,0.000000000000000000e+00,1.199999999999999956e+00,1.199999999999999956e+00
2.744000000000000128e+01,4.032877242492080683e+00,-8.943171969987519176e+00,-1.432876478095978512e-01,2.571976322551448590e-01,-3.265004914176450890e-01,4.231865418547126056e-01,2.353595999999999933e+01,0.000000000000000000e+00,1.199999999999999956e+00,1.199999999999999956e+00
2.746000000000000085e+01,4.037145921121435777e+00,-8.950320469641399157e+00,-1.348245593251488350e-01,2.646679854523996123e-01,-3.223072397710545212e-01,4.231356542361254247e-01,2.353595999999999933e+01,0.000000000000000000e+00,1.199999999999999956e+00,1.199999999999999956e+00
2.748000000000000043e+01,4.041635458054303243e+00,-8.957369873121955095e+00,-1.263616888182249876e-01,2.722946811776053022e-01,-3.181924956868430465e-01,4.231647924384375758e-01,2.353595999999999933e+01,0.000000000000000000e+00,1.199999999999999956e+00,1.199999999999999956e+00
2.750000000000000000e+01,4.046347324070597828e+00,-8.964318900337124418e+00,-1.178974335780625660e-01,2.800715987675944652e-01,-3.141574799317680133e-01,4.232741365599635985e-01,2.353595999999999933e+01,0.000000000000000000e+00,1.199999999999999956e+00,1.199999999999999956e+00
2.751999999999999957e+01,4.051282888274364780e+00,-8.971166215766624319e+00,-1.094301896644585964e-01,2.879927522741568269e-01,-3.102032640561612764e-01,4.234636287959289147e-01,2.353595999999999933e+01,0.000000000000000000e+00,1.199999999999999956e+00,1.199999999999999956e+00
2.753999999999999915e+01,4.056443419547729690e+00,-8.977910428161008483e+00,-1.009583567041951319e-01,2.960522775194484035e-01,-3.063307786429251278e-01,4.237329696505668375e-01,2.353595999999999933e+01,0.000000000000000000e+00,1.199999999999999956e+00,1.199999999999999956e+00
2.756000000000000227e+01,4.061830087638854891e+00,-8.984550090274863621e+00,-9.248034276006900090e-02,3.042444184309494593e-01,-3.025408213726529794e-01,4.240816144764625317e-01,2.353595999999999933e+01,0.000000000000000000e+00,1.199999999999999956e+00,1.199999999999999956e+00
2.758000000000000185e+01,4.067443963876242741e+00,-8.991083698654914969e+00,-8.399456926522202993e-02,3.125635127798545021e-01,-2.988340648718680326e-01,4.245087704191599087e-01,2.353595999999999933e+01,0.000000000000000000e+00,1.199999999999999956e+00,1.199999999999999956e+00
2.760000000000000142e+01,4.073286021504610055e+00,-8.997509693504152750e+00,-7.549947601378886874e-02,3.210039774401713952e-01,-2.952110643154906011e-01,4.250133938566605929e-01,2.353595999999999933e+01,0.000000000000000000e+00,1.199999999999999956e+00,1.199999999999999956e+00
2.762000000000000099e+01,4.079357135640361065e+00,-9.003826458643267472e+00,-6.699352619697845901e-02,3.295602932803143315e-01,-2.916722647585325290e-01,4.255941884341085113e-01,2.353595999999999933e+01,0.000000000000000000e+00,1.199999999999999956e+00,1.199999999999999956e+00
2.764000000000000057e+01,4.085658082847379191e+00,-9.010032321590729865e+00,-5.847521147160281846e-02,3.382269897946426074e-01,-2.882180081756891554e-01,4.262496038033795620e-01,2.353595999999999933e+01,0.000000000000000000e+00,1.199999999999999956e+00,1.199999999999999956e+00
2.766000000000000014e+01,4.092189540336530484e+00,-9.016125553782849522e+00,-4.994305704579081462e-02,3.469986295792551467e-01,-2.848485401909718884e-01,4.269778351851730713e-01,2.353595999999999933e+01,0.000000000000000000e+00,1.199999999999999956e+00,1.199999999999999956e+00
2.767999999999999972e+01,4.098952084794862394e+00,-9.022104370954941999e+00,-4.139562676420904114e-02,3.558697927544077211e-01,-2.815640164828174807e-01,4.277768238772148290e-01,2.353595999999999933e+01,0.000000000000000000e+00,1.199999999999999956e+00,1.199999999999999956e+00
2.769999999999999929e+01,4.105946190853092759e+00,-9.027966933704490771e+00,-3.283152817259762934e-02,3.648350614351611454e-01,-2.783645088532428757e-01,4.286442588360048767e-01,2.353595999999999933e+01,0.000000000000000000e+00,1.199999999999999956e+00,1.199999999999999956e+00
2.771999999999999886e+01,4.113172229202582741e+00,-9.033711348256717955e+00,-2.424941753886262347e-02,3.738890043522649087e-01,-2.752500109526120342e-01,4.295775794608577836e-01,2.353595999999999933e+01,0.000000000000000000e+00,1.199999999999999956e+00,1.199999999999999956e+00
2.774000000000000199e+01,4.120630464375617308e+00,-9.039335667452460754e+00,-1.564800480540157537e-02,3.830261617267675112e-01,-2.722204436544616302e-01,4.305739797074850661e-01,2.353595999999999933e+01,0.000000000000000000e+00,1.199999999999999956e+00,1.199999999999999956e+00
2.776000000000000156e+01,4.128321052205489394e+00,-9.044837891977477895e+00,-7.026058444834542421e-03,3.922410305043451118e-01,-2.692756600776159415e-01,4.316304136537784109e-01,2.353595999999999933e+01,0.000000000000000000e+00,1.199999999999999956e+00,1.199999999999999956e+00
2.778000000000000114e+01,4.136244036985602612e+00,-9.050215971851443442e+00,1.617589811066921096e-03,4.015280500587345980e-01,-2.664154502555275972e-01,4.327436026325294227e-01,2.353595999999999933e+01,0.000000000000000000e+00,1.199999999999999956e+00,1.199999999999999956e+00
2.780000000000000071e+01,4.144399348349585566e+00,-9.055467808193757406e+00,1.028404040164652804e-02,4.108815884778050931e-01,-2.636395454554197881e-01,4.339100440343789944e-01,2.353595999999999933e+01,0.000000000000000000e+00,1.199999999999999956e+00,1.199999999999999956e+00
2.782000000000000028e+01,4.152786797897275228e+00,-9.060591255282055556e+00,1.897432156114071261e-02,4.202959295505205861e-01,-2.609476221523915895e-01,4.351260218692131199e-01,2.353595999999999933e+01,0.000000000000000000e+00,1.199999999999999956e+00,1.199999999999999956e+00
2.783999999999999986e+01,4.161406075594320519e+00,-9.065584122917728749e+00,2.768938517186466525e-02,4.297652605781164259e-01,-2.583393056661804077e-01,4.363876191554729722e-01,2.353595999999999933e+01,0.000000000000000000e+00,1.199999999999999956e+00,1.199999999999999956e+00
2.785999999999999943e+01,4.170256745976139712e+00,-9.070444179111056826e+00,3.643010288387654727e-02,4.392836611379800082e-01,-2.558141734707577442e-01,4.376907321844906162e-01,2.353595999999999933e+01,0.000000000000000000e+00,1.199999999999999956e+00,1.199999999999999956e+00
2.787999999999999901e+01,4.179338244189969132e+00,-9.075169153096544150e+00,4.519726253887926259e-02,4.488450929336874617e-01,-2.533717581893563664e-01,4.390310866811656387e-01,2.353595999999999933e+01,0.000000000000000000e+00,1.199999999999999956e+00,1.199999999999999956e+00
2.790000000000000213e+01,4.188649871911761302e+00,-9.079756738686777240e+00,5.399156493626092873e-02,4.584433908690714321e-01,-2.510115502898770945e-01,4.404042558533510787e-01,2.353595999999999933e+01,0.000000000000000000e+00,1.199999999999999956e+00,1.199999999999999956e+00
2.792000000000000171e+01,4.198190793177731805e+00,-9.084204597970629180e+00,6.281362097870996086e-02,4.680722554877020936e-01,-2.487330004978784981e-01,4.418056802906297209e-01,2.353595999999999933e+01,0.000000000000000000e+00,1.199999999999999956e+00,1.199999999999999956e+00
2.794000000000000128e+01,4.207960030173301114e+00,-9.088510365358823506e+00,7.166394923371832704e-02,4.777252469213539854e-01,-2.465355219464926140e-01,4.432306896392655959e-01,2.353595999999999933e+01,0.000000000000000000e+00,1.199999999999999956e+00,1.199999999999999956e+00
2.796000000000000085e+01,4.217956459025067772e+00,-9.092671651976804270e+00,8.054297394546994227e-02,4.873957804914738623e-01,-2.444184920845966502e-01,4.446745259446694964e-01,2.353595999999999933e+01,0.000000000000000000e+00,1.199999999999999956e+00,1.199999999999999956e+00
2.798000000000000043e+01,4.228178805644168037e+00,-9.096686050401578072e+00,8.945102352907606524e-02,4.970771241059243062e-01,-2.423812543663743380e-01,4.461323685164805819e-01,2.353595999999999933e+01,0.000000000000000000e+00,1.199999999999999956e+00,1.199999999999999956e+00
2.800000000000000000e+01,4.238625641671900368e+00,-9.100551139735591377e+00,9.838832957585920413e-02,5.067623975889163912e-01,-2.404231197469794967e-01,4.475993601352030171e-01,2.353595999999999933e+01,0.000000000000000000e+00,1.199999999999999956e+00,1.199999999999999956e+00
2.801999999999999957e+01,4.249295380580706549e+00,-9.104264491006953008e+00,1.073550263944116068e-01,5.164445740746458346e-01,-2.385433680103283549e-01,4.490706343841773807e-01,2.353595999999999933e+01,0.000000000000000000e+00,1.199999999999999956e+00,1.199999999999999956e+00
2.803999999999999915e+01,4.260186273985489436e+00,-9.107823672881318444e+00,1.163511511074943883e-01,5.261164835843331611e-01,-2.367412489560577482e-01,4.505413438574951135e-01,2.353595999999999933e+01,0.000000000000000000e+00,1.199999999999999956e+00,1.199999999999999956e+00
2.806000000000000227e+01,4.271296408221666674e+00,-9.111226257666652728e+00,1.253766443195475366e-01,5.357708188918234304e-01,-2.350159834733523412e-01,4.520066889642768704e-01,2.353595999999999933e+01,0.000000000000000000e+00,1.199999999999999956e+00,1.199999999999999956e+00
2.808000000000000185e+01,4.282623701247262105e+00,-9.114469827587843298e+00,1.344313513637200863e-01,5.454001437643900552e-01,-2.333667645296343407e-01,4.534619470235146110e-01,2.353595999999999933e+01,0.000000000000000000e+00,1.199999999999999956e+00,1.199999999999999956e+00
2.810000000000000142e+01,4.294165899926647434e+00,-9.117551981303888553e+00,1.435150241309916253e-01,5.549969036427830904e-01,-2.317927581019930128e-01,4.549025013223459424e-01,2.353595999999999933e+01,0.000000000000000000e+00,1.199999999999999956e+00,1.199999999999999956e+00
2.812000000000000099e+01,4.305920577753141743e+00,-9.120470340636115836e+00,1.526273234772468901e-01,5.645534387978654589e-01,-2.302931040786908301e-01,4.563238697950252054e-01,2.353595999999999933e+01,0.000000000000000000e+00,1.199999999999999956e+00,1.199999999999999956e+00
2.814000000000000057e+01,4.317885133066534209e+00,-9.123222557471780902e+00,1.617678221972085051e-01,5.740619999705381948e-01,-2.288669171571051653e-01,4.577217329706844695e-01,2.353595999999999933e+01,0.000000000000000000e+00,1.199999999999999956e+00,1.199999999999999956e+00
2.816000000000000014e+01,4.330056787819606789e+00,-9.125806320803402372e+00,1.709360085470600088e-01,5.835147664673731027e-01,-2.275132877630520745e-01,4.590919608357893478e-01,2.353595999999999933e+01,0.000000000000000000e+00,1.199999999999999956e+00,1.199999999999999956e+00
2.817999999999999972e+01,4.342432586944878103e+00,-9.128219363860518243e+00,1.801312902905489177e-01,5.929038666469315100e-01,-2.262312830146022413e-01,4.604306382623465366e-01,2.353595999999999933e+01,0.000000000000000000e+00,1.199999999999999956e+00,1.199999999999999956e+00
2.819999999999999929e+01,4.355009398369010576e+00,-9.130459471287190709e+00,1.893529992364948455e-01,6.022214006917970819e-01,-2.250199477512638269e-01,4.617340886655690313e-01,2.353595999999999933e+01,0.000000000000000000e+00,1.199999999999999956e+00,1.199999999999999956e+00
2.821999999999999886e+01,4.367783913717620869e+00,-9.132524486315732659e+00,1.986003962290899261e-01,6.114594655197104212e-01,-2.238783056468107158e-01,4.629988955747749713e-01,2.353595999999999933e+01,0.000000000000000000e+00,1.199999999999999956e+00,1.199999999999999956e+00
2.824000000000000199e+01,4.380752649747606142e+00,-9.134412317884750721e+00,2.078726765463149717e-01,6.206101816448313935e-01,-2.228053604211245875e-01,4.642219218284944771e-01,2.353595999999999933e+01,0.000000000000000000e+00,1.199999999999999956e+00,1.199999999999999956e+00
2.826000000000000156e+01,4.393911950537594535e+00,-9.136120947647885515e+00,2.171689756563420781e-01,6.296657217581657084e-01,-2.218000971632558271e-01,4.654003261385606383e-01,2.353595999999999933e+01,0.000000000000000000e+00,1.199999999999999956e+00,1.199999999999999956e+00
2.828000000000000114e+01,4.407257990459762631e+00,-9.137648436818599507e+00,2.264883752770770198e-01,6.386183407557701752e-01,-2.208614837745587201e-01,4.665315768076367386e-01,2.353595999999999933e+01,0.000000000000000000e+00,1.199999999999999956e+00,1.199999999999999956e+00
2.830000000000000071e+01,4.420786777948209512e+00,-9.138992932796098145e+00,2.358299096801233230e-01,6.474604069057351419e-01,-2.199884725372953931e-01,4.676134624292614395e-01,2.353595999999999933e+01,0.000000000000000000e+00,1.199999999999999956e+00,1.199999999999999956e+00
2.832000000000000028e+01,4.434494160070348912e+00,-9.140152675517985159e+00,2.451925721775106981e-01,6.561844338113872466e-01,-2.191800018106098147e-01,4.686440994479999511e-01,2.353595999999999933e+01,0.000000000000000000e+00,1.199999999999999956e+00,1.199999999999999956e+00
2.833999999999999986e+01,4.448375827898580326e+00,-9.141126003486654383e+00,2.545753217275907310e-01,6.647831127998544698e-01,-2.184349978523268676e-01,4.696219365084710606e-01,2.353595999999999933e+01,0.000000000000000000e+00,1.199999999999999956e+00,1.199999999999999956e+00
2.835999999999999943e+01,4.462427322670001750e+00,-9.141911359418640970e+00,2.639770895956028429e-01,6.732493453432054631e-01,-2.177523767617121908e-01,4.705457555745946596e-01,2.353595999999999933e+01,0.000000000000000000e+00,1.199999999999999956e+00,1.199999999999999956e+00
2.837999999999999901e+01,4.476644042712223381e+00,-9.142507295469219031e+00,2.733967860045675158e-01,6.815762751047503842e-01,-2.171310465352098984e-01,4.714146698530554125e-01,2.353595999999999933e+01,0.000000000000000000e+00,1.199999999999999956e+00,1.199999999999999956e+00
2.840000000000000213e+01,4.491021251103743950e+00,-9.142912477988442532e+00,2.828333067133616541e-01,6.897573191965349348e-01,-2.165699092243262847e-01,4.722281186063925218e-01,2.353595999999999933e+01,0.000000000000000000e+00,1.199999999999999956e+00,1.199999999999999956e+00
2.842000000000000171e+01,4.505554084027962425e+00,-9.143125691769437680e+00,2.922855394610323621e-01,6.977861982360739068e-01,-2.160678631823063078e-01,4.729858589900449717e-01,2.353595999999999933e+01,0.000000000000000000e+00,1.199999999999999956e+00,1.199999999999999956e+00
2.844000000000000128e+01,4.520237559770967195e+00,-9.143145843755112523e+00,3.017523702195528679e-01,7.056569648011931095e-01,-2.156238053841062208e-01,4.736879550929433691e-01,2.353595999999999933e+01,0.000000000000000000e+00,1.199999999999999956e+00,1.199999999999999956e+00
2.846000000000000085e+01,4.535066588304954571e+00,-9.142971966175336362e+00,3.112326892012297064e-01,7.133640299014271102e-01,-2.152366338024341574e-01,4.743347644018106046e-01,2.353595999999999933e+01,0.000000000000000000e+00,1.199999999999999956e+00,1.199999999999999956e+00
2.848000000000000043e+01,4.550035981391681084e+00,-9.142603219093077271e+00,3.207253965717334898e-01,7.209021871123963976e-01,-2.149052498213368245e-01,4.749269219443431056e-01,2.353595999999999933e+01,0.000000000000000000e+00,1.199999999999999956e+00,1.199999999999999956e+00
2.850000000000000000e+01,4.565140463133852577e+00,-9.142038892344668710e+00,3.302294078251279408e-01,7.282666340553322071e-01,-2.146285606679623481e-01,4.754653223952139407e-01,2.353595999999999933e+01,0.000000000000000000e+00,1.199999999999999956e+00,1.199999999999999956e+00
2.851999999999999957e+01,4.580374680897045359e+00,-9.141278406866405248e+00,3.397436587831823562e-01,7.354529909465112869e-01,-2.144054818427259534e-01,4.759511004508863441e-01,2.353595999999999933e+01,0.000000000000000000e+00,1.199999999999999956e+00,1.199999999999999956e+00
2.853999999999999915e+01,4.595733216520614839e+00,-9.140321315406643166e+00,3.492671101875352013e-01,7.424573159896853403e-01,-2.142349395281307745e-01,4.763856097942887335e-01,2.353595999999999933e+01,0.000000000000000000e+00,1.199999999999999956e+00,1.199999999999999956e+00
2.856000000000000227e+01,4.611210597733298222e+00,-9.139167302629576994e+00,3.587987518597887671e-01,7.492761174373120392e-01,-2.141158729569249686e-01,4.767704009784223818e-01,2.353595999999999933e+01,0.000000000000000000e+00,1.199999999999999956e+00,1.199999999999999956e+00
2.858000000000000185e+01,4.626801309687761155e+00,-9.137816184623611449e+00,3.683376064112193760e-01,7.559063622020711914e-01,-2.140472367210730920e-01,4.771071985591020526e-01,2.353595999999999933e+01,0.000000000000000000e+00,1.199999999999999956e+00,1.199999999999999956e+00
2.860000000000000142e+01,4.642499806528303630e+00,-9.136267907833659052e+00,3.778827324903479279e-01,7.623454809572678403e-01,-2.140280030041420145e-01,4.773978778016040314e-01,2.353595999999999933e+01,0.000000000000000000e+00,1.199999999999999956e+00,1.199999999999999956e+00
2.862000000000000099e+01,4.658300522907210528e+00,-9.134522547442630369e+00,3.874332275630052447e-01,7.685913697217473528e-01,-2.140571637211000633e-01,4.776444412745165513e-01,2.353595999999999933e+01,0.000000000000000000e+00,1.199999999999999956e+00,1.199999999999999956e+00
2.864000000000000057e+01,4.674197885367791017e+00,-9.132580305232806950e+00,3.969882302256331208e-01,7.746423879804106294e-01,-2.141337325511519230e-01,4.778489956272019556e-01,2.353595999999999933e+01,0.000000000000000000e+00,1.199999999999999956e+00,1.199999999999999956e+00
2.866000000000000014e+01,4.690186323515892930e+00,-9.130441506962471365e+00,4.065469220582808574e-01,7.804973534439436644e-01,-2.142567468510251927e-01,4.780137288257345074e-01,2.353595999999999933e+01,0.000000000000000000e+00,1.199999999999999956e+00,1.199999999999999956e+00
2.867999999999999972e+01,4.706260280906478854e+00,-9.128106599297209911e+00,4.161085290290067462e-01,7.861555335997501004e-01,-2.144252694380360258e-01,4.781408880968061603e-01,2.353595999999999933e+01,0.000000000000000000e+00,1.199999999999999956e+00,1.199999999999999956e+00
2.869999999999999929e+01,4.722414225577574953e+00,-9.125576146338534755e+00,4.256723224661050908e-01,7.916166342492731989e-01,-2.146383902342374472e-01,4.782327588007661556e-01,2.353595999999999933e+01,0.000000000000000000e+00,1.199999999999999956e+00,1.199999999999999956e+00
2.871999999999999886e+01,4.738642660170402365e+00,-9.122850825794921903e+00,4.352376196187004997e-01,7.968807852641044409e-01,-2.148952277649465170e-01,4.782916444245641219e-01,2.353595999999999933e+01,0.000000000000000000e+00,1.199999999999999956e+00,1.199999999999999956e+00
2.874000000000000199e+01,4.754940131581586904e+00,-9.119931424842009804e+00,4.448037838297529967e-01,8.019485238239273395e-01,-2.151949305069123797e-01,4.783198478537721288e-01,2.353595999999999933e+01,0.000000000000000000e+00,1.199999999999999956e+00,1.199999999999999956e+00
2.876000000000000156e+01,4.771301240100867425e+00,-9.116818835719579184e+00,4.543702243483802583e-01,8.068207754231012663e-01,-2.155366780832851936e-01,4.783196540508887762e-01,2.353595999999999933e+01,0.000000000000000000e+00,1.199999999999999956e+00,1.199999999999999956e+00
2.878000000000000114e+01,4.787720647995500123e+00,-9.113514051113060788e+00,4.639363958106312857e-01,8.114988329494408070e-01,-2.159196823043453006e-01,4.782933142355436096e-01,2.353595999999999933e+01,0.000000000000000000e+00,1.199999999999999956e+00,1.199999999999999956e+00
2.880000000000000071e+01,4.804193087510431504e+00,-9.110018159366724433e+00,4.735017974194498103e-01,8.159843341486121560e-01,-2.163431880546236030e-01,4.782430316316908514e-01,2.353595999999999933e+01,0.000000000000000000e+00,1.199999999999999956e+00,1.199999999999999956e+00
2.882000000000000028e+01,4.820713368261117182e+00,-9.106332339574516155e+00,4.830659718555757598e-01,8.202792377908382226e-01,-2.168064740285677028e-01,4.781709488179962664e-01,2.353595999999999933e+01,0.000000000000000000e+00,1.199999999999999956e+00,1.199999999999999956e+00
2.883999999999999986e+01,4.837276384003494911e+00,-9.102457856592685914e+00,4.926285039515857500e-01,8.243857988537641734e-01,-2.173088533182694626e-01,4.780791366908451190e-01,2.353595999999999933e+01,0.000000000000000000e+00,1.199999999999999956e+00,1.199999999999999956e+00
2.885999999999999943e+01,4.853877118772881971e+00,-9.098396056016129663e+00,5.021890191612147225e-01,8.283065430269617169e-01,-2.178496738579571435e-01,4.779695850251126088e-01,2.353595999999999933e+01,0.000000000000000000e+00,1.199999999999999956e+00,1.199999999999999956e+00
2.887999999999999901e+01,4.870510652390450446e+00,-9.094148359157630424e+00,5.117471818555834329e-01,8.320442408303589943e-01,-2.184283187309668528e-01,4.778441945962917381e-01,2.353595999999999933e+01,0.000000000000000000e+00,1.199999999999999956e+00,1.199999999999999956e+00
2.890000000000000213e+01,4.887172165342266617e+00,-9.089716258066234289e+00,5.213026934770370602e-01,8.356018816216141953e-01,-2.190442063457419264e-01,4.777047708089387501e-01,2.353595999999999933e+01,0.000000000000000000e+00,1.199999999999999956e+00,1.199999999999999956e+00
2.892000000000000171e+01,4.903856943041644989e+00,-9.085101310617719861e+00,5.308552905800385524e-01,8.389826477469054522e-01,-2.196967904880707534e-01,4.775530187607334720e-01,2.353595999999999933e+01,0.000000000000000000e+00,1.199999999999999956e+00,1.199999999999999956e+00
2.894000000000000128e+01,4.920560379490703795e+00,-9.080305135706726816e+00,5.404047427870124487e-01,8.421898890665667770e-01,-2.203855602572692418e-01,4.773905396587485028e-01,2.353595999999999933e+01,0.000000000000000000e+00,1.199999999999999956e+00,1.199999999999999956e+00
2.896000000000000085e+01,4.937277980361495011e+00,-9.075329408566624068e+00,5.499508506852666123e-01,8.452270980622291763e-01,-2.211100398943552647e-01,4.772188284946882741e-01,2.353595999999999933e+01,0.000000000000000000e+00,1.199999999999999956e+00,1.199999999999999956e+00
2.898000000000000043e+01,4.954005365520895765e+00,-9.070175856239657719e+00,5.594934436891761953e-01,8.480978857063455889e-01,-2.218697885104589651e-01,4.770392728787503644e-01,2.353595999999999933e+01,0.000000000000000000e+00,1.199999999999999956e+00,1.199999999999999956e+00
2.900000000000000000e+01,4.970738271026598376e+00,-9.064846253216497729e+00,5.690323778897597995e-01,8.508059582488403105e-01,-2.226643997237793826e-01,4.768531529271784475e-01,2.353595999999999933e+01,0.000000000000000000e+00,1.199999999999999956e+00,1.199999999999999956e+00
2.901999999999999957e+01,4.987472550624051593e+00,-9.059342417260873859e+00,5.785675339116502780e-01,8.533550950497128529e-01,-2.234935012133481003e-01,4.766616420962943024e-01,2.353595999999999933e+01,0.000000000000000000e+00,1.199999999999999956e+00,1.199999999999999956e+00
2.903999999999999915e+01,5.004204176776100077e+00,-9.053666205431801117e+00,5.880988147953155609e-01,8.557491275612442161e-01,-2.243567541977081192e-01,4.764658088555583371e-01,2.353595999999999933e+01,0.000000000000000000e+00,1.199999999999999956e+00,1.199999999999999956e+00
2.906000000000000227e+01,5.020929241258385467e+00,-9.047819510312804070e+00,5.976261439202457115e-01,8.579919195394134501e-01,-2.252538528463772227e-01,4.762666190937512867e-01,2.353595999999999933e+01,0.000000000000000000e+00,1.199999999999999956e+00,1.199999999999999956e+00
2.908000000000000185e+01,5.037643955354359271e+00,-9.041804256454700095e+00,6.071494629827354217e-01,8.600873485415655439e-01,-2.261845236316508134e-01,4.760649391554236387e-01,2.353595999999999933e+01,0.000000000000000000e+00,1.199999999999999956e+00,1.199999999999999956e+00
2.910000000000000142e+01,5.054344649684053614e+00,-9.035622397035888653e+00,6.166687300398718818e-01,8.620392887465325726e-01,-2.271485246279262293e-01,4.758615394090603412e-01,2.353595999999999933e+01,0.000000000000000000e+00,1.199999999999999956e+00,1.199999999999999956e+00
2.912000000000000099e+01,5.071027773700629737e+00,-9.029275910741668909e+00,6.261839176294220488e-01,8.638515951144649652e-01,-2.281456447653088526e-01,4.756570982537021708e-01,2.353595999999999933e+01,0.000000000000000000e+00,1.199999999999999956e+00,1.199999999999999956e+00
2.914000000000000057e+01,5.087689894888212550e+00,-9.022766798861987070e+00,6.356950109735047816e-01,8.655280888866919708e-01,-2.291757030438023868e-01,4.754522064768141876e-01,2.353595999999999933e+01,0.000000000000000000e+00,1.199999999999999956e+00,1.199999999999999956e+00
2.916000000000000014e+01,5.104327697693674892e+00,-9.016097082605099899e+00,6.452020062722548799e-01,8.670725444110356506e-01,-2.302385477139029246e-01,4.752473718827771587e-01,2.353595999999999933e+01,0.000000000000000000e+00,1.199999999999999956e+00,1.199999999999999956e+00
2.917999999999999972e+01,5.120937982223941809e+00,-9.009268800622981743e+00,6.547049090921441827e-01,8.684886772651482234e-01,-2.313340554289164963e-01,4.750430241183047353e-01,2.353595999999999933e+01,0.000000000000000000e+00,1.199999999999999956e+00,1.199999999999999956e+00
2.919999999999999929e+01,5.137517662739033319e+00,-9.002284006742906186e+00,6.642037328522185646e-01,8.697801336395741822e-01,-2.324621303738127198e-01,4.748395196281807173e-01,2.353595999999999933e+01,0.000000000000000000e+00,1.199999999999999956e+00,1.199999999999999956e+00
2.921999999999999886e+01,5.154063765969570277e+00,-8.995144767898407778e+00,6.736984974102520063e-01,8.709504809332656583e-01,-2.336227033749188609e-01,4.746371466818211093e-01,2.353595999999999933e+01,0.000000000000000000e+00,1.199999999999999956e+00,1.199999999999999956e+00
2.924000000000000199e+01,5.170573429285813205e+00,-8.987853162251882466e+00,6.831892277496965926e-01,8.720031995070937070e-01,-2.348157309942565940e-01,4.744361304181667349e-01,2.353595999999999933e+01,0.000000000000000000e+00,1.199999999999999956e+00,1.199999999999999956e+00
2.926000000000000156e+01,5.187043898743560533e+00,-8.980411277500298439e+00,6.926759527673278516e-01,8.729416755353617274e-01,-2.360411946118315951e-01,4.742366378631972523e-01,2.353595999999999933e+01,0.000000000000000000e+00,1.199999999999999956e+00,1.199999999999999956e+00
2.928000000000000114e+01,5.203472527030450934e+00,-8.972821209354876260e+00,7.021587041606344171e-01,8.737691948912938988e-01,-2.372990994987092539e-01,4.740387828808491077e-01,2.353595999999999933e+01,0.000000000000000000e+00,1.199999999999999956e+00,1.199999999999999956e+00
2.930000000000000071e+01,5.219856771334365320e+00,-8.965085060185211674e+00,7.116375154132793535e-01,8.744889379997899947e-01,-2.385894738832519124e-01,4.738426310242478401e-01,2.353595999999999933e+01,0.000000000000000000e+00,1.199999999999999956e+00,1.199999999999999956e+00
2.932000000000000028e+01,5.236194191153808575e+00,-8.957204937817996537e+00,7.211124208763572963e-01,8.751039755892483507e-01,-2.399123680124550240e-01,4.736482042598866848e-01,2.353595999999999933e+01,0.000000000000000000e+00,1.199999999999999956e+00,1.199999999999999956e+00
2.933999999999999986e+01,5.252482446068340138e+00,-8.949182954480388474e+00,7.305834549426760693e-01,8.756172652738146711e-01,-2.412678532099056528e-01,4.734554855426659215e-01,2.353595999999999933e+01,0.000000000000000000e+00,1.199999999999999956e+00,1.199999999999999956e+00
2.935999999999999943e+01,5.268719293485348842e+00,-8.941021225878026613e+00,7.400506513109003093e-01,8.760316488978577842e-01,-2.426560209314967131e-01,4.732644232245312166e-01,2.353595999999999933e+01,0.000000000000000000e+00,1.199999999999999956e+00,1.199999999999999956e+00
2.937999999999999901e+01,5.284902586377761224e+00,-8.932721870397790198e+00,7.495140423360929782e-01,8.763498505756723844e-01,-2.440769818196651675e-01,4.730749352838102828e-01,2.353595999999999933e+01,0.000000000000000000e+00,1.199999999999999956e+00,1.199999999999999956e+00
2.940000000000000213e+01,5.301030271025623186e+00,-8.924287008425551448e+00,7.589736584629728222e-01,8.765744753612252360e-01,-2.455308647565842273e-01,4.728869133662446100e-01,2.353595999999999933e+01,0.000000000000000000e+00,1.199999999999999956e+00,1.199999999999999956e+00
2.942000000000000171e+01,5.317100384772937893e+00,-8.915718761769419132e+00,7.684295277380601696e-01,8.767080084850791266e-01,-2.470178159164250487e-01,4.727002266321587709e-01,2.353595999999999933e+01,0.000000000000000000e+00,1.199999999999999956e+00,1.199999999999999956e+00
2.944000000000000128e+01,5.333111053809646229e+00,-8.907019253179266016e+00,7.778816753968044173e-01,8.767528150983341373e-01,-2.485379978165165871e-01,4.725147254072197267e-01,2.353595999999999933e+01,0.000000000000000000e+00,1.199999999999999956e+00,1.199999999999999956e+00
2.946000000000000085e+01,5.349060490987262106e+00,-8.898190605953683274e+00,7.873301235217606830e-01,8.767111404664242880e-01,-2.500915883669686535e-01,4.723302446368321528e-01,2.353595999999999933e+01,0.000000000000000000e+00,1.199999999999999956e+00,1.199999999999999956e+00
2.948000000000000043e+01,5.364946993675363096e+00,-8.889234943625885066e+00,7.967748907679079728e-01,8.765851105588111647e-01,-2.516787799180850715e-01,4.721466071464178182e-01,2.353595999999999933e+01,0.000000000000000000e+00,1.199999999999999956e+00,1.199999999999999956e+00
2.950000000000000000e+01,5.380768941664931582e+00,-8.880154389720528840e+00,8.062159921512648264e-01,8.763767329839472486e-01,-2.532997783046780915e-01,4.719636267116627537e-01,2.353595999999999933e+01,0.000000000000000000e+00,1.199999999999999956e+00,1.199999999999999956e+00
2.951999999999999957e+01,5.396524795123434970e+00,-8.870951067573809468e+00,8.156534388970545502e-01,8.760878982222815026e-01,-2.549548018862035081e-01,4.717811109443141859e-01,2.353595999999999933e+01,0.000000000000000000e+00,1.199999999999999956e+00,1.199999999999999956e+00
2.953999999999999915e+01,5.412213092605499654e+00,-8.861627100209691577e+00,8.250872383437976021e-01,8.757203811134866012e-01,-2.566440805814639847e-01,4.715988640002955479e-01,2.353595999999999933e+01,0.000000000000000000e+00,1.199999999999999956e+00,1.199999999999999956e+00
2.956000000000000227e+01,5.427832449122116820e+00,-8.852184610265553033e+00,8.345173938998530216e-01,8.752758425574584944e-01,-2.583678548964782329e-01,4.714166891178118157e-01,2.353595999999999933e+01,0.000000000000000000e+00,1.199999999999999956e+00,1.199999999999999956e+00
2.958000000000000185e+01,5.443381554270449563e+00,-8.842625719961011654e+00,8.439439050490903371e-01,8.747558313919426842e-01,-2.601263749439820527e-01,4.712343909937659614e-01,2.353595999999999933e+01,0.000000000000000000e+00,1.199999999999999956e+00,1.199999999999999956e+00
2.960000000000000142e+01,5.458859170425557572e+00,-8.832952551104144234e+00,8.533667674025460226e-01,8.741617864128354842e-01,-2.619198994529154945e-01,4.710517780072261407e-01,2.353595999999999933e+01,0.000000000000000000e+00,1.199999999999999956e+00,1.199999999999999956e+00
2.962000000000000099e+01,5.474264130994670907e+00,-8.823167225129768809e+00,8.627859727930938805e-01,8.734950385062834055e-01,-2.637486947661536463e-01,4.708686642988961779e-01,2.353595999999999933e+01,0.000000000000000000e+00,1.199999999999999956e+00,1.199999999999999956e+00
2.964000000000000057e+01,5.489595338734015506e+00,-8.813271863164898079e+00,8.722015094103401367e-01,8.727568128646352452e-01,-2.656130338246614486e-01,4.706848717155762141e-01,2.353595999999999933e+01,0.000000000000000000e+00,1.199999999999999956e+00,1.199999999999999956e+00
2.966000000000000014e+01,5.504851764127655755e+00,-8.803268586116926642e+00,8.816133619731312265e-01,8.719482312610749020e-01,-2.675131951361881533e-01,4.705002316284727093e-01,2.353595999999999933e+01,0.000000000000000000e+00,1.199999999999999956e+00,1.199999999999999956e+00
2.967999999999999972e+01,5.520032443827339819e+00,-8.793159514780494845e+00,8.910215119372386638e-01,8.710703143603824028e-01,-2.694494617265679737e-01,4.703145866339514813e-01,2.353595999999999933e+01,0.000000000000000000e+00,1.199999999999999956e+00,1.199999999999999956e+00
2.969999999999999929e+01,5.535136479151907096e+00,-8.782946769959421474e+00,9.004259377359518091e-01,8.701239840457152264e-01,-2.714221200716597227e-01,4.701277921449420472e-01,2.353595999999999933e+01,0.000000000000000000e+00,1.199999999999999956e+00,1.199999999999999956e+00
2.971999999999999886e+01,5.550163034644448601e+00,-8.772632472600450981e+00,9.098266150514701112e-01,8.691100657435911758e-01,-2.734314590079328644e-01,4.699397178807107611e-01,2.353595999999999933e+01,0.000000000000000000e+00,1.199999999999999956e+00,1.199999999999999956e+00
2.974000000000000199e+01,5.565111336685101051e+00,-8.762218743935953569e+00,9.192235171151343920e-01,8.680292907313689188e-01,-2.754777686196996367e-01,4.697502492621437042e-01,2.353595999999999933e+01,0.000000000000000000e+00,1.199999999999999956e+00,1.199999999999999956e+00
2.976000000000000156e+01,5.579980672157089039e+00,-8.751707705633066325e+00,9.286166150346736314e-01,8.668822984134868515e-01,-2.775613391009907893e-01,4.695592887190278009e-01,2.353595999999999933e+01,0.000000000000000000e+00,1.199999999999999956e+00,1.199999999999999956e+00
2.978000000000000114e+01,5.594770387163389813e+00,-8.741101479947110064e+00,9.380058781467659479e-01,8.656696385545245009e-01,-2.796824595900851418e-01,4.693667569151063201e-01,2.353595999999999933e+01,0.000000000000000000e+00,1.199999999999999956e+00,1.199999999999999956e+00
2.980000000000000071e+01,5.609479885791235354e+00,-8.730402189877423780e+00,9.473912743933211589e-01,8.643917734588113522e-01,-2.818414169747227582e-01,4.691725938959221409e-01,2.353595999999999933e+01,0.000000000000000000e+00,1.199999999999999956e+00,1.199999999999999956e+00
2.982000000000000028e+01,5.624108628921492326e+00,-8.719611959324083728e+00,9.567727707199834564e-01,8.630490800878299895e-01,-2.840384946660610144e-01,4.689767601636606331e-01,2.353595999999999933e+01,0.000000000000000000e+00,1.199999999999999956e+00,1.199999999999999956e+00
2.983999999999999986e+01,5.638656133079857469e+00,-8.708732913244247698e+00,9.661503334954298916e-01,8.616418521080513315e-01,-2.862739713394710783e-01,4.687792376823726737e-01,2.353595999999999933e+01,0.000000000000000000e+00,1.199999999999999956e+00,1.199999999999999956e+00
2.985999999999999943e+01,5.653121969326723395e+00,-8.697767177807154582e+00,9.755239289500990951e-01,8.601703018631123854e-01,-2.885481196403166804e-01,4.685800308161067185e-01,2.353595999999999933e+01,0.000000000000000000e+00,1.199999999999999956e+00,1.199999999999999956e+00
2.987999999999999901e+01,5.667505762182501350e+00,-8.686716880547059816e+00,9.848935236330259579e-01,8.586345622654097953e-01,-2.908612048529096161e-01,4.683791672016143215e-01,2.353595999999999933e+01,0.000000000000000000e+00,1.199999999999999956e+00,1.199999999999999956e+00
2.990000000000000213e+01,5.681807188585163537e+00,-8.675584150513619974e+00,9.942590848854838681e-01,8.570346886032430556e-01,-2.932134835308934373e-01,4.681766985564252415e-01,2.353595999999999933e+01,0.000000000000000000e+00,1.199999999999999956e+00,1.199999999999999956e+00
2.992000000000000171e+01,5.696025976876758712e+00,-8.664371118419499140e+00,1.003620581330141981e+00,8.553706602606154785e-01,-2.956052020873700115e-01,4.679727014222222481e-01,2.353595999999999933e+01,0.000000000000000000e+00,1.199999999999999956e+00,1.199999999999999956e+00
2.994000000000000128e+01,5.710161905815658301e+00,-8.653079916785150871e+00,1.012977983374436119e+00,8.536423823476937400e-01,-2.980365953431507453e-01,4.677672778425899236e-01,2.353595999999999933e+01,0.000000000000000000e+00,1.199999999999999956e+00,1.199999999999999956e+00
2.996000000000000085e+01,5.724214803611330282e+00,-8.641712680080949838e+00,1.022331263726824035e+00,8.518496872407482767e-01,-3.005078850315842098e-01,4.675605559733742034e-01,2.353595999999999933e+01,0.000000000000000000e+00,1.199999999999999956e+00,1.199999999999999956e+00
2.998000000000000043e+01,5.738184546978489564e+00,-8.630271544867039069e+00,1.031680397924553683e+00,8.499923360311633092e-01,-3.030192782584845146e-01,4.673526906230754951e-01,2.353595999999999933e+01,0.000000000000000000e+00,1.199999999999999956e+00,1.199999999999999956e+00
3.000000000000000000e+01,5.752071060207521569e+00,-8.618758649931407945e+00,1.041025364871511982e+00,8.480700198838158066e-01,-3.055709659157591629e-01,4.671438637199167299e-01,2.353595999999999933e+01,0.000000000000000000e+00,1.199999999999999956e+00,1.199999999999999956e+00
